country,operator_or_brand,sites_in_osm,sample_website
ES,Comunidad de Madrid,713,https://www.educa.madrid.org/cp.daoizyvelarde.alcala
DE,Arbeiterwohlfahrt,354,http://sonnenschein.awo-bamberg.de/
DE,Deutsches Rotes Kreuz,334,https://www.drk-parchim.de/drk-kita-neddelrad-spatzen-banzkow.html
DE,AWO,317,https://www.awo-ludwigslust.de/kinder-und-jugendliche/kindertagesstaetten/kindertagesstaette-haus-der-kleinen-freunde-warsow/
NO,Oslo kommune,312,https://oslo.kommune.no/barnehage/finn-barnehage-i-oslo/bydel-ullern/casinetto-barnehage/
BG,Столична община,286,http://www.bukata.info/
GB,Hertfordshire County Council,210,https://www.brooklandinfants.herts.sch.uk/
ES,Junta de Andalucía,194,https://ceiptiernogalvan.blogspot.com/
DE,Johanniter-Unfall-Hilfe e.V.,190,https://www.johanniter.de/juh/lv-bayern/rv-mittelfranken/unsere-standorte-einrichtungen-in-mittelfranken/detailseite/kinderkrippe-schatzkiste-1401/
GB,Hampshire County Council,157,https://www.petersgateinfantschool.co.uk/
GB,Lancashire County Council,157,https://www.westgatesch.com/
NL,Partou,149,https://partou.nl/kinderopvang/zeewolde/kinderdagverblijf-jade-43/
SE,Göteborgs Stad,140,https://goteborg.se/wps/portal/enhetssida/stortoppsgatan-2-forskola
ES,Gobierno de Cantabria,140,http://portaleducativo.educantabria.es/web/ceip-valdeolea
EE,Tallinna Haridusamet,126,https://www.tallinn.ee/murakaru
ES,Generalitat Valenciana,123,https://portal.edu.gva.es/03021971/
PL,Gmina Wrocław,111,http://www.zsp4.wroclaw.pl
FR,Les Petits Chaperons Rouges,108,https://www.lpcr.fr/creches/vezin-le-coquet/477/
NO,Trondheim kommune,104,https://trondheim.kommune.no/org/oppvekst/barnehager/saupstadringen-bhgr/
ES,Gobierno de Canarias,103,https://www3.gobiernodecanarias.org/medusa/edublog/ceiptigaday/
FR,Babilou,98,https://www.babilou.fr/provence-alpes-cote-d-azur/06/123-creche-babilou-les-petits-potiers.html
DE,Landeshauptstadt München,98,https://kitafinder.muenchen.de/elternportal/de/einrichtungen/liste/5850/details?p=5&stadtteil=Au-Haidhausen
GB,Durham County Council,97,https://www.durhamdalespartnership.co.uk/page/?title=Wearhead&pid=33
GB,Derbyshire County Council,97,https://www.newtownprimary.org.uk/
GB,Busy Bees,96,https://www.busybeeschildcare.co.uk/nursery/droitwich
NO,Bergen kommune,95,https://bergen.kommune.no/omkommunen/avdelinger/ratun-barnehage
DE,Elbkinder Vereinigung Hamburger Kitas gGmbH,94,https://www.elbkinder-kitas.de/de/kita_finder/kita/315
FI,Helsingin kaupunki,94,https://www.hel.fi/fi/kasvatus-ja-koulutus/paivakoti-nalli
DE,FABIDO,94,https://www.dortmund.de/de/leben_in_dortmund/familie_und_soziales/fabido/uebersicht_tek/innenstadt_nord_tek/haydnstrasse.html
DE,DRK,90,http://www.drk-sn.de/angebote/kinder-jugend-und-familie/kita/kita-villa-traumland.html
GB,Nottinghamshire County Council,87,https://carrhill.notts.sch.uk/
SE,Helsingborgs stads skolor,87,https://www.helsingborg.se/ringstorpsforskola
GB,Birmingham City Council,86,https://www.kitwellschool.com/
SE,Linköpings kommun,84,https://www.linkoping.se/Skola-barnomsorg/Grundskolor/Kommunala-grundskolor/Ulrika-skola/
DE,FRÖBEL Bildung und Erziehung,80,https://im-reiherstiegviertel.froebel.info/
DE,Kita Frankfurt,80,https://kitafrankfurt.de/einrichtungen/kinderzentrum-falkstrasse/
DE,Katholische Kirche,79,http://www.kita-sonnenblume-Hamburg.de
GB,Kent County Council,79,https://www.downsview-primary.kent.sch.uk/
GB,Essex County Council,78,https://www.tanglewoodnurseryschool.co.uk/
DE,"Jugendamt Landeshauptstadt Düsseldorf, Willi-Becker-Allee 7, 40227 Düsseldorf",78,https://www.duesseldorf.de/cgi-bin/kitas/kitas2006.pl?detail=1&id=altdorfer&name=Altdorferstra%DFe&traeger=st%E4dtisch
FR,Mairie de Paris,78,https://www.paris.fr/lieux/creche-municipale-philippe-de-girard-3483
NO,Stavanger kommune,78,https://minbarnehage.no/rennesoy
GB,Bright Horizons,77,https://www.brighthorizons.co.uk/our-nurseries/chiswick-park-day-nursery-and-preschool
ES,Junta de Castilla y León,77,http://ceipvillaresdelareina.centros.educa.jcyl.es/
DE,Caritas,74,http://www.kiga-denkhof.de/
GB,North Yorkshire Council,72,http://www.northduffield.n-yorks.sch.uk/
FI,Espoon kaupunki,72,https://www.espoo.fi/fi-FI/Paivahoito_ja_koulutus/Paivahoito/Paivakodit/Kunnalliset_paivakodit/Espoon_keskus/HosmariTuomarilan_alue
GB,Cambridgeshire County Council,71,https://huntingdonnpfed.cambs.sch.uk/
NO,Stiftelsen Kanvas,70,https://kladden.kanvas.no
GB,West Sussex County Council,70,https://www.parklands.w-sussex.sch.uk/
GB,Leeds City Council,69,https://www.westgateprimary.co.uk/
SE,Örebro kommun,68,http://www.orebro.se/936.html
PL,Gmina Lublin,68,https://p32.lublin.eu/
GB,Lincolnshire County Council,67,https://www.lincolnstchristophers.com/
DE,Evangelisch-lutherischer Kirchenkreis Hannover,66,http://www.kinderoase-linden.de/kontakt.php
SE,Sundsvalls kommun,63,https://sundsvall.se/utbildning-och-forskola/forskola-och-pedagogisk-omsorg/alla-forskolor--kommunala/omrade-haga---bosvedjan/haga-forskola
DE,Evangelische Kirche,63,https://archenoah-bindlach.e-kita.de/
NL,Kindergarden,62,https://www.kindergarden.nl/vestigingen/utrecht/maliebaan/kdv
GB,East Riding of Yorkshire Council,62,https://www.hornseanursery.co.uk/
DE,Kindergärten NordOst,61,https://www.kigaeno.de/kindergaerten/sonnenkaefer/
GB,REAch2 Academy Trust,60,https://www.veritasprimaryacademy.com/
FR,Association,59,https://grainesdebisounour.wixsite.com/website
GB,Gloucestershire County Council,59,https://www.twyningschool.co.uk/
GB,Buckinghamshire Council,59,https://www.chartridge.bucks.sch.uk/
PL,Gmina Miasto Rzeszów,58,https://zsunicef.pl/
GB,Warwickshire County Council,58,https://www.boughtonleigh.co.uk
DE,Stadt Aachen,57,https://www.kitas.aachen.de/Aachen/Staedt-Tageseinrichtung-fuer-Kinder-Johanniterstrasse-Familienzentrum
IT,Comune di Milano,57,https://www.comune.milano.it/aree-tematiche/scuola/scuoleinfanzia/scuola-infanzia-via-bergognone-6
GB,Norfolk County Council,56,https://c2cfed.org/infant-nursery/
DE,Evangelischer Kirchenkreis Dortmund,56,https://familienzentrum-nordlicht.ekvw.de/
DE,Kindergärten City,56,https://www.kindergaertencity.de/cuvrystr-26-a-oppelner-str-21
GB,Northumberland County Council,55,https://www.selefirst.org/
DE,Bayerisches Rotes Kreuz,54,https://www.kvsuedfranken.brk.de/angebote/kinder-jugend-und-familie/pleinfeld-waldlaeufer.html
DE,Stadt Köln,53,http://www.nachtigall-koeln.de/die-haeuser.html
UA,Черкаська міська рада,52,https://dnz1che.at.ua/
GB,St Gabriel The Archangel Catholic Multi-Academy Trust,52,https://www.ssmaryandjohns.co.uk/
DE,Kindertagesstätten Nordwest,51,https://kita-nordwest.de/einrichtung_allgemein.php?id=13
GB,London Borough of Ealing,50,https://mapleschildrenscentre.com/
GB,Cumberland Council,50,https://www.pennineway.cumbria.sch.uk
DE,Landeshauptstadt Hannover,50,https://kinderbetreuung-hannover.de/webkita/details/einrichtung/238
NL,Atalenta,50,https://www.atalenta.nl/aalsterbos/
DE,Kath. Kindertageseinrichtungen Östliches Ruhrgebiet gGmbH,50,https://www.familienzentrum-brackel.de/index.php/kita-st-nikolaus-von-fluee/
PL,Mokotów,49,http://p138.edupage.org
NO,Bærum kommune,49,https://baerum.kommune.no/tjenester/barnehage/alle-barnehager/lommedalen-barnehage/
GB,Devon County Council,48,https://www.stokehill.devon.sch.uk
GB,Salford City Council,48,https://moorsideprimary.net/
DE,Diakonie,47,https://www.diakonie-wmsn.de/gross-werden/kiga-sprachheilkindergarten
CH,Stadt Bern,47,https://www.bern.ch/themen/kinder-jugendliche-und-familie/kinderbetreuung/kitas-stadt-bern/angebot/unsere-kitas/kita-alteberg
NO,Nordre Follo kommune,46,https://nordrefollo.kommune.no
FI,Vantaan kaupunki,46,https://www.vantaa.fi/fi/palveluhakemisto/toimipiste/satomaen-paivakoti#tab-introduction
NL,INNOVO,45,https://www.sbo-bernardus.nl
HU,Szeged Megyei Jogú Város Önkormányzata Óvodák Igazgatósága,45,https://ovi.szegedvaros.hu/szegedi-ovi-hetvezer-utcai-ovodaja/
NL,Almeerse Scholen Groep,44,https://ontdekking.asg.nl
GB,Oxfordshire County Council,44,https://www.john-hampden.oxon.sch.uk/
GB,Gateshead Metropolitan Borough Council,44,https://www.chopwellprimary.org/
GB,Cheshire West and Chester Council,44,https://www.newtonprimary.cheshire.sch.uk/cheshire/primary/newtonforward
CH,Stadt Winterthur,44,https://www.schule-wuelflingerstrasse.ch/angebote/betreuung/p-62/
DE,Arbeiterwohlfahrt Region Hannover e.V.,44,https://www.awo-hannover.de/unsere-angebote/kinder-familien/kindertagesstaetten-kinderbetreuung/hort/kindertagesstaette-schweriner-strasse/kindertagesstaette-dunantstrasse-6-2-5-11/
SE,Karlskrona kommun,44,
DE,Volkssolidarität,43,https://volkssoli-bautzen.de/kinder-%20und%20jugendarbeit/kindertagesst%C3%A4tten/kita%20polenz/index.html
FR,Youbee For Kids,43,https://www.youbeeforkids.com/micro-creches-youbeeforkids/region-sud/micro-creche-emile-zola-marseille-sainte-marguerite-mazargues/
DE,Katholische KiTa gGmbH Trier,43,https://www.hontheim.de/93/gemeinde/kindertagesstaette
GB,Liverpool City Council,43,https://listerinfants.org.uk/
DE,Kindertagesbetreuung Kreismäuse AöR,42,https://www.kreis-dueren.de/microsite/kreismaeuse/kitas/familienzentrum-kreismaeuse-marienstrasse-dueren.php
GB,Coventry City Council,42,https://hillfieldscoventry.co.uk/
DE,pro futura,41,https://www.pro-futura-aachen.de/unsere-kitas/kita/st-fronleichnam
GB,The Bath and Wells Diocesan Academies Trust,40,https://www.martockschool.co.uk/
TR,Milli Eğitim Bakanlığı,40,https://kvhgbanaokulu.meb.k12.tr
GB,Sandwell Metropolitan Borough Council,40,https://www.lyng.sandwell.sch.uk/
GB,United Learning Trust,39,https://www.corngreavesacademy.org.uk/
NL,Elevantio,39,https://www.hetmozaieksluiskil.nl
GB,Stockport Metropolitan Borough Council,39,https://www.bankslaneinfants.org.uk/
GB,West Northamptonshire Council,39,https://www.greatworthschool.co.uk
NL,SKPO,39,https://bspaleteindhoven.nl
GB,Somerset Council,38,https://beechgroveprimaryschool.org.uk/
GB,Staffordshire County Council,38,https://www.stleonardsstafford.co.uk
GB,London Borough of Hounslow,38,https://www.groveroadprimary.co.uk/
DE,Eigenbetrieb Kindertagesstätten der Stadt Halle (Saale),38,https://kita-halle.de/einrichtungen/kindertagesstaette-sonnenschein
NL,Movare,37,https://www.bsregenboog.nl
ES,"Conselleria d'Educació i Formació Professional, Govern de les Illes Balears",37,https://redols.caib.es/c07005295/
DE,Lebenshilfe,37,https://www.lebenshilfe-ansbach.de/
FI,Tampereen kaupunki,37,https://www.tampere.fi/varhaiskasvatus-ja-esiopetus/varhaiskasvatus/paivakodit/helapuiston-paivakoti
GB,London Borough of Tower Hamlets,37,https://www.harbinger.org.uk
GB,London Borough of Lewisham,37,https://deptfordpark.lewisham.sch.uk/
GB,Delta Academies Trust,37,https://www.theparkshull.org.uk/
PL,Praga-Południe,37,http://www.przedszkole249.pl
DE,KiTa Bremen,37,https://www.kita.bremen.de/detail.php?gsid=bremen181.c.2189.de
GB,City of Bradford Metropolitan District Council,37,https://www.canterburynurseryschool.co.uk/
SE,Stockholms kommun,37,https://forskola.stockholm/hitta-forskola/forskola/bromma-sprakforskola
NL,De Haagse Scholen,37,https://www.obspca.nl
PL,Śródmieście,36,https://p72.przedszkola.net.pl
GB,Bishop Wilkinson Catholic Education Trust,36,https://stmaryshexham.bwcet.com/
GB,Manchester City Council,36,https://www.plymouthgrove.net/
GB,Kirklees Metropolitan Borough Council,36,https://www.westmoorprimaryschool.co.uk/
DE,Stadt Bonn,36,https://kita-planer.kdo.de/bonn-elternportal/elternportal/de/einrichtungen/liste/ergebnisse/201/details
NO,Tromsø kommune,36,https://ullsfjordskolen.tromsoskolen.no
GB,Aspire Academy Trust,35,https://www.warbstow.org.uk
DE,profinos gGmbH,35,https://profinos.de/st-ursula-monschau
GB,Central Bedfordshire Council,35,https://www.greenleas.net
DK,Kolding Kommune,35,https://ditrekloeveren.aula.dk
RS,Наша радост,35,https://www.nasaradost.edu.rs/objekat/sumica/
NL,Lowys Porquinstichting,35,https://www.lps-dinteloord.nl
DE,Evangelischer Kirchenkreisverband für Kindertageseinrichtungen Berlin Mitte-Nord,35,https://www.kapernaum-berlin.de/kinderhaus-seestrae/index.html
DE,Stadt Paderborn,35,https://paderborn.kita-navigator.org/detail/stadt-kita-kempers-hof-bauernhaus
DE,BVZ,35,https://www.bvz-frankfurt.info/Kinder-Einrichtungen/Krabbelstube-Robert-Mayer-Strasse/
GB,Oasis Community Learning,34,https://www.oasisacademywarndon.org/
GB,London Borough of Hackney,34,https://www.lauriston.hackney.sch.uk/
GB,Oxford Diocesan Schools Trust,34,https://www.st-lukesprimary.com/
NO,Drammen kommune,34,https://drammen.kommune.no
GB,Bishop Bewick Catholic Education Trust,34,https://www.olsa.org.uk/
NO,Kristiansand kommune,34,https://minbarnehage.no/sjostjerna
GB,Wirral Metropolitan Borough Council,34,https://www.heygarth.wirral.sch.uk/
NO,Asker kommune,34,https://asker.kommune.no/barnehage/barnehagene/hyggen-barnehage/
DE,Stadt Duisburg,34,https://duisburg.de/wohnenleben/kindergaerten/rubenstr.php
NL,Optimus,34,https://www.debakelgeert.nl
NL,Laurentius Stichting,34,https://www.gabrielschool.nl
NL,BOOR,34,https://www.depiloot.nl/vestigingen/locatie-de-vlinder/
DE,Universitätsstadt Tübingen,34,https://www.tuebingen.de/158/1038/1043/2372/2373kita204.html
GB,The Harbour Schools Partnership,33,https://www.willowbrook.devon.sch.uk/
GB,Lift Schools,33,https://www.liftbartonhill.org/
NL,CompaNanny,33,https://www.compananny.com
FI,Pilke päiväkodit Oy,33,https://www.pilkepaivakodit.fi/paivakodit/tampere/pilke-tiedepaivakoti-hokaus/
PL,Zespół Żłobków Miasta Stołecznego Warszawy,33,https://zlobki.waw.pl/
GB,Westmorland and Furness Council,33,https://www.alstonmoorfederation.org.uk/schools/alston-primary-school
GB,Suffolk County Council,33,https://stratfordstmaryprimary.co.uk/
GB,The Diocese of Norwich Education and Academies Trust,33,https://www.peterhouse.dneat.org/
NL,Fantaziehuis,32,https://topkids.nl/locaties/kinderdagverblijf-bunnik/
DE,Städteregion Aachen,32,https://www.staedteregion-aachen.de/de/navigation/aemter/amt-fuer-kinder-jugend-und-familie-a-51/kindertagesbetreuung/angebote-in-baesweiler/kindertageseinrichtung-trauminsel-1
DE,pro multis gGmbH,32,https://pro-multis.de/kita-st-theresia.html
BG,Община Бургас,32,http://www.slavei4e-burgas.com
AT,Stadt Wien,32,https://www.wien.gv.at/bildung/inzersdorfer-strasse-111-kindergarten
GB,The Enquire Learning Trust,32,https://www.buckinghamprimaryacademy.net/
GB,London Borough of Redbridge,32,https://www.coppice.redbridge.sch.uk/
GB,Bolton Metropolitan Borough Council,32,https://www.blackrodprimary.co.uk/
DE,Stadt Rüsselsheim am Main,32,https://kultur123ruesselsheim.de/vhs/WILKOMMEN-BEI-DER-VHS-RSSELSHEIM-K601.htm
GB,Nottingham City Council,32,https://www.robinhoodprimary.co.uk/
FR,Crèche People & Baby,31,https://www.people-and-baby.com/creche/jeux-de-mots/992311
SE,Borås kommun,31,https://www.boras.se/utbildningochforskola/forskolaochpedagogiskomsorg/forskolor/forskolor/bjornflokansforskola.4.7ac643e41808a5b1e8ec33b.html
GB,London Borough of Haringey,31,https://www.risleyavenueprimary.org.uk/
GB,Nicholas Postgate Catholic Academy Trust,31,https://www.redcar-cleveland.gov.uk/stps/
GB,Peterborough Diocese Education Trust,31,https://www.blakesleyprimary.org.uk
GB,Leicester City Council,31,https://www.avenue.leicester.sch.uk/
DE,Evangelischer Kirchenkreis Hamm,31,https://www.familienzentrum-alterbahnhof.de/
DE,Johanniter,30,https://www.johanniter.de/juh/lv-nord/rv-mecklenburg-vorpommern-west/unsere-standorte-einrichtungen-in-mecklenburg-vorpommern-west/einrichtung-detailseite/johanniter-kita-zwergenparadies-leezen-1649/
DE,ASB,30,https://www.asb-sn-pch.de/ASB-Schwerin-Parchim/unsere-angebote/kindertagesstaetten/kita-zwergenhaus
NL,Prisma,30,https://windwijzer-almere.nl
FR,Ville de Marseille,30,
GB,The Elliot Foundation Academies Trust,30,https://www.netherbrook.dudley.sch.uk/
GB,The Kemnal Academies Trust,30,https://www.frontlawn-kemnal.org/
GB,London Borough of Merton,30,https://www.gorringepark.co.uk
GB,London Borough of Lambeth,30,https://www.allenedwards.co.uk/
GB,London Borough of Newham,30,https://www.carpenters.newham.sch.uk/
GB,Bishop Hogarth Catholic Education Trust,30,https://stteresashartlepool.bhcet.org.uk/
GB,Emmaus Catholic Academy Trust,30,https://stkentigernsrcps.co.uk/
GB,Chester Diocesan Academies Trust,30,https://www.stmatthewsceprimary.com/
SE,Norrköpings kommun,30,https://www.norrkoping.se/skola-och-forskola/forskola-och-annan-barnomsorg/kommunala-forskolor/skolor/kastanjegarden
DE,Stadt Leipzig - Amt für Jugend und Familie,30,https://www.leipzig.de/leben-in-leipzig/kinder-und-familie/kinderbetreuung/kindertagesstaetten/detail/projekt/integrative-kindertageseinrichtung-seipelweg-16b
DE,Kindertagesstätten SüdOst,30,https://www.kindertagesstaetten-suedost.de/kontakt.html
NL,SKO,29,https://www.lispeltuut.nl
GR,Δήμος Κοζάνης,29,https://blogs.sch.gr/22nipkozan/
GB,Surrey County Council,29,https://www.greville.surrey.sch.uk/
GB,GLF Schools,29,https://www.cuddingtoncroft.org/
GB,Our Lady of Lourdes Catholic Multi-Academy Trust,29,https://www.stbernadettesacademy.co.uk/
GB,Flying High Trust,29,https://www.newarkfha.co.uk/
SE,Malmö stad,29,https://malmo.se/Bo-och-leva/Utbildning-och-forskola/Forskola/Forskolor-A-O/Forskolor/L/Lillsjons-forskola.html
DE,Stadt Bielefeld,29,https://www.bielefeld.de/node/7560
SE,Kalmar kommun,29,https://kalmar.se/utbildning-och-barnomsorg/forskola/vara-forskolor-i-kalmar-kommun/forskolan-lindo/information-till-dig-som-har-barn-pa-forskolan-lindo.html
GB,Sheffield City Council,29,https://www.woolleywood.sheffield.sch.uk/
DE,Volkssolidarität Leipziger Land/Muldental e.V.,29,http://belgershain.de/cms/front_content.php?idart=137
NO,Sandnes kommune,29,https://sandnes.kommune.no/barnehager/sandved/
PL,gmina,28,http://www.przedszkole161.prv.pl
GB,Plymouth CAST,28,https://www.st-marysrc.devon.sch.uk/
DE,Internationaler Bund,28,https://www.internationaler-bund.de/angebote/angebot/147/108/8410/
FR,La Maison Bleue,28,https://www.la-maison-bleue.fr/creches/bouches-du-rhone/marseille/micro-creche-montessori-lazer-hgdyl/
DE,Arbeiter-Samariter-Bund,28,https://www.asb-ab.de/index.php/unsere-leistungen/kindertagesbetreuung/altstadtkindertagesstaette
GB,Truro & Penwith Academy Trust,28,https://www.hillfort.org.uk/
GB,East Sussex County Council,28,https://www.wivelsfieldschool.org/
GB,London Borough of Barnet,28,https://www.gardensuburbinfant.co.uk/
GB,Ark,28,https://www.arkjohnkeats.org/
GB,London Borough of Southwark,28,https://www.cherrygardenschool.co.uk/
GB,Milton Keynes Council,28,https://www.whitespireschool.org.uk
PL,Wola,28,https://przedszkole116.waw.pl/
GB,Sunderland City Council,28,https://richardavenue.co.uk/
GB,London Borough of Barking and Dagenham,28,https://parsloesprimary.co.uk/
NO,Tønsberg kommune,28,https://tonsberg.kommune.no
NL,Floriander,28,https://www.patervdgeld.nl/
DE,Stadt Chemnitz,28,https://www.grundschule-siegmar.de/unser-hort
GB,Grace Schools,28,https://stp.graceschools.org.uk/
NL,Sophia Scholen,28,https://www.willibrordschool.nl
GB,The First Federation Trust,27,https://www.westcliffpriacademy.co.uk/
GB,Diocese of Salisbury Academy Trust,27,https://www.stmichaels.dsat.org.uk/
GB,Brighton and Hove City Council,27,https://www.westhoveinfants.co.uk/
GB,Luton Borough Council,27,https://www.grasmerenursery.co.uk/
GB,London Borough of Brent,27,https://www.rgreeninf.brent.sch.uk/
GB,London Borough of Islington,27,https://www.rotherfieldprimaryschool.co.uk/
IT,Comune di Bologna,27,https://www.comune.bologna.it/vivere-il-comune/luoghi/scuola-infanzia-mario-rocca
PL,Bielany,27,https://przedszkole364.waw.pl/
GB,Calderdale Metropolitan Borough Council,27,https://www.centralstreet.org.uk/
NO,Lillestrøm kommune,27,https://lillestrom.kommune.no/barnehage/barnehagene-i-lillestrom/sagelva-barnehage/
GB,Wakefield Metropolitan District Council,27,https://www.newtonhill.wakefield.sch.uk/
GB,Derby Diocesan Academy Trust,27,https://www.bishoppursglove.co.uk
DE,Stadt Wuppertal,27,https://www.wuppertal.de/microsite/kinderbetreuung/tageseinrichtungen/barmen/tfk-rudolfstrasse-100.php
NL,Onderwijs en Opvang Emmen,27,https://demende.ooe.nl
FR,Mairie de Toulouse,27,
AT,Kinderfreunde,26,http://www.kinderfreunde.cc
NL,Wijzer,26,https://cbsdegrondtoon.nl
GB,Worcestershire County Council,26,https://www.lickeyendfirstschool.co.uk/
GB,Royal Borough of Greenwich,26,https://www.meridian.greenwich.sch.uk/
DE,Kinderhaus e. V.,26,http://www.khgoe.de/kita-hambergstrasse.html
GB,Trafford Metropolitan Borough Council,26,https://www.spprimary.org.uk/
GB,Cheshire East Council,26,https://www.vinetree.cheshire.sch.uk/
NO,Sandefjord kommune,26,https://sandefjord.kommune.no
GB,Greenwood Academies Trust,26,https://www.brambleacademy.org/
GB,Leicestershire County Council,26,https://www.ashmount.leics.sch.uk
CZ,Město Kladno,26,https://www.koralekkladno.cz/
GB,Bristol City Council,26,https://www.hannahmore.org.uk/
DK,Københavns Kommune,26,http://subsite.kk.dk/institution/37497.aspx?sp=1C1FA1B33EE44CA7A0E4FB07F4B397F4
DE,Kindertagesstätten Berlin Süd-West,26,https://www.kitas-sued-west.de/content/albulaweg
NL,Flevion,25,https://www.pcbdezevensprong.com
NL,AnnoNu,25,https://www.dok12.com
NL,LEV Scholengroep West-Nederland,25,https://dewissel-levwn.nl
NL,Albero,25,https://www.basisschoolderank.nl
DE,Jugendamt Stadt Essen,25,
NL,O2A5,25,https://www.pwslexmond.nl
NL,Eenbes,25,https://www.merlebos.nl
PL,Urząd Miasta Szczecin,25,https://sp42.szczecin.pl/
FI,Kuopion kaupunki,25,https://peda.net/kuopio/varhaiskasvatus/paivakodit/paimenpoika
GB,Lighthouse Schools Partnership,25,https://www.horfieldceprimaryschool.org/
NL,Unicoz,25,https://oranjerie.unicoz.nl
NL,De Groeiling,25,https://www.zevensprongboskoop.nl
GB,Hamwic Education Trust,24,https://www.lmpsdorset.org/
BA,JU Centar za predškolsko vaspitanje i obrazovanje Banja Luka,24,https://vrticibl.org/
GB,Lingfield Education Trust,24,https://goldenflattsprimary.co.uk/
DE,Landeshauptstadt Saarbrücken,24,https://www.kitaplatz-regionalverband.de/elternportal/de/einrichtungen/liste/3091/details
GB,London Borough of Havering,24,https://www.squirrelsheathprimary.org.uk/
LV,Rīgas pašvaldība,24,https://katalogs-iksd.riga.lv/lv/Iestade/R167PPII
GB,Rochdale Metropolitan Borough Council,24,https://www.hollin.rochdale.sch.uk/
NO,Fredrikstad kommune,24,https://fredrikstad.kommune.no/tjenester/barnehage/barnehager-i-fredrikstad/kiaeraasen-barnehage/
NL,SALTO,24,https://bs-startbaan.nl
NL,Openbaar Onderwijs aan de Amstel,24,https://montessorimaasenwaal.nl/
GB,West Berkshire Council,24,https://www.westwoodfarmschools.w-berks.sch.uk/
AL,Bashkia Tiranë,24,https://femijetetiranes.al/
GB,Aberdeen City Council,24,https://braehead.aberdeen.sch.uk/
SE,Falköpings kommun,24,
DE,Sozialpädagogischer Verein,24,https://www.sozpaed-verein.de/einrichtung/krabbelstube-und-kinderladen-wirbelwind/
GB,Link Academy Trust,23,https://www.otterton.thelink.academy
NL,Fluenta,23,https://www.depijlerijsselstein.nl
NL,Surplus,23,https://www.obs-t-span.nl
NL,Ithaka,23,https://www.parcival-hoorn.nl
GB,E-ACT,23,https://reedswoodacademy.e-act.org.uk/
GB,London Borough of Hillingdon,23,https://www.whitehall-inf.hillingdon.sch.uk/
GB,London Borough of Harrow,23,https://www.woodlands.harrow.sch.uk
GB,London Borough of Waltham Forest,23,https://www.dawlishprimary.co.uk/
GB,The David Ross Education Trust,23,https://bobbymooreacademy.co.uk/
GB,Ebor Academy Trust,23,https://standrewsprimaryhull.co.uk
GB,Bishop Chadwick Catholic Education Trust,23,https://www.smrc.school/
GB,Wigan Metropolitan Borough Council,23,https://www.leighcentral.wigan.sch.uk/
GB,Transform Trust,23,https://www.cantrell.nottingham.sch.uk/
GB,Unity Schools Partnership,23,https://www.langer.org.uk/
NL,Groeisaam,23,https://reuzepas.nl
NL,Prodas,23,https://www.deurne.sbodebrigantijn.nl
GB,The Diocese of Gloucester Academies Trust,23,https://www.st-matthews.gloucs.sch.uk/
NL,Humankind,22,https://www.humankind.nl/vestigingen/oirsbeek/kinderdagverblijf-merlijn
NL,Stichting SchOOL,22,https://www.obsdedriemaster-lelystad.nl
DE,Evangelische Kirchengemeinde,22,https://www.sonnenstrahl-rahden.de/
GB,Dudley Metropolitan Borough Council,22,https://maidensbridge.sch.life/
DE,Arbeiterwohlfahrt Kreisverband Düren e. V.,22,https://awo-dn.de/kindertageseinrichtung-li-la-laune-burg/
GB,Diocese of Chichester Academy Trust,22,https://www.stjosephsinfant.school/
GB,Harris Federation,22,https://www.harrisprimarybeckenham.org.uk/
GB,London Borough of Wandsworth,22,https://www.smallwood.wandsworth.sch.uk/
GB,Durham and Newcastle Diocesan Learning Trust,22,https://www.stanhopebarrington.org.uk/
DE,Stadt München,22,https://kinderzentren.de/muenchen-kita-loewenzahn/
GB,St Teresa of Calcutta Catholic Academy Trust,22,https://www.guardianangels.bury.sch.uk/
NL,CPOB,22,https://www.deleiboom.nl
GB,The Blue Kite Academy Trust,22,https://www.st-peters.wilts.sch.uk/
DK,Esbjerg Kommune,22,https://boernepasning.esbjerg.dk/daginstitutioner/bydelens-boernehus
SE,Karlshamns kommun,22,https://www.karlshamn.se/kontaktkort/tuvans-forskola/
GB,Pickwick Academy Trust,21,https://www.bishopscaundle.dorset.sch.uk/
NL,Meerkring,21,https://www.gondelier.nl
NL,Kind & Co Ludens,21,https://kindencoludens.nl/nl/locaties/peuteropvang-nieuwegein-waterwereld
NL,Talent Primair,21,https://www.obsgraaffloris.nl
GB,St Bart's Multi Academy Trust,21,https://www.belgraveacademy.org.uk/
GB,London Borough of Camden,21,https://www.fbarnes.camden.sch.uk/
GB,London Borough of Richmond upon Thames,21,https://www.heathfieldschoolspartnership.org/infants/
GB,Reading Borough Council,21,https://www.geoffreyfieldinfant.co.uk/
GB,The White Horse Federation,21,https://stmaryandallsaints.co.uk
NO,Skien kommune,21,https://skien.kommune.no/kollmyrbhg
GB,Lincoln Anglican Academy Trust,21,https://www.stpetersacademy.co.uk/
PL,Ursynów,21,https://ps213.ursynow.warszawa.pl/
GB,Kent Catholic Schools' Partnership,21,https://www.stjohnsprimary.kent.sch.uk/
DE,Stadt Freising,21,https://www.freising.de/leben-wohnen/kindertageseinrichtungen/kitas-der-stadt-freising
GB,Blackburn with Darwen Borough Council,21,https://www.audleycominfschool.co.uk/
GB,Oldham Metropolitan Borough Council,21,https://www.millshill.oldham.sch.uk/
CH,Stadt Dietikon,21,https://www.schule-dietikon.ch/schulhaeuser/1601
NO,Lørenskog kommune,21,https://lorenskog.kommune.no/finstad-barnehage/
NL,Verdi,21,https://odaschool.verdi.nl
DE,Eigenbetrieb Kindertageseinrichtungen Dresden,21,https://www.hort-76-grundschule.de/
NO,Bodø kommune,21,https://engmark.bodo.kommune.no
GB,Wiltshire Council,21,https://www.fynamore.org.uk/
GB,EQUA Mead Learning Trust,21,https://www.rivermead.wilts.sch.uk/
NL,KPO Roosendaal,21,https://www.lavoor-morelbergkpo.nl
TR,Millî Eğitim Bakanlığı,20,https://beyoglupirireis.meb.k12.tr
GB,The Academies for Character and Excellence,20,https://www.newtownprimaryexeter.org/
GB,Westcountry Schools Trust,20,https://www.buckfastleigh.devon.sch.uk/
NL,Peuteropvang Heerlen,20,https://peuteropvangheerlen.nl/locaties/martijntje
NL,Vechtstreek + Venen,20,https://podiumloenen.nl
NL,Sarkon,20,https://www.rkdonbosco.nl
NL,Staij,20,https://www.laternamagica.nl
DE,Deutscher Caritasverband,20,https://www.uni-passau.de/familie/studieren-und-arbeiten-mit-kind/waldkindergarten
GB,Walsall Metropolitan Borough Council,20,https://www.alumwell-i.walsall.sch.uk/
GB,Herefordshire Council,20,https://www.hamptondeneschool.co.uk/
GB,The Co-operative Academies Trust,20,https://www.claricecliff.coopacademies.co.uk/
GB,Greenshaw Learning Trust,20,https://www.whitleigh-pri.plymouth.sch.uk/
DE,Stadt Stolberg,20,http://www.kita-aufderliester.de
GB,The Compass Partnership of Schools,20,https://www.hangleton.brighton-hove.sch.uk/
GB,London Borough of Enfield,20,https://www.hazelwoodschools.org.uk/
GB,North Lincolnshire Council,20,https://frodingham-infantschool.co.uk
GB,L.E.A.D. Academy Trust,20,https://www.all-saints.lincs.sch.uk/
GB,Wellspring Academy Trust,20,https://cbpacademy.org.uk/
GB,South Tyneside Council,20,https://www.thebeaconcentre.net/
DE,Katholische KiTa gGmbH Saarland,20,https://www.kita-saar.de/unsere-einrichtungen/unsere-einrichtungen/regionalverband-saarbruecken/saarbruecken/st-michael-saarbruecken/
DE,Jugend- und Sozialwerk,20,https://www.jugendundsozialwerk.de/kitas/mecklenburg-vorpommern/waren-mueritz/kita-klitze-klein/
GB,St Helens Metropolitan Borough Council,20,https://www.suttonmanor.st-helens.sch.uk/
NL,Aloysius Stichting,20,https://www.wijnbergvenlo.nl
DE,Deutsches Rotes Kreuz Region Hannover e.V.,20,https://www.drk-hannover.de/kinder-familie/kindertagesstaetten/stadt-hannover/kita-ahlem.html
GB,Rise Multi Academy Trust,20,https://www.belgraveceprimary.co.uk/
NL,Fluvium,20,https://nieuwkomersschool.nl
GB,Futura Learning Partnership,20,https://www.chandagschool.org.uk/
GB,Midsomer Norton Schools Partnership,20,https://www.psjprimary.co.uk/
NL,WSKO,20,https://denieuweweg.wsko.nl
NL,PCPO Westland,20,https://www.schakelklaswestland.pcpow.nl
NL,OZHW,20,https://bosweide.nl
NL,UN1EK,20,https://ikcichthus.nl
DK,Roskilde Kommune,20,https://www.roskilde.dk/da-dk/service-og-selvbetjening/borger/familie-og-born/dagtilbud/bornehuset-hyldekaer/
NL,Kom Leren,19,https://www.tangramschool.nl
NL,CorDeo,19,https://gbshetzwaluwnest.nl
GB,City of Wolverhampton Council,19,https://www.greenparkschool.co.uk/
DK,Aalborg Kommune,19,https://barnetshus.aula.dk
DE,Gemeinnützige Trägergesellschaft Katholischer Kindertageseinrichtungen im Raum Trier mbH,19,https://www.kita-ggmbh-trier.de/
GB,The Pioneer Academy,19,https://westblatchingtonprimary.co.uk/
NO,Sunnfjord kommune,19,https://sunnfjord.kommune.no/tenester/barnehage-og-skule/barnehage/finn-barnehage/langhaugane-barnehage/
NL,Archipel Scholen,19,https://archipelscholen.nl/mozaiek/
NO,Larvik kommune,19,https://larvik.kommune.no/barnehage/fagerli-barnehage/
PL,Urząd Dzielnicy Bemowo M.st.warszawy,19,http://przedszkole345.waw.pl/
PL,Ochota,19,https://przedszkole70.com.pl/
GB,The Diocese of Sheffield Academies Trust,19,https://www.travis.doncaster.sch.uk/
GB,WISE Academies,19,https://shaftoe.wiseacademies.co.uk/
GB,St Edmundsbury and Ipswich Diocesan Multi-Academy Trust,19,https://www.stokebynaylandprimaryschool.org.uk/
NL,GOO,19,https://www.opvanggoolaarbeek.nl/de-raagten
GB,North Northamptonshire Council,19,https://www.southendinfant.com
RS,Предшколска установа „Дечја радост“,19,http://decjaradost.rs/петар-пан/
NL,OPOZ,19,https://www.ikcdewaterlelie.nl
NL,De Vier Windstreken,19,https://kw-a.d4w.nl
NL,SCOPE scholengroep,19,https://mundus.scopescholen.nl
NL,RVKO,19,https://www.kbsoosthoek.nl
NL,SARO,19,https://dedriemaster.nl
GB,River Learning Trust,19,https://www.cuttesloweprimary.org/
GB,Learning Academy Partnership (South West),18,https://dartington-lap.co.uk/
AT,Caritas,18,http://www.zaubertal.net/pfarre/hort/
NL,Pallas,18,https://www.vrijeschoolhelianthus.nl
NL,Trinamiek,18,https://sbodewenteltrap.nl
NL,Koninklijke Auris Groep,18,https://taalkringhilversum.nl
GB,Telford & Wrekin Council,18,https://www.thebridgeschool.co.uk
GB,The Diocese of Worcester Multi Academy Trust,18,https://www.christchurchprimary.org/
GB,Birmingham Diocesan Multi-Academy Trust,18,https://stmichaelsb32.bdmat.org.uk/
GB,Kernow Learning Multi Academy Trust,18,https://www.charlestown.kernowlearning.co.uk
GB,STEP Academy Trust,18,https://www.telscombecliffsacademy.org/
GB,London Borough of Croydon,18,https://www.greenvale.croydon.sch.uk/
GB,Inspiring Futures through Learning,18,https://www.chestnutsprimaryschool.co.uk/
PL,Targówek,18,http://przedszkole442.pl
DE,Elterninitiative,18,https://www.nilpferde.com/
GB,Liverpool Diocesan Schools Trust,18,https://glazebury.eschools.co.uk/
GB,Learning Accord Multi Academy Trust,18,https://www.hebdenroydprimary.org.uk/
SE,Värnamo kommun,18,
DE,Outlaw,18,https://www.outlaw-jugendhilfe.de/871.html
GB,Derby City Council,18,https://www.alvastoni.derby.sch.uk/
GB,St Thomas Aquinas Catholic Multi Academy Trust,18,https://www.sacredheart.leicester.sch.uk/
DE,Stadt Troisdorf,18,https://portal.little-bird.de/Troisdorf/Staedt-Kindertageseinrichtung-Julius-Leber-Strasse/
NL,Fluks,18,https://obsekenrooi.nl
NL,Veldvest,18,https://pwaveldhoven.nl
NL,TriVia,18,https://www.kompaslexmond.nl
DE,Landeshauptstadt Dresden,18,https://www.dresden.de/de/leben/kinder/tagesbetreuung/kita-verzeichnis.php
NL,Librijn,18,https://www.deschatkaartdelft.nl
NL,Lucas Onderwijs,18,https://www.kcbalans.nl
NL,Klasse,18,https://www.obsdevenen.nl
NL,Innoord,18,https://www.montessori-azalea.nl
DK,Høje-Taastrup Kommune,18,https://magda.htk.dk/
NO,Hamar kommune,18,https://minbarnehage.no/martoddenbh
DE,Landeshauptstadt Stuttgart,18,https://www.stuttgart.de/kita-kafkaweg
GB,Coastal Learning Partnership,17,https://www.woolprimary.com
NL,Kopwerk,17,https://www.creilerwoud.nl/
NL,PCBO Amersfoort,17,https://kontiki.pcboamersfoort.nl
NL,PCO Gelderse Vallei,17,https://kindcentrum-devallei.nl
NL,De Onderwijsspecialisten,17,https://www.kroonpad.nl
SE,Kungsbacka kommun,17,
DE,Fröbel Bildung und Erziehung gGmbH,17,https://kliestower-see.froebel.info/
GB,St Raphael The Archangel Catholic Multi-Academy Trust,17,https://www.stp.magnificat.org.uk/
DE,Diakonisches Werk – Stadtmission Bayreuth e. V.,17,
ES,Consellería de Educación da Xunta de Galicia,17,http://www.edu.xunta.gal/centros/ceipmacineira/
AT,Land Niederösterreich,17,https://www.kinderbetreuung.at/onlinesuche/detail/landeskindergarten-oberrohrbach
GB,Humber Education Trust,17,https://www.tweendykes.co.uk/
GB,Diocese of Southwell and Nottingham Multi-Academy Trust,17,https://www.gamstonschool.co.uk/
GB,Doncaster Metropolitan Borough Council,17,https://www.kingedward.doncaster.sch.uk/
GB,Infinity Academies Trust,17,https://www.coleby.lincs.sch.uk/
GB,The North Tyneside Learning Trust,17,https://westerncommunityprimary.co.uk/
GB,North Tyneside Council,17,https://www.percymainprimary.org.uk/
DE,Stadt Augsburg,17,https://www.kitaplaner.de/augsburg/elternportal/de/einrichtungen/liste/ergebnisse/625/details
GB,Halton Borough Council,17,https://www.fairfieldprimaryschool.org.uk/
GB,The Blessed Edward Bamber Catholic Multi Academy Trust,17,https://www.stjohnscatholicprimarypoulton.co.uk/
GB,Sefton Metropolitan Borough Council,17,https://www.springwellparkprimary.co.uk/
GB,St Ralph Sherwin Catholic Multi Academy Trust,17,https://www.stmarysmarplebridge.srscmat.co.uk/
DE,Stadt Mannheim,17,https://www.mannheim.de/bildung-staerken/kh-cheliusstrasse
GB,James Montgomery Academy Trust,17,https://www.cliffordallsaints.co.uk/
NO,Harstad kommune / Hársttáid Suohkan,17,
DE,Stadt Ronnenberg,17,https://www.ronnenberg.de/portal/seiten/kita-an-der-halde-914000859-21650.html
GB,Symphony Learning Trust,17,https://www.orchardprimary.org/
NL,Talentis,17,https://www.prinses-amaliaschool.nl
NL,Meerderweert,17,https://bs-defirtel.nl
NL,KempenKind,17,https://www.opstap-lm.nl
IS,Reykjavíkurborg,17,http://www.bakkaberg.is/
NO,Ringsaker kommune,17,
GB,Meridian Trust,17,https://www.crosshallinfant.co.uk/
AT,Stadt Graz,17,https://www.graz.at/cms/beitrag/10057409/7745079/Kinderkrippe_Idlhofgasse.html
DK,Svendborg Kommune,17,https://sundbyoster.aula.dk/
NO,Senja kommune,17,
NL,Scholengroep Holland,17,https://www.debontetol.nl
SE,Ronneby kommun,17,
DE,Stadt Hanau,17,
GB,Reach South Academy Trust,16,https://www.thomashallschool.org/
GB,Dorset Council,16,https://www.rushcombe.co.uk/
HR,Dječji vrtić Tratinčica,16,https://djecji-vrtic-tratincica.hr/
NL,Catent,16,https://www.rkpwa.nl
NL,Vrijescholen Athena,16,https://valentijn.vrijescholenathena.nl
NL,Trivium,16,https://prinsesbeatrixwolfheze.nl
FR,Académie d'Orléans-Tours,16,https://www.education.gouv.fr/annuaire/18130/osmery/ecole/0180211g/ecole-primaire.html
GB,St Bartholomew's CE Multi Academy Trust,16,https://www.abbey.walsall.sch.uk/
GB,Diocese of Hereford Multi Academy Trust,16,https://www.st-thomascantilupe.org
ES,Ajuntament de Barcelona,16,https://ajuntament.barcelona.cat/escolesbressol/ebmpuigmal
DE,Die Johanniter,16,https://www.johanniter.de/juh/lv-nord/rv-mecklenburg-vorpommern-nord/unsere-standorte-einrichtungen-in-mecklenburg-vorpommern-nord/einrichtung-detailseite/johanniter-kita-wichtelstube-rethwisch-1761/
AT,Kinder in Wien,16,https://kinderinwien.at/
GB,Crofty Education Trust,16,https://porthleven.croftymat.org/
GB,Elevate Multi Academy Trust,16,http://husthwaite.n-yorks.sch.uk/
IT,Comune di Vicenza,16,https://www.comune.vicenza.it/Vivere-il-comune/Luoghi/Scuola-dell-infanzia-Maria-e-Nello-Trevisan
DE,Stadt Karlsruhe,16,http://www.karlsruhe.de/b3/soziales/einrichtungen/schuelerhorte/scheffelstrasse.de
CH,"Stadt Zürich, SSD, Schulkreis Letzi",16,https://www.stadt-zuerich.ch/schulen/de/dachslernstrasse/ueberuns/standorte/kindergaerten.html
NO,Indre Østfold kommune,16,
GB,Astrea Academy Trust,16,https://www.astreagreengatelane.org/
GB,The Spencer Academies Trust,16,https://inkersallspencer.org.uk/
DE,Katholische Gesamtkirchengemeinde Ravensburg,16,https://www.kath-rv.de/kindertagesstaetten/ravensburg-west/carlo-steeb-schmalegg.html
GB,Learn Academies Trust,16,https://www.southkilworthprimary.uk/
NL,RENN4,16,https://www.renn4.nl/school/de-caleidoscoop/
NL,PlatOO,16,https://3hoek.nl
NL,LOGOS,16,https://www.openpoort.nl
NL,Skar,16,https://www.skar.nl/vestigingen/lingewaard/bemmel/ikc-de-regenboog
PL,Gmina Miasto Szczecin,16,https://blekitna.szczecin.pl/
FI,Jyväskylän kaupunki,16,https://www.jyvaskyla.fi/varhaiskasvatus/varhaiskasvatus-jyvaskylassa/paivakodit/keljonkangas/keljonkankaan-paivakoti
GB,Wessex Learning Trust,16,https://www.stcuthbertsinfantswells.co.uk/
GB,Acorn Education Trust,16,https://www.chapmanslade.wilts.sch.uk/
DE,Stadt Wolfenbüttel,16,"https://www.wolfenbuettel.de/Stadtleben/Gesellschaft-und-Soziales/Kinder-und-Jugend/Kindertagesst%C3%A4tten/in-st%C3%A4dtischer-Tr%C3%A4gerschaft/Kindertagesst%C3%A4tte-Alter-Weg-.php?object=tx,2672.5&ModID=7&FID=2672.8876.1&NavID=2672.216&La=1"
NL,OBODB,16,https://www.daltonschoolhillegom.nl
NL,MorgenWijzer,16,https://www.obs-wereldwijzer.nl
NL,Agora,16,https://www.vuurvogel.nl
NL,Onderwijs Primair,16,https://www.obsschakels.nl
NL,OBO,16,https://lindeoudgastel.nl
NL,PricoH,16,https://tkofschip.pricoh.nl
DE,Stadt Winnenden,16,https://www.winnenden.de/start/bildung-betreuung/Kindergarten+Hoefen+II.html
GB,St Christopher's C of E (Primary) Multi Academy Trust,15,https://www.st-sidwells-ce.devon.sch.uk/
GB,Dartmoor Multi Academy Trust,15,https://www.chagford-primaryschool.org/
GB,Cabot Learning Federation,15,https://theredstartprimaryschool.clf.uk/
GB,PPAT Education,15,https://www.ashprimaryschool.co.uk
NL,CNS Ede,15,https://www.plataan.cnsede.nl
GB,St Chad's Academies Trust,15,https://www.stjudes.wolverhampton.sch.uk/
GB,Learning Academies Trust,15,https://www.mountstreet.plymouth.sch.uk/
GB,Cornwall Council,15,https://gorranschool.co.uk/
GB,Ivy Learning Trust,15,https://walkerprimary.org/
GB,Xavier Catholic Education Trust,15,https://www.cardinalnewmanschool.co.uk/
GB,Windsor and Maidenhead Borough Council,15,https://www.riversideprimaryschool.org.uk/
GB,Star Academies,15,https://www.olivehackney.com/
NL,VCPOZ,15,https://www.johcalvijnschool-wdijk.nl
GB,Equals Trust,15,https://www.flintham.notts.sch.uk/
GB,Community Inclusive Trust,15,https://caythorpe-cit.co.uk/
FR,Ville de Nantes,15,https://www.nantes.fr/home/a-votre-service/equipements/accueils-parents-enfants/la-perdriole.html
DE,Ev.-luth. Kindertagesstättenverband Grafschaft Diepholz,15,http://www.kitaverband-diepholz.de/kita-finder/ev-luth-integrative-kita-hemsloh.html
GB,Pathfinder Multi Academy Trust,15,https://greatouseburn-n-yorks.secure-dbprimary.com/
SE,Luleå kommun,15,https://www.lulea.se/utbildning--forskola/forskola-och-fritidshem/kommunala-forskolor/uddens-forskola.html
DE,Stadt Ulm,15,"https://www.ulm.de/leben_in_ulm/kinder_jugend_familie/staedtische_tageseinrichtung_fuer_kinder_im_rulaenderweg_4.5175.3076,3665,3885,3527,3728,4313.htm"
GB,The Diocese of Canterbury Academies Trust,15,https://www.smcschool.co.uk/
GB,Leigh Academies Trust,15,https://leighacademydartford.org.uk/
FI,Norlandia Päiväkodit Oy,15,https://norlandiapaivakodit.fi/aalto/
GB,Victorious Academies Trust,15,https://aldwynprimary.co.uk/
GB,The Harmony Trust Ltd,15,https://www.norden.theharmonytrust.org/
GB,Forward As One Church of England Multi Academy Trust,15,https://www.stannescelydgate.oldham.sch.uk/
GB,Focus Academy Trust (UK) Ltd,15,https://www.oldtraffordcommunityacademy.co.uk/
DE,Stadt Rodgau,15,"https://www.rodgau.de/index.phtml?La=1&sNavID=1888.590&object=tx,1888.67.1&kat=&kuo=1&sub=0"
DE,Stadt Mainz,15,https://www.kita-muehlweg.de/
NO,Molde kommune,15,https://molde.kommune.no/hjem.405995.no.html
NO,Ålesund kommune,15,https://alesund.kommune.no/kommunen/alle-einingar/opplaring/barnehage/barnehagar-skodje-orskog/stette-barneh
GB,Enhance Academy Trust,15,https://www.sandalmagna.co.uk/
GB,Bradford Diocesan Academies Trust,15,https://www.stmatthewsprimary.org.uk/
GB,Blessed Christopher Wharton Catholic Academy Trust,15,https://sas.bcwcat.co.uk
GB,Embark Multi Academy Trust,15,https://www.waingroves.derbyshire.sch.uk/
NO,Narvik kommune,15,https://narvik.kommune.no
HU,Család- és Gyermekjóléti Központ,15,https://www.szegedbolcsode.eu/?q=szoregi-bolcsode
GB,The Diocese of Coventry Multi-Academy Trust,15,https://www.rytonondunsmore.covmat.org/
GB,Discovery Schools Academies Trust Ltd,15,http://www.kibprimary.leics.sch.uk
NL,Stroomm,15,https://walsprong.nl
GB,Active Learning Trust,15,https://www.gusfordprimary.net/
GB,The Diocese of Norwich St Benet's Multi-Academy Trust,15,https://www.dissinfant.stbenets.org/
FI,Vihdin kunta,15,https://www.vihti.fi/kasvatus-ja-koulutus/varhaiskasvatus/paivakodit-ja-perhepaivahoito/haimoon-paivakoti-ja-perhepaivahoito/
ME,Javna Predškolska Ustanova “Đina Vrbica”,15,https://djinavrbica.me/?p=315
DE,AWO Unterbezirk Dortmund,15,https://www.awo-dortmund.de/kita/welkenerstr
FR,Ville de Paris,15,https://www.paris.fr/lieux/halte-garderie-municipale-aqueduc-3540
GB,The Leaf Trust,15,https://www.seamillsprimary.org.uk/
GB,South Gloucestershire Council,15,https://www.conistonprimary.org.uk/
FI,Turun kaupunki,15,https://www.turku.fi/toimipaikat/perno-pansion-paivakoti-pernontie-16
NL,SPCO Groene Hart,15,https://www.wilhelminawoerden.nl
NL,EduMare,15,https://www.obs10p.nl
NL,De Waarden,15,https://deklaverhoek.dewaarden.nl
GB,Cambrian Learning Trust,15,https://www.thameside.oxon.sch.uk/
DE,Stadt Weinstadt,15,https://www.weinstadt.de/195?view=publish&item=nursery&id=23
AT,Stadt Steyr,14,https://www.steyr.at/EINRICHTUNGEN/SOZIALE_EINRICHTUNGEN/Kindergaerten_Krabbelstube_und_Horte/Dieselstrasse
NL,WereldKidz,14,https://bongerd.wereldkidz.nl
NL,Koninklijke Kentalis,14,https://www.kentalis.nl/onze-scholen/kentalis-enkschool-tos-kampen
NL,Stip,14,https://www.ikcvillavrolik.nl
NL,IJsselrijk,14,https://www.cnsdewegwijzer.nl
NO,Ullensvang kommune,14,https://ullensvang.kommune.no
GB,The Shaw Education Trust,14,https://www.seabridgeprimary.org.uk/
GB,Community Academies Trust,14,http://windmillprimaryschool.co.uk/
GB,The Moorlands Primary Federation,14,https://www.tmpf.staffs.sch.uk/dilhorne/
GB,St Barnabas Church of England Multi Academy Trust,14,https://stbarnabasmat.com/st-dominic-c-of-e-primary-school/
GB,Bridge Multi-Academy Trust,14,https://www.harrowbarrowprimary.co.uk
NO,Orkland kommune,14,https://orkland.kommune.no
NO,Melhus kommune,14,https://melhus.kommune.no/tjenester/barn-og-opplaering/barnehage/alle-vare-barnehager/gasbakken-barnehag
GB,Bosco Catholic Education Trust,14,https://www.st-wilfrids-burgesshill.w-sussex.sch.uk/
FI,Touhula,14,https://touhula.fi/paivakoti/tampere-touhula-saukonmaki/
GB,Bourne Education Trust,14,https://www.wps.org.uk/
GB,St Thomas Catholic Academies Trust,14,https://www.stmichaels.bucks.sch.uk/
DE,Kath. Kindertageseinrichtungen Hellweg,14,http://www.kath-kitas-hellweg.de/kitas/kitas-hellweg/kita/katholischer-kindergarten-st-regina.html
GB,Hull Collaborative Academy Trust,14,https://eastfieldprimary.org.uk/
GB,Aspire and Shine Education Trust,14,https://www.johnhuntprimary.co.uk/
UA,Житомирська міська рада,14,http://crd53.sadok.zt.ua
GB,Mater Christi Multi-Academy Trust,14,https://www.st-catherines.cumbria.sch.uk/
GB,Advance Learning Partnership,14,https://bowburnprimary.org.uk/
IT,Federazione Provinciale Scuole Materne,14,https://www.fpsm.tn.it/scuola-di-telve/
DE,Denk mit! Kinderbetreuungseinrichtungen GmbH & Co. KG,14,https://www.denk-mit.de/hp/
FR,Centre Communal d'Action Sociale,14,
GB,Mater Ecclesiae Catholic Multi-Academy Trust,14,https://stteresas.mecmat.org/
DE,Postillion e.V.,14,https://www.postillion.org/hirschhorn/index.shtml
DE,pme Familienservice GmbH,14,https://www.familienservice.de/web/kita-blutenallee-darmstadt
GB,Blessed Peter Snow Catholic Academy Trust,14,https://www.stjosephsdewsbury.co.uk/
GB,Impact Education Multi Academy Trust,14,https://www.claytonvillageprimary.org.uk/
DE,Katholische Kindertageseinrichtugen Hochstift gem. GmbH,14,https://www.familienzentrum-diebruecke.de/
DE,Katholische Kindertageseinrichtungen Hochstift,14,https://www.kita-st-michael-brakel.de/
PL,Gmina-miasto Tomaszów Mazowiecki,14,https://p20tomaszow.wikom.pl/
DE,Caritasverband Hannover e.V.,14,https://www.caritas-hannover.de/kinder-und-jugendliche/kindertagesstaetten/st.-katharina/kita-st.-katharina
DE,Paritätischer Hannover gGmbH,14,https://www.kita-wietzegraben.de/
IT,"Ministero dell'Istruzione, dell'Università e della Ricerca",14,https://www.ic3modena.it/
GB,ASSET Education,14,https://www.stuttonprimary.co.uk/
NL,Delta Scholengroep,14,https://www.pieterdejong-kemp.nl
NL,Scala,14,https://www.paletvlijmen.nl/
NL,QliQ,14,https://kc-mozaiek.nl
NL,Kiem,14,https://www.tmulderke.nl
NL,SKOR,14,https://www.antoniusschool-beesd.nl
GB,Consortium Trust,14,https://www.warrenschool.co.uk/
NO,Lillehammer kommune,14,https://lillehammer.kommune.no/norbana-barnehage-k.6005394-422573.html
DE,Stadt Gelsenkirchen,14,https://www.gekita.de/index.php?id=275
GB,Amplify Education,14,https://www.cathedralprimaryschool.org/
GB,Excalibur Academies Trust,14,https://www.compasspoint.excalibur.org.uk/
NL,Primenius,14,https://primenius.nl/locaties/het-compas/
FR,Ville de Montpellier,14,
NL,Zaan Primair,14,https://www.dynamicaonderwijs.nl/molenwerf/
NL,WIJ de Venen,14,https://maranathaschool.nl
NL,Primo,14,https://www.loepschiedam.nl
NL,PCPO Barendrecht en Ridderkerk,14,https://www.fonteinbolnes.nl
NL,Borgesiusstichting,14,https://hetbosschehart.nl
NL,SIKO,14,https://dedijck.nl
NL,PCPO Midden-Brabant,14,https://www.basisschoolmenorah.nl
NL,PIT,14,https://www.rank-heerjansdam.nl
NL,CKC Drenthe,14,https://www.ckcdeborg.nl/
DE,Nachbarschaftsheim Schöneberg,14,https://kita-ebers.nbhs.de/
DE,eventus BILDUNG gGmbH,14,https://eventusbildung.de/kitas/das-montessori-kinderhaus-die-kolibris/
DE,INA.KINDER.GARTEN,14,https://www.inakindergarten.de/berlin/kita-frankenstrasse
NL,Bijeen,14,https://www.obsdeschuthoek-hoogeveen.nl
NO,Hå kommune,14,https://ha.no/maken
SE,Skövde kommun,14,https://www.skovde.se/barnomsorg-utbildning/forskola/forskolor-i-skovde/bissgardens-forskola/
DE,Stadt Mössingen,14,
DE,Stadt Wiesbaden,14,http://www.wiesbaden.de/datenbanken/kindertagesstaetten/sp_auto_21694.php
UA,Яготинська міська рада,13,https://yag-prolisok4.at.ua/
GB,Sherborne Area Schools' Trust,13,https://www.sherbornepri.dorset.sch.uk/
GB,The Dunstan Catholic Educational Trust,13,https://www.stgildasprimary.co.uk/
BE,GO! scholengroep SAM,13,https://www.dereinpad.be/
NL,STEV,13,https://plantijn.org
NL,SKOVV,13,https://www.franciscusschool-skovv.nl
NL,Kalisto,13,https://www.willibrordusbreukelen.nl
SE,Svenska kyrkan,13,https://www.svenskakyrkan.se/solna/oppna-forskolan-i-kyrkans-hus
DE,Katholische Kirchengemeinde,13,http://www.kindergarten-haan.de/mvf/
GB,Staffordshire University Academies Trust,13,https://www.st-leonards-dunston.staffs.sch.uk/
GB,drb Ignite Multi Academy Trust,13,https://hawbush.drbignitemat.org/
DE,DRK-Kreisverband Städteregion Aachen e.V.,13,https://deutsches-rotes-kreuz-aachen.de/kindertagesstaetten
NO,Øygarden kommune,13,https://oygarden.kommune.no/liljevatnetbarnehage/
GB,Royal Borough of Kensington and Chelsea,13,https://www.thomasjonesschool.org/
NL,Onze Wijs,13,https://hetkompas.onzewijs.nl
GB,St Cuthbert's Roman Catholic Academy Trust,13,https://stmhull.org/
GB,The Good Shepherd Multi Academy Trust,13,https://www.gilsland.cumbria.sch.uk/
GB,Northern Education Trust,13,https://ota.northerneducationtrust.org/
GB,Leeds Diocesan Learning Trust,13,https://www.roecliffeschool.co.uk/
PL,Praga-Północ,13,http://www.przedszkolemilusie.blizej.info/
UA,Згурівська селищна рада,13,https://lsschool.pp.ua/
GB,Isle of Wight Council,13,https://bartonprimaryschool.co.uk/
GB,The Diocese of Chelmsford Vine Schools Trust,13,https://www.williammartinschools.org.uk/
PL,Ogólnopolski Operator Oświaty,13,https://kropelka-wroclaw.operator.edu.pl
GB,The Aspire Educational Trust,13,https://www.wilbrahamprimary.com/
GB,Knowsley Metropolitan Borough Council,13,https://www.evelyncpschool.co.uk/
NO,Moss kommune,13,https://moss.kommune.no
NL,Lijn 83,13,https://www.bsdefontein.nl
DE,Stadt Leverkusen,13,https://leverkusen.taskcards.app/#/board/c372a9ad-c6f7-4225-9be5-c7e6b1ee9e64/
DE,Zweckverband Katholische Tageseinrichtungen für Kinder im Bistum Essen,13,https://www.kita-christ-koenig-oberhausen.de/
GB,Barnsley Metropolitan Borough Council,13,https://silkstoneprimary.com/
GB,LEARNERs' Trust,13,https://thelearnerstrust.org/ashgate-croft/
GB,HCAT,13,https://dartonprimary.org.uk/
GB,The Arthur Terry Learning Partnership,13,https://www.paget.bham.sch.uk/
GB,Solihull Metropolitan Borough Council,13,https://www.burman.solihull.sch.uk/
GB,John Taylor MAT,13,https://www.allsaints-alrewas.staffs.sch.uk/
GB,Sapientia Education Trust,13,https://www.felixprimaryschool.org/
NL,OVO,13,https://www.montessorigorinchem.nl
GB,The Diamond Learning Partnership Trust,13,https://www.romanway.herts.sch.uk/
FI,Nurmijärven kunta,13,https://www.nurmijarvi.fi/koulut/karhunkorven-koulu/
DE,Stadt Herne,13,https://herne.kita-navigator.org/detail/stadtische-kita-mont-cenis-strasse-rappelkiste
GB,The Partnership Trust,13,https://farmboroughchurchprimary.org.uk/
DE,Deutsches Rotes Kreuz Kreisverband Gifhorn e. V.,13,https://www.kita-schwuelper.de/
DE,Evangelisch-lutherischer Kirchenkreis Wolfsburg-Wittingen,13,https://kitas-wolfsburg.de/einrichtung/bonhoeffer-kindertagesstaette/
NL,Vlietkinderen,13,https://www.vlietkinderen.nl/locaties/kindcentrum-leidschenveen-de-vissen-t-kompas
NL,Jong Leren,13,https://www.rkbsvenne.nl/
NL,BLICK op onderwijs,13,https://www.obsdewonderwind.nl
DE,Stadt Plauen,13,"https://www.plauen.de/Familie-und-Soziales/Kita-und-Kindertagespflege/Einrichtungen/Hort-Grundschule-Reusa/Aktuelles/index.php?object=tx,3317.1&ModID=9&FID=3317.2307.1&NavID=3317.2376&La=1"
FR,Ville d'Amiens,13,
NL,Viviani,13,https://www.hettalent.com/
NO,Klepp kommune,13,
NO,Sola kommune,13,https://sola.kommune.no/havnealleen-barnehage/
BE,Scholengroep GO! Next,12,https://www.bswonderwijs.be/
NL,Fectio,12,https://www.devonk-odijk.nl
NL,Monton,12,https://www.montessoriarcade.nl/
NL,VCO Harderwijk-Hierden,12,https://www.cbs-deschakel.nl
NL,SPO Utrecht,12,https://www.obsovervecht.nl
SE,Mölndals stad,12,https://www.molndal.se/startsida/utbildning-och-barnomsorg/forskola-och-barnomsorg/torallastigens-forskola.html
DE,BRK,12,https://www.brk-kita-koenigsberg.de/
GB,Our Lady Help of Christians Catholic Academy Trust,12,https://www.sjrc.co.uk/
GB,The Rainbow Multi Academy Trust,12,https://www.bishopbronescombe.co.uk
ES,Generalitat de Catalunya,12,http://www.escolalacustaria.cat
DE,Movare,12,https://derobbedoes.nl
DE,Kinderzentren Kunterbunt,12,https://www.kinderzentren.de/koeln-kita-kiku-traumbaum/
DE,Step Kids Kitas gGmbH,12,https://www.stepke-kitas.de/standorte/nordrhein-westfalen/koeln/kita-fuenf-freunde-koeln-ehrenfeld/
GB,Hurst Education Trust Limited,12,https://stpetershenfield.org.uk/
NO,Sogndal kommune,12,https://sogndal.kommune.no/fosshagen-utdanningsbarnehage.537168.nn.html
NO,Namsos kommune,12,https://namsos.kommune.no/barnehage-og-skole/barnehage/barnehager-i-kommunen/kommunale-barnehager/bangsund-b
GB,Bellevue Place Education Trust,12,https://www.deerparkschool.org.uk
GB,SDBE Multi-Academy Trust,12,https://www.allsaintscarshalton.sutton.sch.uk/
GB,Leo Academy Trust,12,https://www.foresters.sutton.sch.uk/
GB,London Borough of Hammersmith and Fulham,12,https://www.oldoakprimary.co.uk/
GB,The Keys Academy Trust,12,https://www.earley-st-peters.wokingham.sch.uk/
GB,Learning in Harmony Multi Academy Trust,12,https://www.newnorthacademy.com/
GB,Oxford Diocesan Bucks Schools Trust,12,https://www.padburyschool.co.uk
NL,Ozeo,12,https://www.kindcentrumdemarel.nl/onze-scholen/de-tweern-sbo/
PL,Białołęka,12,https://przedszkole445.pl/
GB,City of York Council,12,https://www.stocktonprimary.co.uk
GB,The Bishop Konstant Catholic Academy Trust,12,https://www.sjg.bkcat.co.uk/
GB,Cumbria Education Trust,12,https://www.castleparkschool.org.uk/
NO,Alta kommune,12,https://alta.kommune.no/talvik-oppvekstsenter.571615.no.html
GB,Melrose Learning Trust,12,https://sthildsprimary.org.uk/
GB,Dales Academies Trust,12,https://www.stfrancispri.dalesmat.org/
GB,The Bishop Wheeler Catholic Academy Trust,12,https://www.stjosephsharrogate.org
GB,Northern Star Academies Trust,12,https://www.starbeckprimaryacademy.org.uk/
GB,Outwood Grange Academies Trust,12,https://www.greystone.outwood.com/
DE,Hansestadt Stendal,12,https://www.stendal.de/de/fruehkindliche-bildung/organisationseinheit/74/kita_uchtespatzen.html
PL,Gmina Lisia Góra,12,http://zespolszkolnj.szkolnastrona.pl/
DE,JUL,12,https://www.jul-kita.de/hamburg-kita-berner-heerweg/
GB,Anglian Learning,12,https://wimbishprimary.org/
GB,Expeditions Schools,12,https://www.overhall.cheshire.sch.uk/
GB,Corpus Christi Catholic Academy Trust,12,https://www.stanthonysrcprimaryschool.co.uk/
DE,Stadt Speyer,12,https://www.speyer.de/de/bildung/kinder/kindertagesstaetten/schatzinsel/
SE,Nybro kommun,12,
CH,Globegarden Childcare,12,https://www.kribbelkrabbel.ch/
DE,Stadt Singen,12,http://www.kindergarten-singen.de/
CH,Fondation de l'Enfance et de la Jeunesse,12,https://fondation-fej.ch/structures/nurserie-des-alpes/
DE,Stadt Moers,12,https://www.moers.de/de/kinder-und-jugendeinrichtungen/staedt.-tageseinrichtung-fuer-kinder-erlenweg/
NL,Fortior,12,https://demeule.fortior.nl
DE,Stadt Krefeld,12,https://www.krefeld.de/familienportal/kindertagesstaetten/staedtische-kindertageseinrichtung-an-de-dreew/
DE,Diakoniewerk Essen,12,https://www.diakoniewerk-essen.de/Kinder/Kindertagesstaetten/3098-Kita+Kinderwelt
DE,Stadt Essen,12,https://www.essen.de/leben/einstieg_fuer/kinder/kitas/kita_foerderstrasse.de.html
GB,Exceed Academies Trust,12,https://parkaspire.co.uk/
GB,Waterton Academy Trust,12,https://leebrigginfants.org/
FI,Norlandia,12,https://karuselli.norlandiapaivakodit.fi/
AT,Stadt Hohenems,12,https://www.hohenems.at/de/stadt-hohenems/kinder/kindergarten-witzke/
PT,Agrupamento de Escolas de Celorico de Basto,12,http://www.eb1-sta-luzia-canedo.nets.pt
DE,Gesamtverband der Katholischen Kirchengemeinden in der Region Hannover,12,https://www.kath-kitas-hannover.de/unsere-einrichtungen/kindertagesstaette-st-martin-hannover-misburg/
GB,Our Lady and All Saints Catholic Multi Academy Company,12,https://www.stannessolihull.co.uk
GB,Bradgate Education Partnership,12,https://www.mountfields.bepschools.org/
IT,Comune di Modena,12,
DE,Gemeinnützige Kindertagesstätte Mini-Mäuse GmbH,12,https://www.kita-minimaeuse.de/
NL,Cadans Primair,12,https://www.bsdetouwladder.nl
GB,All Saints Schools Trust,12,https://www.occoldprimaryschool.org/
GB,Peterborough City Council,12,https://www.caverstede.peterborough.sch.uk/
GB,Northampton Primary Academy Trust,12,https://www.ectonbrook.org.uk/
PT,Agrupamento de Escolas de Tondela Cândido de Figueiredo,12,http://www.aetcf.pt
NL,Onderwijsgroep Amstelland,12,https://www.kareleykmanschool.nl
NL,ISOB,12,https://www.elckerlyc-heiloo.nl
NL,West Openbaar Onderwijs,12,https://www.obshetgaljoen.nl
NL,Amstelwijs,12,https://amsteltaal.nl
NL,PrimAH,12,https://www.swsoostermoer.nl
SE,Gävle kommun,12,https://www.gavle.se/staffansgarden
GR,Διεύθυνση Πρωτοβάθμιας Εκπαίδευσης Δυτικής Θεσσαλονίκης,12,
NL,Zinder,12,https://dehagenpoort.nl/
NL,Scholengroep Hannah,12,https://dominodenham.nl
PL,Gmina Miejska Lubin,12,https://pm5lubin.szkolnastrona.pl/
DE,Stadt Stuttgart,12,https://www.stuttgart.de/kita-tapachstrasse
DE,Stadt Nürtingen,12,https://www.nuertingen.de/stadt-nuertingen/bildung-betreuung/kinderbetreuung/staedtische-kindertageseinrichtungen/kindertageseinrichtungen-kernstadt/kindergarten-schmidstrasse
UA,Управління освіти та гуманітарної політики Уманської міської ради,12,https://dnz-23-uman.webnode.com.ua
FR,Mairie,11,https://boissy-sans-avoir.fr/enfance-et-vie-scolaire/la-creche/
GB,An Daras Multi Academy Trust,11,https://princetowncp.eschools.co.uk/
NL,Proominent,11,https://www.obsuniek.nl
NL,ASKO,11,https://www.kbsdearchipel.nl
NL,Katholieke Scholenstichting Utrecht,11,https://www.ksu-onderdebogen.nl
NL,Educatis,11,https://ehschool.educatis-rpo.nl
NL,Al Amana Scholen,11,https://veenendaal.alamana.nl
NL,Scholengroep Veluwezoom,11,https://www.ikcdorpsschoolrozendaal.nl
NO,Voss Herad,11,
HR,Dječji vrtić Didi,11,https://vrticdidi.hr/
DE,Samtgemeinde Tostedt,11,https://www.handeloh.de/
GB,Marches Academy Trust,11,https://oakmeadowprimary.co.uk/
GB,The Rivers C of E Multi Academy Trust,11,https://www.heronswoodprimaryschool.co.uk/
GB,North West Academies Trust Limited,11,https://ellesmereprimaryschool.org.uk/
GB,Nexus Education Schools Trust,11,https://www.goosegreenprimaryschool.org/
GB,Diocese of St Albans Multi-Academy Trust,11,https://www.churchfield.herts.sch.uk/
GB,The Good Shepherd Trust,11,https://www.ashleyschool.org.uk/
GB,South Farnham Educational Trust,11,https://www.woodstreetschool.co.uk/
GB,University of Chichester (Multi) Academy Trust,11,https://www.weyfordprimary.chimat.uk/
DE,Stadt Nürnberg,11,https://www.nuernberg.de/internet/kinderbetreuung/kitas_a_z.html
NL,Obase,11,https://dekirreweie.obase.nl
NO,Porsgrunn kommune,11,
PL,Włochy,11,https://pi314waw.szkolnastrona.pl/
PL,Ursus,11,https://www.przedszkole413.pl/
PL,Żoliborz,11,https://przedszkole446.edu.pl/
PL,Zespół Żłobków m. st. Warszawy,11,
GB,St Francis Catholic Multi Academy Trust,11,https://www.st-josephs.notts.sch.uk/
GB,Cidari Education Limited,11,https://castleview.school/
DE,THEPRA Landesverband Thüringen e. V.,11,https://www.thepra.info/seite/408973/schlumpfenland.html
PT,Santa Casa da Misericórdia,11,https://www.misericordiadamaia.com/cp-spf
DE,Evangelischer Kirchenkreis Bielefeld,11,http://www.petrikirche-bielefeld.de/Kinder/Kindergarten/Ziegelstrasse/ziegelstrasse.htm
GB,Spark Education Trust,11,https://whitehouseprimaryschool.org.uk
GB,Pele Trust,11,http://www.heddon-school.co.uk
DE,Gemeinde Hohe Börde,11,https://www.hoheboerde.de/bildung-und-soziales/kinderbetreuung-in-kitas
DE,Stadt Regensburg,11,https://www.regensburg.de/leben/familien/kinderbetreuung/kindergaerten/70031/staedtische-kindertagesstaette-gewerbepark.html
FR,People & Baby,11,https://www.people-and-baby.com/creches/baby-stan-nancy
FR,CC Porte de DrômArdèche,11,
DE,Kinderzentren Kunterbunt gGmbH,11,https://kinderzentren.de/hamburg-kita-kiku-kinderland
GB,Epping Forest Schools Partnership Trust,11,https://www.bhcps.efspt.org/
GB,Maritime Academy Trust,11,https://www.featherby-inf.medway.sch.uk/
NO,Trondhjems Asylselskap Sti,11,https://ta-midtbyen.no/
SE,Halmstads kommun,11,http://www.halmstad.se/forskolaskola/forskola15ar/kommunalaforskolor/skolomradesoder/gaddansforskola.2010.html
DE,Stadt Mörfelden-Walldorf,11,https://www.moerfelden-walldorf.de/de/leben/kinder/kitas/kita-v-heidelberger-strasse/
CH,"Stadt Zürich, SSD, Schulkreis Waidberg, Schuleinheit Waidhalde",11,https://www.stadt-zuerich.ch/schulen/de/waidhalde/ueberuns/standorte/kindergaerten.html#kindergaerten_waidfussweg
CH,Leolea Stadt Bern GmbH,11,http://www.leolea.ch/places/eichhoernli/
DE,AWO Soziale Dienste gemeinnützige GmbH,11,https://awo-bremen.de/kinder-jugend-familie-frauen/kinder-familie/kitas/awo-kita-am-hallacker
FR,Association des Maisons de quartier de Reims,11,
ES,Ayuntamiento de Valladolid,11,
DE,Deutscher Kinderschutzbund Ortsverband Essen e.V.,11,https://www.dksb-essen.de/kinderbetreuung/kitas-familienzentren/kita-gruga-zwei-ruettenscheid
DE,Mumm-Familienservice gGmbH,11,https://mumm-mg.de/
GB,White Woods Primary Academy Trust,11,http://brinsworthmanorinfants.co.uk/
GB,Peak Edge,11,https://huntersbarinfantschool.co.uk
DE,Stadt Kassel,11,https://kibeka.kassel.de/kibeka/details/einrichtung/29
PL,Gmina Ryki,11,http://www.sp-ownia.szkolna.net
FI,Järvenpään kaupunki,11,https://www.jarvenpaa.fi/opetus-ja-kasvatus/varhaiskasvatus-ja-esiopetus/varhaiskasvatus/kunnallinen-varhaiskasvatus/kunnalliset-paivakodit/paivakoti-pikkuvanha
DE,Maschseekinder gGmbH,11,https://maschseekinder.de/kita-in-der-wasserstadt/
GB,St. John Paul II Multi Academy Company,11,https://www.holycross-sch.net/
GB,The Rutland Learning Trust,11,https://www.monksmoorceprimary.co.uk/
NL,Sinne,11,https://www.sinnekinderopvang.nl/vind-een-locatie/jacobijnerkerkhof
NL,PPO De Link,11,https://denijenoord.nl
NL,OPO-R,11,https://wissel-tiel.nl
NL,De Stroming,11,https://www.cbsdeparel.net
NO,Ringerike kommune,11,https://ringerike.kommune.no/innhold/barn-og-unge/barnehager/heradsbygda-barnehage/
GB,Bedford Borough Council,11,https://www.balliolschool.co.uk/
SE,Solna stad,11,https://www.solna.se/barn--utbildning/forskola/hitta-forskola-och-pedagogisk-omsorg/backens-forskola
DE,Caritasverband Dortmund e.V.,11,https://caritas-dortmund.de/menschen-mit-behinderung/kinder-mit-foerderbedarf/familienzentrum-st-stephanus/familienzentrum-st-stephanus/
DE,Stadt Lünen,11,
GB,Unity Education Trust,11,https://www.wimbotshamandstowacademy.co.uk/
PT,Agrupamento de Escolas Frei Heitor Pinto,11,
NL,Meerwerf,11,https://www.prinsesmargriet.meerwerf.nl
NL,SCOPS,11,https://www.prinsfloris.nl
NL,Markant-LeerSaam,11,https://obsdetoermalijn.nl
DK,Greve Kommune,11,
PL,Gmina Biłgoraj,11,https://zs-sol.edupage.org
DE,IKT Stadtindianer e.V.,11,https://stadtindianer.org/einrichtungen/kita/tiponi/
DE,Klax Berlin,11,https://www.klax-kita.de/einrichtungen/krippen/mondbaer
DE,Orte für Kinder,11,http://www.ortefuerkinder.de/unsere-kitas/prinz-rose/
DE,Kinder in Bewegung gGmbH,11,https://www.kib-online.org/kindergaerten/neukoelln/grashuepfer/
NL,Kits Primair,11,https://ikcpietervanthuyl.nl
NL,OPO Borger-Odoorn,11,https://www.montessoriborger.nl
DE,Trägergemeinschaft TfK im Ev. KK Gütersloh,11,https://www.kirchegt-kitas.de/kitas-2/ev-kita-mittendrin-bielefeld-sennestadt/
DE,Stadt Metzingen,11,https://www.metzingen.de/de/Leben-Rathaus/Leben/Kinder/Kinderbetreuung/Kinderbetreuung?view=publish&item=nursery&id=1009
SE,Timrå kommun,10,
GB,The Thinking Schools Academy Trust,10,https://www.furzehamprimary.org/
BE,Katholiek Onderwijs Dekenaat Bilzen,10,https://bloesem-driesprong.be/
NL,De Drieslag,10,https://www.pwabarneveld.nl
NL,Voila,10,https://www.paletleusden.nl
NL,Robijn,10,https://www.toonladderzuilenstein.nl
NL,Delta De Bilt,10,https://www.julianaschoolbilthoven.nl
NL,Aurora Onderwijsgroep,10,https://www.basisschooldeschovenhorst.nl
NL,SIMON scholen,10,https://www.bilalschool.nl
SE,Härryda kommun,10,https://www.harryda.se/barnochutbildning/forskolaochfamiljedaghem/kommunalaforskolor/barrskogensforskola.4.4bd770a51817ff14fcd100ad.html
HR,Dječji vrtić Radost,10,https://vrtic-radost.zagreb.hr/
GB,Emmaus Catholic Multi Academy Company,10,https://olqp.sch.life/
GB,Academy Transformation Trust,10,https://www.jubilee.attrust.org.uk/
DE,AWO Regionalverband Rhein-Erft und Euskirchen e. V.,10,https://www.awo-bm-eu.de/kinder/kitas/94-Zauberwald
DE,Caritas Lebenswelten GmbH,10,https://www.caritas-lebenswelten.de/kindertagesstaetten/schikita.html
DE,Stadt Düren,10,https://www.dueren.de/familie-bildung/kinderbetreuung/kindertageseinrichtungen
DE,AWO-KiSA gUG,10,https://www.awo-kisa.de/familienzentrum-wirbelwind/
DE,AWO Regionalverband Rhein-Erft & Euskirchen e.V.,10,https://www.awo-bm-eu.de/kinder/kitas/30-Firmenich
SE,Karlstads kommun,10,https://karlstad.se/forskola-skola-och-utbildning/forskola/forskolor-och-familjedaghem/dirigentens-forskola
PL,Gmina Dębno,10,https://pspniedzwiedza.edupage.org/
PL,Gmina Brzesko,10,http://psp2.jadowniki.szkolnastrona.pl/
GB,Royal Borough of Kingston upon Thames,10,https://www.tolworthschool.org.uk/
GB,London Borough of Richmond Upon Thames,10,https://holytrinityschool.org.uk/
GB,All Saints Catholic Academy Trust,10,https://www.sjfisher.herts.sch.uk/
GB,The Pope Francis Catholic Multi Academy Company,10,https://www.st-josephs.oxon.sch.uk/
NL,Coöperatie ZWN,10,https://www.aangeenbrugschool.nl
GB,Yorkshire Learning Trust,10,https://www.wheldrakewiththorganbyschool.co.uk/
GB,The Rose Learning Trust,10,https://www.crowleprimaryschool.com/
GB,Yorkshire Collaborative Academy Trust,10,https://www.hawesprimary.co.uk/
DE,"AWO Alten-, Jugend- und Sozialhilfe gGmbH",10,https://www.kindergarten-sonneberg.de/kindergaerten/villa-sonnenschein-steinach/
UA,Управління гуманітарної політики Локачинської селищної ради,10,
GB,Yorkshire Causeway Schools Trust,10,https://richardtaylor.ycst.co.uk/
GB,Galileo Multi Academy Trust,10,https://www.galleyhillprimary.co.uk/
GB,Smart Multi Academy Trust,10,https://www.stocksfield.smartacademies.net/
DE,Stadt Möckern,10,https://www.moeckern-flaeming.de/verzeichnis/visitenkarte.php?mandat=37947
NO,Sør-Varanger kommune,10,
DE,Hansestadt Lüneburg,10,http://www.kita-oedeme.de
DE,Bistum Augsburg,10,https://bistum-augsburg.de/Pfarreien/St.-Margareta_Buehl/Kindergaerten/St.-Margareta_Buehl
GB,LIFE Education Trust,10,https://benhurst.havering.sch.uk/
GB,Canonium Learning Trust,10,https://www.st-andrews.academy/
DE,Stadt Ingolstadt,10,https://ingolstadt.de/Leben/Kinder-Jugend-Familie/Kinderbetreuung/Kitas-der-Stadt-Ingolstadt/Kita-Am-Blumenviertel/
DE,Stadt Aichach,10,https://www.aichach.de/B%C3%BCrger/Familie-Soziales-/Kinderbetreuung/Kinderkrippe/Kinderkrippe-Sonnenschein/
NO,Stjørdal kommune,10,https://stjordal.kommune.no/tjenester/barnehage-og-skole/barnehage/barnehager-i-stjordal/sentrum
NO,Arendal kommune,10,https://stinta.barnehageenhet.no/
GB,Concordia Multi Academy Trust,10,https://www.wpns.org.uk/
GB,Romero Catholic Academy Trust,10,https://www.king-pri.lancs.sch.uk/
PT,Agrupamento de Escolas de Alcanena,10,
DE,Lebenshilfe Gelderland gGmbH,10,https://www.kita-klatschmohn.org/
DE,AWO Familienglobus,10,https://www.awo-duesseldorf.de/kinder/kindertagesstaetten/urmel-bilk/
DE,Stadt Erkelenz,10,
DE,Jugend- und Sozialwerk gGmbH,10,https://www.jugendundsozialwerk.de/kitas/mecklenburg-vorpommern/kita-peenefuechse/
GB,St Clare Catholic Multi Academy Trust,10,https://stwilfridssheffield.co.uk/
GB,Owlcotes Multi Academy Trust,10,https://www.fountainprimary.leeds.sch.uk/
GB,East Midlands Education Trust,10,https://www.heathlandsprimary.co.uk/
GB,Redhill Academy Trust,10,https://www.tpna.org.uk/
GB,Every Child Matters Academy Trust,10,https://www.kexboroughprimary.com/
FI,Touhula päiväkodit,10,https://touhula.fi/paivakoti/vantaa-touhula-korso/
DE,Stadt Erfurt,10,
PT,Santa Casa da Misericórdia de Oeiras,10,https://misericordia-oeiras.pt/educacao/creche-pre-escolar/o-traquinas/
DE,"Venito Diakonische Gesellschaft für Kinder, Jugendliche und Familien gGmbH",10,https://www.dachstiftung-diakonie.de/gesellschaften/venito/familienzentrum-suedstadt/
GB,The Mead Educational Trust,10,https://www.netherhall-tmet.uk/
GB,St Teresa of Calcutta Multi Academy Company,10,https://www.st-chads.bham.sch.uk/
GB,Arden Forest C of E Multi Academy Trust,10,https://harburyschool.com/
GB,EPA Trust,10,https://www.cropredyprimary.co.uk/
GB,InMAT,10,https://www.ashbyfields.co.uk/
NL,SAAM*,10,https://www.obsravelijn.nl
NO,Gjøvik kommune,10,https://gjovik.kommune.no/biribarnehage/
GB,Broad Horizons Education Trust,10,https://www.bps-edu.co.uk/
RO,Administrația Școlilor Sector 6,10,http://gradinitanr229.ro/
GB,The Cam Academy Trust,10,https://www.hartfordinfantschool.org/
GB,Voyage Education Partnership,10,https://www.stanilandacademy.net/
IT,Comune di Catania,10,
ME,Javna Predškolska Ustanova “Ljubica Popović”,10,https://ljubicapopovic.me/v_jedinica/o_nama/11/Masla%C4%8Dak
FI,Joensuun kaupunki,10,https://www.joensuu.fi/paivakodit
PL,miasto Przemyśl,10,https://pm11.przemysl.edu.pl/
DE,Stadt Hattingen,10,"https://www.hattingen.de/stadt_hattingen/Rathaus/Fachbereiche/Kinder,%20Jugend%20und%20Familie/St%C3%A4dtische%20Kinderg%C3%A4rten/Nordstra%C3%9Fe/"
DE,AWO Unterbezirk Ennepe-Ruhr,10,https://kita-heven.awo-en.de/
IT,Comune di Genova Municipio 1,10,
FR,Grandir,10,https://www.lpcr.fr/creches/montrouge/173/
GB,Pathway Trust,10,https://www.cherrygardenprimary.co.uk/
NO,Sarpsborg kommune,10,https://sarpsborg.com/barn-og-skole/barnehage_startside/tindlundbarnehage/
DE,Stadt Mühldorf am Inn,10,
NL,SCO Delft e.o.,10,https://www.cbshettalentdenhoorn.nl
NL,Spectrum,10,https://cbsdewiekslag.net
NL,Delta,10,https://www.kcmontessorioosterhout.nl
NL,PCPO Capelle-Krimpen,10,https://www.debalanssbo.nl
NL,Floreant,10,https://www.hetkoloriet.nl
NL,Wolderwijs,10,https://www.kindcentrumruinerwold.nl
NO,Stange kommune,10,
NO,Time kommune,10,https://austbobhg.no/
DE,Stadt Murrhardt,10,
DE,Stadt Backnang,10,https://www.backnang.de/bildung-und-betreuung/kinderbetreuung/wie+melde+ich+mein+kind+in+der+kita+an/Kindergarten+Ob+der+Ekertsklinge
DE,Stadt Göppingen,10,https://www.goeppingen.de/start/lernen/Spielgruppe+Meerbach_Maeuse.html
FR,people&baby,9,https://www.people-and-baby.com/creche/menthe-a-l-eau/992399
UA,Мiнiстерство освiти i науки,9,
UA,Управління освіти і науки Броварської міської ради,9,http://brovary-dnz-teremky.edukit.kiev.ua
GB,Education South West,9,https://www.wynstreamprimary.org.uk/
GB,Alumnis Multi-Academy Trust,9,https://webbers.devon.sch.uk/
SI,Vrtec Ptuj,9,http://vrtec-ptuj.si/
BE,GO! scholengroep Zuid-Limburg,9,https://www.bsschuttershof.be/tichelrij
BE,Kanunnik Triestscholen vzw,9,https://tuinwijk.kt-scholengroep.be/
NL,PCBO Baarn-Soest,9,https://gasparddc.nl
NL,Het Sticht,9,https://www.montinischool.nl
NL,De Oorsprong,9,https://desterrenboogdoorn.nl
SE,Borlänge kommun,9,
DE,Amt Britz-Chorin-Oderberg,9,https://britz-chorin-oderberg.de/rathaus/schulen-kitas/kinderhort-am-albrechtsberg-in-oderberg
DE,Stadt Fürth,9,https://www.fuerth.de/DesktopDefault.aspx/tabid-147/298_read-28560/usetemplate-print/
DE,Stiftung Kindergärten Finkenau,9,https://finkenau.de/kita/kita-fuhlinge
DE,Kinderwelt Hamburg e.V.,9,https://kinderwelt-hamburg.de/standorte/turmweg/
GB,Perry Hall Multi-Academy Trust,9,https://www.woodthorneprimary.org/
GB,Primary Quest Multi-Academy Trust,9,https://www.bromesberrowschool.co.uk/
GB,The Societas Trust,9,https://ashgreenprimary.co.uk/
GB,Greenheart Learning Partnership,9,https://pga.greenheartlearning.org/
GB,Shropshire Council,9,https://www.stokeonternschool.org.uk/
ES,Departament d'Educació de la Generalitat de Catalunya,9,https://agora.xtec.cat/ceip-miquelmartipol-viladecans/
DE,Sozialdienst katholischer Frauen e.V.,9,https://skf-stolberg.de/einrichtungen/tagesstaette-fuer-spanische-kinder/
DE,Arbeiterwohlfahrt Kreisverband Aachen-Stadt e.V.,9,https://www.awo-aachen.de/kita-gordelerstrasse
DE,BKJ Eschweiler,9,https://www.bkj-eschweiler.de/pages/kindergaerten/florianweg.php
DE,Katholischer Kirchengemeindeverband Alsdorf,9,https://www.kiga-st-barbara-alsdorf.de/
DE,Jugend- und Sozialwerk gemeinnützige GmbH,9,https://www.jugendundsozialwerk.de/kitas/brandenburg/cottbus/kita-am-storchennest/
NO,Askøy kommune,9,https://askoy.kommune.no/tjenester/barnehagen/barnehagene-pa-askoy/kommunalebarnehager/hanoy-barnehage
NO,Kvinnherad kommune,9,https://kvinnherad.kommune.no/oelve-barnehage.463286.nn.html
GB,Mosaic Schools Learning Trust,9,https://www.oaklodgeprimaryschool.org/
GB,Inspire Partnership Academy Trust,9,https://www.woodside.croydon.sch.uk/
GB,St Benedict Catholic Academy Trust,9,https://www.stanthonysprimary.co.uk/
GB,Anthem Schools Trust,9,https://www.gladpark.anthemtrust.uk/
GB,Wandle Learning Trust,9,https://www.ravenstoneschool.co.uk/
GB,The Park Federation Academy Trust,9,https://www.iver-inf.bucks.sch.uk/
GB,Avanti Schools Trust,9,https://www.avantihouseprimary.org.uk/
GB,St Oscar Romero Catholic Academy Trust,9,https://www.st-anthonys.bromley.sch.uk/
GB,The Collective Community Trust,9,https://www.prendergast-ladywell.com/
GB,Ormiston Academies Trust,9,https://oqma.co.uk/
BE,Stad Gent,9,https://stad.gent/nl/openingsuren-adressen/kinderdagverblijf-het-nachtegaaltje
NL,Lithora,9,https://cbs-onderdewieken.nl
NL,Primas-Scholengroep,9,https://www.dekamperschouw.nl
CZ,ÚMOb Moravská Ostrava a Přívoz,9,https://www.mspodebradova.cz/
PL,Miasto Stołeczne Warszawa,9,http://www.przedszkole68wawa.edupage.org
GB,Horizon Academy Trust,9,https://www.thanet.hull.sch.uk/
GB,Minster Trust for Education,9,https://stmatthewscofeprimaryschool.co.uk/
PT,"Agrupamento de Escolas Josefa de Óbidos, Óbidos",9,
DE,von Laer Stiftung,9,https://www.von-laer-stiftung.de/index.php/kindertagesstaetten/bielefeld-kita-muehlenpark
DE,caritas,9,https://www.caritas-kinderhaus-st-nikolaus.de/de
GB,Northern Lights Learning Trust,9,https://www.damedorothyprimary.co.uk/
GB,Red Kite Learning Trust,9,https://www.coppicevalley.com/
GB,Ad Astra Academy Trust,9,https://brougham.adastraschools.org/
GB,Cheviot Learning Trust,9,https://wfs.cheviotlt.co.uk/
GB,Stanley Learning Partnership,9,https://www.burnhopeprimary.co.uk/
NO,Kinn kommune,9,
DE,Stadt Burg,9,https://www.stadtburg.info/kindereinrichtungen.html
PL,Wawer,9,https://p437.eduwarszawa.pl/
DE,Deutscher Kinderschutzbund,9,http://kinderstuebchen-kassau.de/
GB,Portsmouth City Council,9,https://www.manorinfantschool.co.uk
FI,Oulun kaupunki,9,https://www.ouka.fi/oulu/ylikiimingin-paivakoti/etusivu
DE,Christliches Jugenddorfwerk Deutschlands gemeinnütziger e. V.,9,https://www.cjd.de/de/cjd-familienzentrum-fuer-inklusive-begabungsfoerderung
GB,The Primary First Trust,9,https://www.wayfield.medway.sch.uk
GB,EKC Schools Trust Limited,9,https://www.bysing-wood.kent.sch.uk/
GB,The Stour Academy Trust,9,https://www.lansdowne.kent.sch.uk/
NO,Luster kommune,9,https://luster.kommune.no/framside.255488.nn.html
DE,AWO Bezirksverband Oberbayern e.V.,9,https://awo-obb.de/kinder/einrichtung/awo-kindertagesstatte-rappelkiste
DE,"Landeshauptstadt München, Referat für Bildung und Sport",9,https://stadt.muenchen.de/service/info/kindertagesstaette-baeckerstr-62/1052479/
NO,Lindesnes kommune,9,https://skjebstadbarnehage.no/
GB,Vantage CE Academies Trust,9,https://stbarnabas.manchester.sch.uk/
GB,Rainbow Education Multi-Academy Trust,9,https://www.district.st-helens.sch.uk/
GB,The Learning Partnership Academies Trust,9,https://www.leightonacademy.com/
GB,Prestolee Multi Academy Trust,9,https://www.bowness.bolton.sch.uk/
GB,Halliard Trust,9,https://lowerpark.ht.school/
GB,Leading Learners Multi Academy Trust,9,https://www.mendell.wirral.sch.uk/
CH,"Stadt Zürich, SSD, Schulkreis Uto, Schuleinheit Falletsche - Leimbach",9,https://www.stadt-zuerich.ch/schulen/de/falletsche/ueberuns/standorte/kindergaerten.html#kindergarten_zwirnerstrasse
CH,"Stadt Zürich, SSD, Schulkreis Uto, Schuleinheit Gabler",9,https://www.stadt-zuerich.ch/schulen/de/gabler/ueberuns/standorte/kindergaerten.html
CH,"Stadt Zürich, SSD, Schulkreis Waidberg, Schuleinheit Letten",9,https://www.stadt-zuerich.ch/schulen/de/letten/ueberuns/standorte/kindergaerten.html#kronenwiese_1_2
DE,Bremische Evangelische Kirche,9,https://www.kirche-bremen.de/neustadt/
NO,Nesodden kommune,9,https://nesodden.kommune.no/barn-unge/barnehager/kommunale-barnehager/eplehagen-barnehage/
NO,Horten kommune,9,
FR,Structure Petite Enfance,9,https://www.spe-reims.fr/creches/creche-des-hautes-feuilles/
NL,Invitare,9,https://daltonschooldeklimop.nl
DE,Zaubersterne gGmbH,9,https://www.zaubersterne-duisburg.de/kr-huels.html
DE,Stadt Willich,9,https://kitas-willich.de/willich/kita-alperhof/
GB,Exceed Learning Partnership,9,https://www.willowprimaryschool.co.uk/
GB,Inspire Partnership Multi Academy Trust,9,https://gawthorpe.inspirepartnership.org.uk/
IE,Little Harvard,9,https://www.littleharvard.ie/leixlip-ecce-after-school
NO,Levanger kommune,9,
GB,The Warriner Multi Academy Trust,9,https://www.horntonprimaryschool.co.uk/
GB,Stowe Valley Multi Academy Trust,9,https://www.rokebyprimaryschool.co.uk/
PL,Biała Podlaska,9,http://www.przedszkole6bp.pl
GB,Deal Education Alliance for Learning Trust,9,https://www.hornbeam.kent.sch.uk/
DE,Katholischer Seelsorgebereich Sankt Augustin,9,https://www.katholische-kindergaerten.de/kitas/443-katholisches-familienzentrum-kita-buisdorf
NL,Stichting Openbare Basisscholen Helmond,9,https://www.obsbrandevoort.nl/
NL,BasisBuren,9,https://obsdeboogerd.nl
NL,Wonderwijs,9,https://www.suntewerfert.nl
NL,Best Onderwijs,9,https://www.klimboom.nl
DE,"""Hanse-Kinder"" - Eigenbetrieb der Universitäts- und Hansestadt Greifswald",9,https://hanse-kinder.de/kitas/rudolf-petershagen/
GB,Evolution Academy Trust,9,https://elmtreeprimary.org.uk/
GB,The Tilian Partnership,9,https://sites.google.com/tilian.org.uk/oldnewton/
NO,Rana kommune,9,
ES,Ayuntamiento de Madrid,9,https://www.educa.madrid.org/eei.osamenor.madrid
GB,Our Lady Immaculate Catholic Academies Trust Ltd,9,https://www.ourladyscatholic.northants.sch.uk/
FI,Hyvinkään kaupunki,9,https://www.hyvinkaa.fi/kasvatus-ja-koulutus/varhaiskasvatus/Avoimet-paivakodit/paivapirtti/
SE,Stockholms stad,9,https://forskola.stockholm/hitta-forskola/forskola/forskolan-nyangsvagen-66
PL,Miejski Zespół Żłobków w Lublinie,9,https://nr4.zlobki.lublin.eu/
DE,Stadt Witten,9,http://www.familienzentrum-erlenschule.de/
DE,Evangelischer Kirchenkreis Herne,9,https://ev-kindergarten-herne.de/portfolio/evangelische-kindertagesstaette-holsterhausenmittendrin-ludwig-steil-strasse-28/
DE,Outlaw gGmbH,9,https://outlaw-ggmbh.de/einrichtung/kita-gronowskistrasse-und-familienzentrum-toppheide
HU,Kiskunfélegyházi Napköziotthonos Óvoda,9,http://www.szazszorszep-ovi.hu
FR,Fondation Léopold Bellan,9,https://bellan.fr
FR,Ville de Colombes,9,
DE,Diakonisches Werk Innere Mission Leipzig e.V.,9,https://www.diakonie-leipzig.de/kindertagesstaetten_das_samenkorn_-_leipzig_lindenau_de.html
DE,Volkssolidarität Stadtverband Leipzig e.V.,9,https://www.volkssolidaritaet-leipzig.de/kinderbetreuung/kindertagesstaette-leipzig-zentrum-sued/
GB,Extend Learning Academies Network,9,https://www.bournvilleprimaryschool.co.uk/
GB,Mosaic Partnership Trust,9,https://www.gillingstool.org.uk/
GB,Severn Federation Academy Trust,9,https://www.stmarysyate.org.uk/
FR,Dinan Agglomération,9,
PT,Agrupamento de Escolas de Tábua,9,
NL,Octant,9,https://www.ackerweide-octant.nl
NL,AURO,9,https://www.obs-dekajuit.nl
NL,Junis,9,https://junis.nl/locaties/piratenschip/
NL,Samenwerkende Vrijescholen Zuid-Holland,9,https://www.wonnebald.nl
NL,OPOPS,9,https://bskofschip.nl
NL,Abbo Kindcentra,9,https://www.dezeeridder.nl
NL,Samen Onderwijs Maken,9,https://obs-dedobbelsteen.nl
PT,Agrupamento de Escolas de Oliveira de Frades,9,
DK,Furesø Kommune,9,https://www.furesoe.dk/borger/dagtilbud-skole-og-unge/dagtilbud/kommunale-dagtilbud/integrerede-institutioner/boernehuset-birkedal
NO,Hammerfest kommune,9,
NO,Karmøy kommune,9,https://karmoy.kommune.no/innbygger/barn-og-familie/barnehage/oversikt-barnehager/storesund-barnehage.39
LU,Ville de Luxembourg,9,
DE,Mittelhof e.V.,9,https://www.mittelhof.org/kitas/die-kobolde/
DE,Pfefferwerk Stadtkultur,9,https://www.pfefferwerk.de/kindertagesstaetten/kita-oase/
DE,Arbeiterwohlfahrt Berlin Kreisverband Südost e.V.,9,https://www.awo-südost.de/kita-kinderwelt
SE,Sölvesborgs kommun,9,
DE,Gemeinde Urbach,9,"http://www.urbach.de/,Lde/start/Gemeinde/Waldkindergarten.html"
DE,Stadt Aichtal,9,https://www.aichtal.de/de/oeffentliche-einrichtungen/kindergaerten/kinderhaus-im-weckholder/
DE,Caritasverband Frankfurt,9,https://www.caritas-frankfurt.de/ich-suche-hilfe/wege-finden/kinderbetreuung/st.-katharina/st.-katharina
DE,AWO Frankfurt,9,https://www.awo-frankfurt.de/kita-europaviertel
PL,Miasto Poznań,8,http://przedszkole23.com/
GB,Connect Academy Trust,8,https://www.preston.torbay.sch.uk/
NL,Kindante,8,https://www.kindcentrumoirsbeek.com/basisschooldesprong
BE,GO! scholengroep Wijs,8,https://www.bsdelinde.be/
BE,Katholiek Onderwijs Beringen en Lummen,8,https://dewegwijzer-lummen.be/
BE,Ferm,8,www.samenferm.be
NL,CBO Zeist,8,https://www.beurthonk.nl
NL,De Viermaster,8,https://cbsdewaterstroom.nl
NL,Alberdingk Thijm Scholen,8,https://www.mariaschooleemnes.nl
NL,EduCare,8,https://arend.educare.nl
NL,CNS Putten,8,https://www.bmdbdeakker.nl
SE,Säters kommun,8,
DE,KMK kinderzimmer GmbH & Co. KG,8,https://www.kita-kinderzimmer.de/standorte/hamburg-neugraben-fischbek-vogelkamp/
DE,Stadt Achim,8,
GB,Hales Valley Trust,8,https://www.woodside.dudley.sch.uk/page/?title=Nursery&pid=61
GB,Shropshire Church of England Academies Trust,8,https://www.meolebraceceprimary.co.uk/
GB,Lumen Christi Catholic Multi Academy Company,8,https://www.stjamescatholicprimary.co.uk
GB,Lighthouse Multi Academy Trust,8,https://www.beacon.lhmat.com/
GB,The Griffin Schools Trust,8,https://www.bramford-gst.org/
GB,Leigh Trust,8,https://www.bentley-west.org.uk/
GB,Manor Hall Academy Trust,8,https://www.sherbrook.staffs.sch.uk/
GB,Gloucestershire Learning Alliance,8,https://www.northwayinfants.org.uk
GB,Tudor Grange Academies Trust,8,https://www.perdiswell.tgacademy.org.uk/
SE,Umeå kommun,8,https://www.skola.umea.se/skolor/forskolor/lundagard.html
DE,KölnKitas gGmbH,8,https://www.koelnkitas.de/kindertagesstaette/alter-muehlenweg/
DE,educcare,8,https://educcare.de/kita-standorte/aachen-campus-wohnen/
DE,KGV Herzogenrath/Merkstein,8,https://kita-stwillibrord.de/
DE,AWO Regionalverband Rhein-Erft und Euskirchen e.V.,8,https://www.awo-bm-eu.de/kinder/kitas/1-Kaleidoskop
NO,Volda kommune,8,
PL,Gmina Kobierzyce,8,https://zsp.pustkow.szkolnastrona.pl/
HU,Vác Város Önkormányzata,8,
HR,Ustanova dječij vrtić Ivana Brlić-Mažuranić,8,
HR,Dječji vrtić Igra,8,https://vrticigra.hr/odgojne-skupine/podrucni-objekti/klostar-podravski/
NO,Bjørnafjorden kommune,8,
NO,Steinkjer kommune,8,https://steinkjer.kommune.no
PL,Gmina Ciężkowice,8,https://spbogoniowice.szkolna.net/
GB,Lion Academy Trust,8,https://www.brookhouseprimary.net/
GB,St Carlo Catholic Academy Trust,8,https://www.stjosephshanwell.org.uk/
GB,The Swan Trust,8,https://www.kingfield.surrey.sch.uk/
GB,Everychild Partnership Trust,8,https://www.burstowschool.org/
GB,Greensand Multi Academy Trust,8,https://www.miltonmount.co.uk/
GB,The Boleyn Trust,8,https://claragrant.boleyntrust.org/
GB,The Diocese of Westminster Academy Trust,8,https://www.stvincent.herts.sch.uk/
GB,Learning Partners Academy Trust,8,https://stoughton-northmead.co.uk
GB,Lumen Learning Trust,8,https://www.echelfordprimary.co.uk/
GB,Great Learners Trust,8,https://www.princesrisboroughprimary.bucks.sch.uk
GB,Aquinas Church of England Education Trust Limited,8,https://www.stjohnsbromley.co.uk/
GB,Our Lady of Grace Catholic Academy Trust,8,https://www.olsg.waltham.sch.uk/
NO,Bamble kommune,8,https://bamble.kommune.no/sb/barnehager/grasmyr-barnehage/
NO,Modum kommune,8,https://modum2019.custompublish.com/skredsvikmoen-barnehage.491556.no.html
ES,A Galiña Azul,8,https://www.escolasinfantisdegalicia.es/mos/
GB,Venn Academy Trust,8,https://thorpeparkacademy.org.uk/
GB,Diverse Academies Trust,8,https://www.brackenlaneprimary-ac.org.uk
GB,The Priory Federation of Academies,8,https://www.lingmooracademy.co.uk/
FR,Mairie de Nantes,8,https://www.education.gouv.fr/annuaire/44100/nantes/ecole/0440696t/ecole-maternelle-publique-jacques-prevert.html
DE,Stadt Gotha,8,https://www.gotha.de/leben-in-gotha/kinder-familie/betreuung/kommunale-kindertagesstaette-spatzennest.html
GB,West End Schools Trust,8,https://www.wingrove.newcastle.sch.uk/
GB,The Laidlaw Schools Trust,8,https://excelsior.laidlawschoolstrust.co.uk/
GB,ONE (Owl North East) Trust,8,https://www.throckleyprim.newcastle.sch.uk
DE,Stadt Wanzleben-Börde,8,https://www.wanzleben-boerde.de/de/kitas/organisationseinheit/51/kindertagesstaette_seesternchen_ot_seehausen.html
DE,Verbandsgemeinde Arneburg-Goldbeck,8,https://www.arneburg-goldbeck.de/leben-wohnen/kindertagesstaetten/knirpsenland/
DE,Verbandsgemeinde Flechtingen,8,https://www.vg-flechtingen.de/zobbenitz.html
AT,KOKO,8,https://koko.at/kinderbetreuung/kindergarten-forelle/
HR,Dječji vrtić Petar Pan,8,https://vrtic-petarpan.zagreb.hr/
BE,Commune de Braine-l'Alleud,8,https://www.braine-lalleud.be/ma-commune/services-communaux/petite-enfance/nos-milieux-d-accueil
DE,Katholische KiTa gGmbH Koblenz,8,https://www.kita-ggmbh-koblenz.de/unsere-kitas/katholische-kindertageseinrichtung-st.-franziskus-weiler/
DE,Stadt Bad Kreuznach,8,https://www.bad-kreuznach.de/familie-bildung-soziales/kindertagesstaetten/kita-pappelweg/
DE,Kath. Kirchengemeinde,8,https://www.katholisch-neuhausen.de/html/content/kindertagesstaette_st_franziskus.html
FR,Ville de Fontaine,8,https://ville-fontaine.fr/enfance-jeunesse/espace-3-pom/
DE,Studentenwerk Schleswig-Holstein,8,https://www.studentenwerk.sh/de/familie/kindertagesstaetten/kiel/campus-krippe/index.html
IT,Circolo di coordinamento n.2,8,
GB,NET Academies Trust,8,https://www.tanysdell.essex.sch.uk/
GB,The Tenax Schools Trust,8,https://www.st-marks.kent.sch.uk/
GB,Our Community Multi Academy Trust,8,https://www.theoaksinfantschool.co.uk
DE,Erzbistum München und Freising,8,https://www.erzbistum-muenchen.de/pfarrei/pv-petershausen-vierkirchen-weichs/St-Jakobus/pfarrkindergarten/92996
NO,Surnadal kommune,8,
PL,Urząd Miejski w Namysłowie,8,http://przedszkole4namyslow.pl/;https://www.facebook.com/879933868704907/
GB,Warrington Borough Council,8,https://www.foxwoodschool.org.uk/
GB,Warrington Primary Academy Trust,8,https://www.kingswayprimaryacademy.co.uk/
GB,Epworth Education Trust,8,https://www.nutgroveprimary.co.uk/
GB,Chester Diocesan Learning Trust,8,https://www.davenhamcofeprimary.com/
GB,Fylde Coast Academy Trust,8,https://www.hambletonprimaryacademy.co.uk/
GB,The Link Education Trust,8,https://www.hiltonlaneprimary.co.uk/
GB,Tameside Metropolitan Borough Council,8,https://www.broadbentfold.tameside.sch.uk/
GB,Oak Trees Multi Academy Trust,8,https://www.poultonlancelyn.wirral.sch.uk/
DE,Postillion,8,https://www.postillion.org/einrichtung/7
DE,Stadt Worms,8,https://www.worms.de/de/mein-worms/kinder-jugend-familie/kinderbetreuung/eintrag.php?id=60
DE,Landeshauptstadt Mainz,8,https://www.mainz.de/vv/oe/Kita-Oberstadt-Familienzentrum-Schillstrasse
DE,Terminal for Kids,8,https://www.terminalforkids.de/kunterbunt
SE,Växjö kommun,8,http://www.vaxjo.se/-/Invanare/Forskola--skola/Barn-1---5-ar/Forskolor/Samlingssida-forskolor/Pilbackens-forskola/
CH,"Stadt Zürich, SSD, Schulkreis Uto",8,https://www.stadt-zuerich.ch/schulen/de/amuetliberg/betreuung/standorte.html#schweighof_1
CH,"Stadt Zürich, SSD, Schulkreis Waidberg, Schuleinheit Weinberg - Turner",8,https://www.stadt-zuerich.ch/schulen/de/weinberg/ueberuns/standorte/kindergaerten.html
CH,"Stadt Zürich, SSD, Schulkreis Uto, Schuleinheit am Uetliberg",8,https://www.stadt-zuerich.ch/schulen/de/amuetliberg/betreuung/standorte.html
CH,"Stadt Zürich, SSD, Schulkreis Uto, Schuleinheit Bühl",8,https://www.stadt-zuerich.ch/schulen/de/buehl/betreuung.html
CH,Güxi Kinderkrippen,8,https://www.guexi.ch/de/standorte
DE,Elisabethenverein Singen e. V.,8,https://www.elv-singen.de
NO,Vestby kommune,8,
NO,Ås kommune,8,
NO,Hustadvika kommune,8,
DE,Stadt Viersen,8,
DE,Step Kids KiTas gGmbH,8,https://www.stepke-kitas.de/standorte/nordrhein-westfalen/moers/kita-zauberwuerfel-moers-mitte/
NL,De Linge,8,https://www.ikcdedoornick.nl
GB,Wickersley Partnership Trust,8,https://www.brinsworthwhitehill.org/
GB,Aston Community Education Trust,8,https://www.lowedgesacademy.org/
GB,Rotherham Metropolitan Borough Council,8,https://www.todwickps.org/
DE,AWO Göttingen,8,https://awo-goettingen.de/kitas
FI,Pilke,8,https://www.pilkepaivakodit.fi/paivakodit/mantsala/pilke-liikuntapaivakoti-voltti/
FI,Pilke Päiväkodit Oy,8,https://pilkepaivakodit.fi/paivakodit/helsinki/vuosaari/pilke-luontopaivakoti-taikapolku/
NO,Verdal kommune,8,https://maritvold.no
DE,TSA Bildung und Soziales gGmbH,8,https://tsa.info/schilfweg
DE,Adelby 1 Kinder- und Jugenddienste gGmbH,8,https://www.adelby1.de/bullerbue
PT,Santa Casa da Misericórdia de Lisboa,8,
GB,East Midlands Academy Trust,8,https://www.culworthschool.org
GB,Inspiring Primaries Academy Trust,8,https://www.claybrooke.leics.sch.uk
PT,Santa Casa da Misericórdia da Maia,8,https://www.misericordiadamaia.com/cp-nogueira
NL,Flores Onderwijs,8,https://bshetklinket.nl
NL,SKOPOS,8,https://ebcnoord.nl/welkom-op-t-kwekkeveld/
NL,Kober,8,https://kober.nl/locaties/de-vonder-buitenschoolse-opvang/
NL,SOOLvA,8,https://www.obs-henridunant.nl
NL,Koraal Onderwijs,8,https://www.koraal.nl/over-koraal/locaties/de-vlinder
DE,Stadt Oschatz,8,https://www.oschatz.org
DE,Kinderland 2000 GmbH,8,https://www.kinderland2000.de/einrichtung/dresden/kita-sonnenschein/
FI,Seinäjoen kaupunki,8,https://www.seinajoki.fi/kasvatus-ja-opetus/varhaiskasvatus-ja-esiopetus/paivakodit/marttilan-paivakoti/
GB,St John the Baptist Catholic Multi Academy Trust,8,https://www.stmarysrcps.com/
AT,GIP,8,https://www.gip.st/kinderkrippe/kindercampus
FI,Lohjan kaupunki,8,https://peda.net/lohja/varhaiskasvatus/vs/muijalanpk
FI,Touhula Leikki Oy,8,https://touhula.fi/paivakoti/nurmijarvi-touhula-pikkutikka/
IT,Comune di Siracusa,8,https://www.lagarderie.it/le-sedi/36-asilo-nido-comunale-qgiardino-dinfanziaq-via-dei-ciclamini-cassibile-sr
AT,Innsbrucker Soziale Dienste GmbH,8,www.isd.or.at
DE,Trägerverbund Ev. Tageseinrichtungen für Kinder im Kirchenkreis Hattingen-Witten,8,https://www.kirche-hawi.de/arbeitsbereiche/kindertagesstaetten/zu-den-kitas/bommern-kleine-freunde/
IT,Comune di Genova,8,
FR,Ville de Villejuif,8,
DE,Stadt Grimma,8,https://www.grimma.de/info/poi/sport-und-spielkindertagesstaette-sprungbrett--900015744-27290.html?site=info
NO,Rælingen kommune,8,https://ralingen.kommune.no
NO,Aurskog-Høland kommune,8,https://aurskog-holand.kommune.no/innhold/barn-skole-og-familie/barnehager/barnehagetilbudet/kommunale-b
DE,Stadt Vilsbiburg,8,https://www.vilsbiburg.de/kindergarten-st.-martin
GB,Eastern Multi-Academy Trust,8,https://www.nelsonacademy.co.uk/
PT,"Agrupamento de Escolas da Sé, Guarda",8,https://ocastelo.webnode.pt/
NO,Suldal kommune,8,https://minskule.no/vanvik
NL,Panta Rhei,8,https://www.sintmaartensschool.nl
NL,IJmare,8,https://avontuurheemskerk.nl
NL,SKPOEL,8,https://www.kbsdehofstee.nl
NL,PCPO Krimpenerwaard,8,https://www.pcb-ichthusschool.nl
NO,Gjesdal kommune,8,
FR,Commune de Pau,8,
DE,Kinder im Kiez,8,https://www.kinder-im-kiez.de/kita-franzoesische-strasse.html
DE,FiPP e.V.,8,https://www.fippev.de/willkommen/fipp-bezirke/reinickendorf/kita-kruemelkiste/
NL,Talent Westerveld,8,https://storkschool.talentwesterveld.nl
NO,Ullensaker kommune,8,
DE,Stadt Freiburg,8,https://www.freiburg.de/kita-rotlaub
GB,Gosforth Schools' Trust,8,https://www.bruntonfirst.co.uk
DE,Stadt Brilon,8,https://kindergarten.brilon.de/waldwichtel/
DE,Stadt Reutlingen,8,https://www.reutlingen.de/de/Bildung/Kindertagesbetreuung/Kinderbetreuungseinrichtung?view=publish&item=nursery&id=1146
DE,Stadt Pfullingen,8,
DE,"Landeshauptstadt Stuttgart, Jugendamt",8,http://www.stuttgart.de/kita-dr-herbert-czaja-weg8
UA,"Відділ освіти, культури, молоді та спорту Паланської сільської ради",8,https://gorodecke-zdo.webnode.com.ua/
DE,Diakonisches Werk im Evangelischen Regionalverband,8,
SE,Danderyds kommun,8,
BG,Министерство на отбраната,7,
GB,Cornerstone Academy Trust,7,https://tcat.education/chps/
GB,TEAM Multi-Academy Trust,7,https://www.witheridge.devon.sch.uk/
NL,Vitus Zuid,7,https://www.mgrhanssen.nl
BE,Katholiek Onderwijs Zuid-Limburg,7,https://kleuterschooldepuzzel.be/
NL,SCPO Lelystad,7,https://www.3sprong.net/
NL,Gewoon Speciaal Onderwijs,7,https://www.bbsbilthoven.nl
NL,Kinderwoud,7,https://www.kinderwoud.nl/locaties/opvanglocaties/de-akkers-kinderwoud.htm
NL,SO Fryslân,7,https://duisterhout.nl
NO,Nærøysund kommune,7,
SE,Norlandia,7,https://expeditionen.norlandiaforskolor.se/
SE,Mölndals kommun,7,https://www.molndal.se/startsida/utbildning-och-barnomsorg/forskola-och-barnomsorg/ekskogens-forskola.html
DE,Stadt Fürstenwalde/Spree,7,
HR,Dječji vrtić Lojtrica,7,https://www.dv-lojtrica.hr/index.php/nasi-objekti/11-donja-lomnica-2
HR,Dječji vrtić Sesvete,7,https://vrtic-sesvete.zagreb.hr
HR,Dječji vrtić Vrapčić,7,https://www.vrapcic.net/
DE,Ev.-luth. Kirchenkreis Hamburg Ost,7,https://schwenckestr5.eva-kita.de/
GB,Windsor Academy Trust,7,https://www.tenterfieldsprimary.org.uk/
GB,The Creative Learning Partnership Trust,7,https://www.parkside-staffs.co.uk/
GB,The Black Pear Trust,7,https://www.theorchardsschool.org
GB,Collective Vision Trust,7,https://www.woore.school
GB,The Staffordshire Schools Multi Academy Trust,7,https://www.anson.staffs.sch.uk/
GB,Victoria Academies Trust,7,https://www.rowleyparkacademy.org.uk/
GB,Children First Learning Partnership,7,https://www.castlechurchprimary.co.uk/
GB,The 3-18 Education Trust,7,https://muchwenlockprimary.com/
GB,Manor Multi Academy Trust,7,https://www.hateleyheath.com/
GB,Fioretti Trust,7,https://www.christchurch.sandwell.sch.uk/
GB,Central Learning Partnership Trust,7,https://www.wodenprimary.org/
GB,Future Generation Trust,7,https://www.stjohns-eagle.com/
GB,Cornwall Education Learning Trust,7,https://portisaacacademy.eschools.co.uk/
NO,Indre Fosen kommune,7,https://indrefosen.kommune.no
NO,Heim kommune,7,
DE,BKJ Betreungseinrichtungen für Kinder und Jugendliche der Stadt Eschweiler / AÖR,7,https://www.bkj-eschweiler.de/pages/kindergaerten/natur-kita-grashuepfer.php
DE,Stadt Zülpich,7,https://kleine-freunde-zuelpich.de/
DE,Stadt Alsdorf,7,https://alsdorf.de/kitaportal/front_content.php?idcat=950&lang=3
DE,FRÖBEL Bildung und Erziehung gGmbH,7,https://pfiffikus.froebel.info/unser-kindergarten/
NO,Stad kommune,7,https://starheim.barnehageside.no
NO,Alver kommune,7,https://alver.kommune.no/artikkel/juvikstoelen-barnehage
GB,Schoolsworks Academy Trust,7,https://www.riverbeach.w-sussex.sch.uk/
GB,Aurora Academies Trust,7,https://www.caw.brighton-hove.sch.uk/
SE,Malung-Sälens kommun,7,https://malung-salen.se/skola-och-barnomsorg/forskola/hasten
NO,Stryn kommune,7,
SE,Forshaga kommun,7,https://www.forshaga.se/utbildningochbarnomsorg/forskolaochbarnomsorg/forskolor/skolomradeskived/lekcenter.4.725330be11efa4b0a3f80004381.html
NO,Bremanger kommune,7,
GB,N. Family Club,7,https://nfamilyclub.com/n-london-fields/
GB,Orchard Learning Alliance,7,https://www.highwood.wokingham.sch.uk/
GB,St Francis of Assisi Catholic Academy Trust,7,https://staugustines.herts.sch.uk/
GB,Christ The Redeemer Catholic Education Trust,7,https://www.stagathas.school
GB,LDBS Frays Academy Trust,7,https://www.cowley.hillingdon.sch.uk/
GB,The Kite Academy Trust,7,https://www.sandringham.kite.academy/
GB,Agora Learning Partnership,7,https://www.oxheywood.herts.sch.uk
GB,City of Westminster,7,https://www.hallfieldschool.org.uk/
GB,Saint John Southworth Catholic Academy Trust,7,https://www.stjohnxxiii.lbhf.sch.uk
GB,The Eden Academy,7,https://pentlandfieldschool.co.uk/
GB,Swale Academies Trust,7,https://www.jamesdixon.org.uk/
GB,Bracknell Forest Council,7,https://www.newscotlandhill.co.uk
GB,London South East Academies Trust,7,https://manormead.lseat.org.uk/
GB,Chiltern Learning Trust,7,https://www.roebuck.herts.sch.uk/
NL,Omnis,7,https://linden.omniskindcentra.nl
BE,Gemeente Aalter,7,https://www.aalter.be/bko
BE,Helan Kinderopvang,7,https://www.helan.be/nl/ons-aanbod/kinderopvang/
NL,SIPO,7,https://www.ibsiqra.nl
NO,Kongsberg kommune,7,https://kongsberg.kommune.no/tjenester/oppvekst/kommunale-barnehager/kommunale-barnehager/vibehaugen
SK,Mesto Čadca,7,https://www.mssnp.sk/Materska_skola_SNP_Cadca/
ES,Xunta de Galicia,7,
AT,Gemeinde Wien,7,https://www.wien.gv.at/bildung/kindergarten/staedtisches-angebot/standorte/bezirk03.html
GB,The Constellation Trust,7,https://francisaskewprimary.org/
GB,Thrive Co-operative Learning Trust,7,https://prioryprimaryschool.org.uk/
SE,Norlandia Förskolor,7,https://norlandiaforskolor.se/basilikan/
AT,HOKIP GmbH,7,https://hokip.at/
PT,"Agrupamento de Escolas Padre Vítor Melícias, Torres Vedras",7,http://www.escolascampelos.com
DE,Stadt Osnabrück,7,https://www.osnabrueck.de/kita-luestringen.html
GB,Extol Academy Trust,7,https://www.newsilksworthacademy.co.uk
DE,Stadt Oebisfelde-Weferlingen,7,https://www.stadt-oebisfelde-weferlingen.de/de/kindertagesstaetten/kindertagesstaette-hagenwichtel-walbeck.html
DE,INDEPENDENT LIVING Stiftung,7,https://www.independentliving.de/il-kita-s-a/einrichtungen
DE,Stadt Tangerhütte,7,https://landkreis-stendal.meinkitaplatz.de/app/de/einrichtung/show/997
DE,Stadt Haldensleben,7,https://www.haldensleben.de/Familie-Bildung/Kitas/Sonnenblume/
DE,Verbandsgemeinde Elbe-Heide,7,https://www.elbe-heide.de/verzeichnis/visitenkarte.php?mandat=42788
BE,Ville de Bruxelles - Stad Brussel,7,https://creches.brussels.be/fr/eco-creche-communale-princesse-josephine-charlotte
BE,Ville de Charleroi,7,https://www.charleroi.be/annuaire/ecoles-primaires#2985-cites
FR,Ville de Nancy,7,https://www.nancy.fr/tous-nos-annuaires/annuaire-nancy-pratique-922/creche-osiris-358.html?cHash=f567cdc2ac7733048d8b308b5671e359
DE,Gemeinde Flein,7,https://www.flein.de/2476_DEU_WWW.php
DE,Verband Evangelischer Kindertageseinrichtungen im Saarland,7,https://www.kirchengemeinde-dudweiler.de/Dietrich-Bonhoeffer-Haus
MD,МДОУ,7,
GB,Southampton City Council,7,https://www.sinclairlive.net/
GB,University of Winchester Academy Trust,7,https://www.orchard-inf.co.uk/
GB,Magna Learning Partnership,7,https://www.thenewforestschool.wilts.sch.uk/
FR,CAPI,7,https://capi-agglo.fr/vos-services/petite-enfance/accueil-collectif/villefontaine/
DE,kitarino Service GmbH,7,https://kitarino.net/standorte/augsburg/kitarino-karl-drais-strasse
GB,London Borough of Bexley,7,https://www.danson.bexley.sch.uk/
GB,Aletheia Academies Trust,7,https://www.stone.kent.sch.uk
GB,The Good Shepherd Catholic Trust,7,https://www.ourladyoflourdesrcprimary.org/
GB,Assisi Catholic Trust,7,https://www.st-helens.southend.sch.uk/
GB,Berlesduna Academy Trust,7,https://www.whitmore-pri.essex.sch.uk/
GB,Osborne Co-operative Academy Trust,7,https://www.warren.osborne.coop/
GB,Medway Council,7,https://www.fairviewprimary.co.uk/
GB,Kent Special Educational Needs Trust,7,https://www.nexusschool.org.uk/
FI,Haminan kaupunki,7,https://www.hamina.fi/asukkaalle/kasvatus-koulutus/esiopetus/esikoulu-esikko/
DE,Rainer Eckerl,7,https://www.minihaus-muenchen.de/standorte/kinderkrippe-kindergarten-obersendling-toelzer-strasse-2.html
DE,Wurzelzwerge e.V.,7,https://www.wurzelzwerge-schrobenhausen.de/
DE,educcare Bildungskindertagesstätten gGmbH,7,https://stadt.muenchen.de/service/info/bmw-group-strolchegarten/10100126/;https://www.denk-mit.de/de/kitas/denk-mit-kita-muenchen-am-hart-bmw-kids
NO,Frøya kommune,7,https://froya.kommune.no/tjenester/oppvekst/skole-og-utdanning/grunnskoler-i-froya/dyroy-oppvekstsenter/
DE,Evangelisch-Lutherischer Kirchenkreis Dithmarschen,7,
UA,Дніпровська міська рада,7,https://sadok161.dnepredu.com
NO,Kvinesdal kommune,7,
NO,Malvik kommune,7,https://malvik.kommune.no
DE,Stadt Fulda,7,https://kinderbetreuung-fulda.little-bird.de/Fulda/Integrative-Kindertagesstaette-Sonnenschein
GB,Changing Lives In Collaboration,7,https://www.chorltonpark.manchester.sch.uk/
GB,The Rowan Learning Trust,7,https://www.plantationprimary.com/
GB,One Community Trust,7,https://www.locking-stumps.co.uk/
GB,Wade Deacon Trust,7,https://www.oakdeneprimaryschool.co.uk/
GB,Emmanuel Diocese of Liverpool Academies Trust,7,https://stbarnabascewarrington.co.uk/
GB,Bright Futures Educational Trust,7,https://bartonclough.bright-futures.co.uk
GB,South Pennine Academies,7,https://www.greenacres.oldham.sch.uk/
GB,The Sycamore Church of England Trust Limited,7,https://www.christchurch.bury.sch.uk/
DE,Stadt Darmstadt,7,https://www.wixhausen.de/kindertagesstaette-villa-kunterbunt/
DE,Kath. Kirchengemeinde Pax Christi,7,https://www.kirchen-in-speyer.de/de/was-angebote/fuer-familien/kindertagesstaetten/kita-st-joseph/
DE,Evangelische Kirche in Hessen und Nassau,7,http://www.matthaeusgemeinde-darmstadt.de/?page_id=986
DE,Terminal for Kids gGmbH,7,https://www.terminalforkids.de/wichtelwald
DE,Diakonieverein Linkenheim-Hochstetten,7,https://www.diakonie-liho.de/
CH,"Stadt Zürich, SSD, Schulkreis Glatttal",7,https://www.stadt-zuerich.ch/schulen/de/buhn/betreuung/abendbetreuung.html
CH,"Stadt Zürich, SSD, Schulkreis Uto, Schuleinheit Küngenmatt",7,https://www.stadt-zuerich.ch/schulen/de/kuengenmatt/betreuung/standorte.html#hoefliweg
CH,"Stadt Zürich, SSD, Schulkreis Glatttal, Schuleinheit Kolbenacker",7,https://www.stadt-zuerich.ch/schulen/de/kolbenacker/ueberuns/standorte/kindergaerten.html#kindergarten_eichrain
CH,"Stadt Zürich, SSD, Schulkreis Letzi, Schuleinheit Kappeli Primar",7,https://www.stadt-zuerich.ch/schulen/de/kappeli_primar/ueberuns/standorte/kindergaerten.html
PT,"Agrupamento de Escolas de Marrazes, Leiria",7,
PT,"Agrupamento de Escolas Caranguejeira - Santa Catarina da Serra, Leiria",7,
PT,"Agrupamento de Escolas Domingos Sequeira, Leiria",7,
DE,Stadt Oldenburg,7,https://www.famservice.de/unsere-Haeuser/im-Oldenburger-Land/
DE,Ev.-luth. Kindertagesstättenverband Cuxhaven,7,https://www.kitas-cuxhaven.de/unsere-kitas/kita-st-gertrud-duhnen/
NO,Holmestrand kommune,7,
NO,Færder kommune,7,
NO,Ørsta kommune,7,https://hovdebygda.orstabarnehagen.no
DE,Diakonie Düsseldorf,7,https://www.diakonie-duesseldorf.de/jugend-familie/kinder-eltern/betreuung-und-bildung/kindertagesstaetten/calvinstrasse/
DE,Evangelische Jugendhilfe Neuss-Süd gGmbH,7,https://www.dw-neuss-sued.de/friedensbruecke-uedesheim/
DE,SKFM Velbert/ Heiligenhaus e.V.,7,https://www.skfm-velbert.de/
DE,Kath. Kirchengemeinde St. Maria-Magdalena,7,https://www.st-mariamagdalena-geldern.de/kita_st_martin/
DE,AWO Kreisverband Kleve e.V.,7,
DE,Mumm Familienservice gGmbH,7,https://mumm-mg.de/
GB,Steel City Schools Partnership,7,https://www.mansel.sheffield.sch.uk/
GB,Collaborative Learning Trust,7,https://www.allsaints.bradford.sch.uk/
GB,Sheffield South East Trust,7,https://www.acreshillschool.co.uk/
GB,Nexus Multi Academy Trust,7,https://www.kelfordschool.com/
GB,Place Partnership,7,https://www.maltbyredwood.com/
GB,Tapestry Learning Partnership,7,https://www.laceyfieldsacademy.co.uk
GB,Esteem Multi-Academy Trust,7,https://www.brackenhillschool.co.uk/
DE,Evangelisch-lutherische Kindertagesstättenverband Südliches Leinetal,7,http://www.ev-kindergaerten-goettingen.de/kitas/dramfeld_hort_im_drammetal.html
DE,Verbund der Tageseinrichtungen für Kinder im Evangelischen Kirchenkreis Paderborn,7,https://gross-fuer-klein-beverungen.kita-verbund-kkpb.de/
FI,Lahden kaupunki,7,https://www.lahti.fi/kasvatus-ja-koulutus/varhaiskasvatus-ja-esiopetus/paivakodit/hennalan-paivakoti/
DE,AWO Regionalverband Halle-Merseburg e.V.,7,https://www.awo-halle-merseburg.de/angebote/kinder-jugend-und-familie/kindertagesstaetten/kindertagesstaette-goldener-gockel/
DE,Adelby 1,7,https://www.adelby1.de/marienallee
DE,Stadt Tettnang,7,https://www.tettnang.de/de/leben/fruehkindliche-bildung/kindergarten-oder-krippenplatz/tageseinrichtungen-im-ueberblick/staedtische-einrichtungen/kita-forsthaus/
PT,Agrupamento de Escolas de Vila Pouca de Aguiar,7,
PT,"Agrupamento de Escolas de Vale de Milhaços, Seixal",7,https://aevm.pt
GB,Central Co-operative Learning Trust,7,https://www.blackwood-school.co.uk/
GB,Embrace Multi Academy Trust,7,https://stpetersmb.embracemat.org/
GB,"Oadby, Wigston and Leicestershire Schools Academy Trust",7,https://www.langmoor.leics.sch.uk/
GB,Inspire Education Trust,7,https://www.frederickbird.coventry.sch.uk/
GB,Shires Multi Academy Trust,7,https://www.stlukesfirst.worcs.sch.uk/
PT,Agrupamento de Escolas de Paredes,7,
GB,Orwell Multi Academy Trust,7,https://www.brooklands.omat.org.uk/
DE,Stadt Hennef,7,https://www.hennef.de/index.php?id=188
DE,Stadt Sankt Augustin,7,https://www.sankt-augustin.de/cms123/buergerservice_verwaltung_politik/organisationen/138745/index.shtml
NL,Bommelerwijs,7,https://www.franciscusschoolzaltbommel.nl
NL,Het Groene Lint,7,https://kbs-vonder.nl
NL,Eduquaat,7,https://obsdeduizendpoot.nl
NL,PCBO Rheden,7,https://www.prins-bernhardschool.nl
NO,Kragerø kommune,7,https://kragero.kommune.no/tjenester/oppvekst-og-utdanning/barnehage/barnehagene-i-kragero/sanni
DE,Landeshauptstadt Kiel,7,https://www.kitaportal-sh.de/de/einrichtungen/karte/589/details?p=1&traeger=Landeshauptstadt%20Kiel
DE,Regionalverband Volkssolidarität Elbtalkreis-Meißen e.V.,7,https://www.volkssolidaritaet-meissen.de/beitraege/kindereinrichtungen-kita-wasserspiel/
GB,The Children's Endeavour Trust,7,https://www.brokehall.suffolk.sch.uk/
GB,Inspiration Trust,7,https://www.greatyarmouthprimaryacademy.org/
GB,Keystone Academy Trust,7,https://www.towerroadacademy.co.uk
FR,Ville de Troyes,7,
FI,Kauniaisten kaupunki,7,https://www.kauniainen.fi/varhaiskasvatus-ja-koulutus/varhaiskasvatusyksikot/kunnallinen-varhaiskasvatus/kasabergets-daghem/
FI,Vaasan kaupunki,7,https://www.vaasa.fi/asu-ja-ela/varhaiskasvatus-ja-koulut/varhaiskasvatus/paivakodit/keskustan-paivakodit/pikku-kasarmin-paivakoti/
DE,Arbeiterwohlfahrt Unterbezirk Ruhr-Mitte,7,https://www.awo-ruhr-mitte.de/kinder-jugend-familie/kindertagesstaetten/kita-isenbrockstrasse-bochum/einrichtungsstruktur-lage
DE,Jugendhilfe Werne,7,https://www.anderschule.kindergarten-werne.de/
DE,Kolping-Kindertagesstätten e.V.,7,https://www.kolping-kita-velbert.de/index.php?id=14
DE,Katholische Kindertageseinrichtungen Östliches Ruhrgebiet gGmbH,7,https://www.katholische-kitas-ruhr.de/unsere-kitas/kath-familienzentrum-st-bonifatius-arche-noah-herne
DE,Outlaw gemeinnützige Gesellschaft für Kinder- und Jugendhilfe mbH,7,https://www.outlaw-ggmbh.de/einrichtung/einrichtung/kita-wienburgstrasse-und-familienzentrum-uppenberg
DE,Gemeinde Elsteraue,7,https://www.gemeinde-elsteraue.de/de/sporaer-spielmaeuse.html
DE,Stadt Zeitz,7,
DE,Berufsbildungswerk Leipzig für Hör- und Sprachgeschädigte gGmbH,7,https://www.bbw-kita.de/kitas/hohe-strasse/
NO,Sortland kommune / Suorttá Souhkan,7,
GB,The Cardinal Newman Catholic Educational Trust,7,https://www.st-francis.n-somerset.sch.uk/
GB,Palladian Academy Trust,7,https://www.stmartinsgarden.org.uk/
RS,"ПУ ,,Ђурђевдан"" Крагујевац",7,https://pudjurdjevdan.edu.rs
RS,"Предшколска установа ""11. април""",7,https://11april-nbgd.edu.rs/
FR,Commune de Saint-Brieuc,7,
DE,Die Kinderwelt gGmbH,7,https://www.die-kinderwelt.com/fuer-familien/kindertagesstaetten/kita-leben/
DE,Stadt Jerichow,7,https://www.stadt-jerichow.de/verzeichnis/visitenkarte.php?mandat=41790
FR,La Bressola,7,http://www.prada.bressola.cat/
PT,Agrupamento de Escolas Viseu Norte,7,
FR,ECLA,7,https://www.ecla-jura.fr/petite-enfance/relais-assistantes-maternelles/
HR,Dječji vrtić Grigor Vitez,7,https://www.djecji-vrtic-grigor-vitez.hr/podrucni-objekti/#1511265982908-0f5decff-6490
HR,Dječji vrtić Grigora Viteza,7,https://vrtic-grigoraviteza.zagreb.hr/
HR,Dječji vrtić Jarun,7,https://vrtic-jarun.zagreb.hr/default.aspx?id=39
NL,Blosse,7,https://www.dezeppelin.nl
NL,Meer Primair,7,https://www.klippeholm.nl
NL,Nestas Scholengroep,7,https://kennedyschool.nestas-scholengroep.nl/
NL,S-K-R,7,https://www.s-k-r.nl/buitenschoolse_opvang/bso_de_oosterhonk/
NL,OcTHO,7,https://www.obsdecasembroot.nl
NL,Stichting Nutsscholen Breda,7,https://nbsdehoogakker.nl
PT,Agrupamento de Escolas de Anadia,7,
PT,"Agrupamento de Escolas de Arrifana, Santa Maria da Feira",7,
DE,"Kinder-, Jugend- und Familienhilfe e.V. Chemnitz",7,https://www.kjf-online.de/kita-flemmingstrasse
DE,Volkssolidarität Vogtland e.V.,7,https://www.vs-plauen.de/inhalte/kitas/_inhalt/sonnenschein/sonnenschein
NO,Flekkefjord kommune,7,https://flekkefjord.kommune.no
DK,Brøndby Kommune,7,https://www.brondby.dk/nordstjernen
PL,Urząd Miasta Biłgoraj,7,https://sp4bilgoraj.pl
NO,Tysvær kommune,7,https://tysver.kommune.no/barnehage-og-skole/barnehage/barnehager-i-tysvar/tysvarvag-barnehage/
NO,Vindafjord kommune,7,
DE,Stadt Trier,7,https://kitaportal.trier.de
GB,Swindon Borough Council,7,https://www.crowdyshill.swindon.sch.uk/
GB,Grove Learning Trust,7,https://www.millbrook.swindon.sch.uk/
DE,Jugendwerk Aufbau Ost JAO gGmbH,7,http://www.jao-berlin.de/SID/d80c2194ae692d107329c5f991c93134/index.php?id=14
DE,Humanistischer Verband Deutschlands,7,https://humanistisch.de/sonnengarten
DE,Bürgerhaus BüHa gGmbH,7,https://www.buergerhaus-gmbh.de/kitas/kita-kruemelkiste/
NL,Cambium,7,https://bronwezep.nl
CH,"Schweizerischer Gemeinnütziger Frauenverein, sgf Bern",7,https://www.sgfbern.ch/index.php?id=85
DE,Stadt Leonberg,7,https://www.leonberg.de/Familie-Bildung/Bildung/Kindertageseinrichtungen/Kindertageseinrichtung-Betreuungsform/index.php?ModID=9&FID=2691.730.1&NavID=2691.361&sNavID=2691.361&mNavID=2691.361&La=1
SE,Lidköpings kommun,7,https://lidkoping.se/barn-och-utbildning/forskola-och-pedagogisk-omsorg/forskola/forskolor/filsbacks-forskola/
UA,Костянтинівська міська рада,7,
DE,Kreis- und Hansestadt Korbach,7,https://www.korbach.de/Leben/B%C3%BCrger/Kinder-Jugendliche/Kinderg%C3%A4rten/index.php?ModID=9&object=tx%7c2452.10&FID=1491.668.1&NavID=2452.45&La=1
DE,Katholische Kirche Ludwigsburg,7,http://www.kitas-lb.de
DE,Stadt Kornwestheim,7,https://www.kornwestheim.de/bildung.html
DE,Stadt Karben,7,
DE,Stadt Bruchköbel,7,https://kindertagesstaetten.bruchkoebel.de/kita-zauberweide/
DE,Stadt Sondershausen,7,
GB,Blackdown Education Partnership,6,https://wellesleypark.bep.ac/
GB,The Moorland Federation,6,https://www.moorlandfed.co.uk/schools/langford-budville-primary-school
AT,Stadt Linz,6,https://www.linz.at/serviceguide/viewchapter.php?chapter_id=123095
AT,Hilfswerk,6,
GB,Aspirations Academies Trust,6,https://www.bovington-aspirations.org/
GB,Wessex Multi Academy Trust,6,https://www.piddlevalley.wessex.ac/
GB,Initio Learning Trust,6,https://www.bridportprimary.org
PL,UM Olesno,6,https://borkiwielkie.pl/index.php?option=com_content&task=blogcategory&id=17&Itemid=41
HR,Dječji vrtić Mali kaj,6,https://vrtic-malikaj.hr/podruznica-novi-golubovec/
TR,Sancaktepe Belediyesi,6,
BE,Ville de Liège,6,
BE,ONE,6,
NL,SKA,6,https://www.ska.nl/locaties/plons/
NL,Smallsteps,6,https://www.smallsteps.nl/nl/kinderopvang/grootebroek-jubelz
NL,AMOS Onderwijs,6,https://poseidonhaven.nl
NL,Florente,6,https://www.vdmv.nl
NL,Puck&Co,6,https://puckenco.nl/mickey
NL,Elan,6,https://www.sbodewijngaard.nl
NL,Florion,6,https://www.gbs-deschakel.nl
NL,Hervormde Schoolvereniging te Nijkerk,6,https://rehoboth.hsn-scholen.nl
NL,El Amal,6,https://www.alislaah.nl
NO,Kvam Herad,6,https://bjrketeigenbarnehage.no
SE,Falu Kommun,6,https://www.falun.se/utbildning--barnomsorg/forskola-och-familjedaghem/kommunala-forskolor/forskolan-gullvivan.html
SE,Partille kommun,6,https://www.partille.se/barn--utbildning/forskola--barnomsorg/forskolor/kullegardens-forskola/
SE,Svenljunga kommun,6,
DE,Stadt Buchholz,6,https://www.kitasindernordheide.de/staedt-kita-kinderleben
DE,SterniPark GmbH,6,https://sternipark.de/de/kitas/standorte/goethestra%C3%9Fe/
DE,Lebenshilfe im Landkreis Verden e. V.,6,
GB,SHINE Academies,6,https://www.villiersprimaryschool.co.uk/
GB,Shireland Collegiate Academy Trust,6,https://www.newfieldpark.co.uk/
GB,Stour Vale Academy Trust,6,https://www.huntingtree.dudley.sch.uk/
GB,Mercian Educational Trust,6,https://www.greatmalvern.org.uk/
GB,Excelsior Multi Academy Trust,6,https://www.colmersfarm.excelsiormat.org/
GB,Orchard Community Trust,6,https://www.oakhillprimaryschool.co.uk/
GB,Stoke-on-Trent City Council,6,https://heroncrossprimary.co.uk/
GB,Severn Academies Educational Trust,6,https://www.farforestlea.worcs.sch.uk/
GB,Central Region Schools Trust,6,https://www.lickhillschool.org.uk/
GB,Plymouth City Council,6,https://www.ideal-alliance.co.uk/page/?title=Yealmpstone+Farm+Primary+School&pid=25
GB,Atlantic Coast Co-operative Trust,6,https://www.hartland.devon.sch.uk/
NO,Kongsvinger kommune,6,
NO,Skaun kommune,6,https://skaun.kommune.no
NO,Ørland kommune,6,https://orland.kommune.no
DE,Stadt Bergheim,6,https://bergheim.kita-navigator.org/detail/stadt-kita-abenteuerland-familienzentrum
DE,Tageseinrichtungen für Kinder Niederzier gGmbH,6,https://www.familienzentrum-nelly-puetz.de/
DE,Kinderzentren Kunterbunt Gemeinnützige GmbH,6,http://www.kinderzentren.de/bruehl-kita-kiku-kinderland/
DE,Stadt Herzogenrath,6,https://www.altes-zollhaus-herzogenrath.de/
DE,Katholische Kirchengemeinde St. Sebastian,6,https://www.familienzentrum-st-sebastian.de/
DE,Stadt Görlitz,6,https://www.goerlitz.de/CityKids.html
NO,Vadsø kommune,6,
NO,Høyanger kommune,6,
PL,Gmina Gnojnik,6,http://www.szkola.lewniowa.pl
PL,Gmina Iwkowa,6,https://szkolawojakowa.szkolnastrona.pl/
GB,LDBS Academies Trust,6,https://www.spah.org.uk/
GB,Pioneer Learning Trust,6,https://www.theferrarsacademy.co.uk/
GB,Aspire Academies Trust,6,https://hammondacademy.org.uk/
GB,Sutton Education Trust,6,https://www.beddingtoninfants.org.uk/
GB,Connect Education Trust,6,https://www.bowesprimaryschool.org/
GB,Children First Academy Trust,6,https://www.wilburyprimaryschool.org.uk/
GB,The Howard Partnership Trust,6,www.eastwickschools.uk
GB,Advantage Schools,6,https://www.therushmereparkacademy.co.uk/
GB,Preston Hedges Trust,6,https://holnechase.com/
GB,Wokingham Borough Council,6,https://www.colleton.wokingham.sch.uk/
GB,The Pegasus Academy Trust,6,https://www.pegasusacademytrust.org/cypress-primary-school
GB,Kingsbridge Educational Trust,6,https://www.hockliffelowerschool.co.uk/
GB,Campfire Education Trust,6,https://www.bourtonmeadow.co.uk/
GB,Mother Teresa Catholic Academy Trust,6,https://stjosephsaldershot.org/
GB,The Bridge MAT Ltd,6,https://poolespark.com/
GB,Lumero Educational Trust,6,https://www.orchardway.croydon.sch.uk/
GB,Partnership Learning,6,https://www.georgemitchellschool.co.uk
DE,Bayrisches Rotes Kreuz,6,https://www.kvebersberg.brk.de/angebote/kinder-jugend-und-familie/kindergaerten/brk-kinderhaus-am-dobelweg-grafing.html
NO,Nome kommune,6,
NO,Notodden kommune,6,
SK,Mesto Považská Bystrica,6,https://www.msdukelska.sk/
CZ,ÚMOb Ostrava-Jih,6,https://www.sedmikraskaapampeliska.cz/
CZ,Město Havířov,6,https://www.msradnicni.cz/
CZ,ÚMOb Slezská Ostrava,6,https://www.mspozarni.cz/ms-chrustova
NO,Røros kommune,6,
AT,Wiener Kindergärten,6,https://www.wien.gv.at/bildung/tesarekplatz-3-kindergarten
GB,Heartwood Learning Trust,6,https://www.nsj.hlt.academy/
GB,The Education Alliance,6,https://www.wilberfossprimary.co.uk/
GB,The Forge Trust,6,https://themartonacademy.co.uk/
PL,Publiczne Przedszkole z Oddziałem Integracyjnym w Strzeleczkach,6,https://przedszkolestrzeleczki.pl/index.php/raclawiczki
GB,Changing Lives Learning Trust,6,https://kirkbythore.education/
DE,DRK-Kreisverband Meiningen e.V.,6,https://www.drk-meiningen.de/angebote/kinder-jugend-und-familie/kindertageseinrichtung/standard-titel-10.html
DE,THEPRA Landesverband Thüringen e.V.,6,
DE,AWO AJS gGmbH,6,https://www.kindergarten-erfurt.de/kindergaerten/kindergarten-siebenstein/
SI,Vrtec Pedenjped Ljubljana,6,https://www.vrtec-pedenjped.si/pedenjhisice/potepuh
IT,"Istituto comprensivo ""Villa Lina - Ritiro""",6,
GB,Prince Regent Street Trust,6,https://www.barleyfieldsprimaryschool.org.uk/
GB,Stockton-on-Tees Borough Council,6,https://www.milllane.org.uk/
GB,Ironstone Academy Trust,6,https://riverdale.ironstoneacademy.org.uk/
GB,The Legacy Learning Trust,6,https://www.linthorpeprimary.co.uk
GB,Tyne and Wear Learning Trust,6,https://www.ehpa.co.uk/
GB,NEAT Academy Trust,6,https://stpeters.neat.org.uk/
DE,Independent Living,6,https://www.independentliving-stiftung.de/kitas/magdeburg/bussi-baer/
FR,Léa et Léo,6,https://www.leaetleo.com/
BE,Commune de Waterloo,6,https://www.waterloo.be/ma-commune/services-communaux/petite-enfance/creches-et-mcae/bella-Vita
BE,Centre de la Petite Enfance de Nivelles ASBL,6,http://www.cpen.be/les-colibris
DE,Evangelische Kirchengemeinde Böckingen-Klingenberg,6,https://kirche-boeckingen-klingenberg.de/gemeinde/petrus-kiga
FR,Les Chérubins,6,https://38000-grenoble.les-cherubins-creches.com/
FR,Ville d'Échirolles,6,https://www.echirolles.fr/vie-quotidienne/enfance-et-jeunesse/petite-enfance/accueil-occasionnel
DE,Ev.-luth. Kindertagesstättenverband Lüneburg,6,http://www.kita-paul-gerhardt.de
DE,Kinderheim Friedberg e.V.,6,https://www.kinderheim-friedberg.de/kindertagesstaetten/kindergarten/st-christophorus/
GB,The Golden Thread Alliance,6,https://www.fleetdown.kent.sch.uk
GB,Cygnus Academies Trust,6,https://www.brent.kent.sch.uk/
GB,Care Foundation Trust,6,https://www.phoenix-primary.kent.sch.uk/index.php
GB,Attain Academy Partnership,6,https://devere.essex.sch.uk/
GB,Amadeus Primary Academies Trust,6,https://www.holytrinitylamorbey.apat.org.uk/
NO,Årdal kommune,6,
DE,Stadt Olching,6,"https://www.olching.de/index.php?id=327,112"
DE,Kinderland PLUS gGmbH,6,https://www.littlelearners-bigexplorers.de
DE,Denk mit! Kinderbetreuungseinrichtungen,6,https://www.denk-mit.de/de/kitas/denk-mit-kita-zorneding-laerchenstrasse-hort
DE,Diakonisches Werk des Evang.-Luth. Dekanatsbezirks Rosenheim e. V.,6,https://dwro.de/standorte/einrichtung/haus-fuer-kinder-hoeltystrasse/
NO,Sel kommune,6,
NO,Vennesla kommune,6,https://klokkerstuabarnehage.no/
FR,Croix-Rouge Française,6,https://www.croix-rouge.fr/multi-accueil-d-anglet
DE,Kath. Kirchengemeinde St. Peter und Paul,6,https://www.katholische-kirche-freigericht-hasselroth.de/
PL,Wrocławski Zespół Żłobków,6,http://www.wzz.wroc.pl/pl/zlobek-nr-14
PL,Dane Do Uzupełnienia,6,http://www.przedszkoleparafialne.pl
GB,Weaver Trust Limited,6,https://www.comberbach.cheshire.sch.uk/
GB,Holy Family Catholic Multi Academy Trust,6,https://www.staugustines-runcorn.com/
GB,Bury Metropolitan Borough Council,6,https://www.lowercroft.co.uk/
GB,St Joseph Catholic Multi Academy Trust,6,https://www.stnicholasliverpool.co.uk/
GB,Endeavour Learning Trust,6,https://www.bgl.lancs.sch.uk/
GB,Kingfisher Learning Trust,6,https://oakdale.tameside.sch.uk/
GB,Crompton House Church of England Multi Academy Trust,6,https://www.bealvaleprimary.com/
GB,Dixons Academies Trust,6,https://www.dixonssp.com/
GB,The Sea View Trust,6,https://www.applebeewood.co.uk/
DE,Stadt Langen,6,https://www.langen.de/de/im-gruenen-weissdornweg.html
SE,Jönköpings kommun,6,
NO,Sunndal kommune,6,
CH,"Stadt Zürich, SSD, Schulkreis Zürichberg, Schuleinheit Looren-Langmatt",6,https://www.stadt-zuerich.ch/schulen/de/looren/ueberuns/standorte/kindergaerten.html
CH,"Stadt Zürich, SSD, Schulkreis Zürichberg, Schuleinheit Fluntern-Heubeeribüel",6,https://www.stadt-zuerich.ch/schulen/de/fluntern/betreuung/standorte.html#lokal
CH,"Stadt Zürich, SSD, Schulkreis Waidberg",6,https://www.stadt-zuerich.ch/schulen/de/amwasser/ueberuns/standorte/kindergaerten.html
CH,"Stadt Zürich, SSD, Schulkreis Glatttal, Schuleinheit Apfelbaum",6,https://www.stadt-zuerich.ch/schulen/de/apfelbaum/betreuung/standorte.html
CH,"Stadt Zürich, SSD, Schulkreis Uto, Schuleinheit Entlisberg",6,https://www.stadt-zuerich.ch/schulen/de/entlisberg/betreuung/standorte.html
CH,"Stadt Zürich, SSD, Schulkreis Uto, Schuleinheit Wollishofen - Im Lee",6,https://www.stadt-zuerich.ch/schulen/de/wollishofen/ueberuns/standorte/kindergaerten.html
CH,Gemeinde Gossau,6,https://www.schulegossau-zh.ch/
PT,"Agrupamento de Escolas Henrique Sommer, Maceira, Leiria",6,
DE,Familien in Findorff e.V.,6,https://www.familien-in-findorff.de/
DE,KiB,6,https://kib-ol.de/einrichtung/kindertagesstaette-ziegelhof
DE,DRK Cuxhaven/Hadeln,6,https://www.drk-cuxhaven-hadeln.de/kita-nordlicht.html
PT,Agrupamento de Escolas Doutor Ramiro Salgado,6,
NO,Våler kommune,6,https://svinndal.barnehageside.no/
NO,Frogn kommune,6,
NO,Nittedal kommune,6,
NO,Hole kommune,6,https://naturbarnehagen.com
NO,Vestnes kommune,6,https://vestnes.kommune.no
DE,Kath. Kirchengemeinde St. Remigius,6,
DE,"Diakonie in Düsseldorf, Platz der Diakonie 1, 40233 Düsseldorf",6,https://www.diakonie-duesseldorf.de/jugend-familie/kinder-eltern/betreuung-und-bildung/kindertagesstaetten/schlossallee/
DE,Stadt Geldern Der Bürgermeister Jugendamt,6,https://www.familienzentrum-geldern.de/FZ-Walbeck.php
DE,Landeshauptstadt Düsseldorf;Jugendamt;Willi-Becker-Allee 7;40227 Düsseldorf,6,
DE,SOS-Kinderdorf e.V.,6,https://www.sos-kinderdorf.de/kinderdorf-duesseldorf/unser-angebot/sos-kindertagesstaetten-duesseldorf/kita-koblenzer-strasse
DE,Kath. Kirchengemeinde St. Mariä Himmelfahrt,6,
DE,Stadt Grevenbroich,6,http://www.kitahartmannweg.de/
DE,Kath. KGV Mönchengladbach-Ost,6,
DE,Stadt Langenfeld,6,https://kita-gieslenberger-str.langenfeld.de/
DE,Bethanien Diakonissen-Stiftung,6,https://www.bethanien-stiftung.de/angebote/einrichtungen/kitas/ev-kita-kranichstrasse-35/
DE,Stadt Heinsberg,6,http://www.kita-magdeburger-strasse.de
DE,Stadt Hückelhoven,6,https://www.muehlenbachschule.de/
NO,Trysil kommune,6,https://trysil.kommune.no
GB,Together Learning Trust,6,https://www.melthammoor.org/
GB,Inova Multi-Academy Trust Limited,6,https://hallam.school
GB,The Brigshaw Learning Partnership,6,https://www.kippaxgreenfield.co.uk/
GB,Polaris Multi Academy Trust,6,https://www.oldearth.co.uk/
GB,Aireborough Learning Partnership,6,https://www.queenswayschool.co.uk/
GB,One Academy Trust,6,https://www.arnbrookprimary.net/
GB,The White Hills Park Trust Ltd,6,https://arnoldmill.school/
GB,The Priestley Academy Trust,6,https://atlasprimary.co.uk/
GB,ACE Derbyshire Trust,6,https://www.hullandprimaryschool.co.uk/
NO,Dielddanuori Suohkan - Tjeldsund kommune,6,
FR,Villenave-d'Ornon,6,http://www.villenavedornon.fr/ages-de-la-vie/petite-enfance-52/structures-et-services/les-multi-accueils/
DE,Studentenwerk Göttingen,6,http://www.studentenwerk-goettingen.de/kinderhorte.html
FI,Helsingin Montessori-yhdistys ry,6,https://www.helsinginmontessori.fi/leikkikoulut/herttoniemenranta/
DE,Stadt Halberstadt,6,https://www.halberstadt.de/de/ortsteil-sargstedt/bildungseinrichtung-in-sargstedt.html
DE,Zweckverband Kindertagesstätten Heide-Umland,6,https://www.zv-kita.de/kitas/kita-sonnentaenzer
PT,"Agrupamento de Escolas Diogo Cão, Vila Real",6,
DE,Die Glühwürmer e.V.,6,https://gluehwuermer-hannover.de
DE,DRK-Region Hannover e.V.,6,https://www.drk-hannover.de/familie-und-jugend/kindertagesstaetten/region-springe/kita-luedersen
DE,Paritätische Lebenshilfe Schaumburg-Weserbergland GmbH,6,http://www.paritaetische-lebenshilfe.de/plsw/kita-entdeckerhaus-bad-nenndorf.php
GB,PA Community Trust,6,https://www.princealbert.bham.sch.uk/
GB,Attenborough Learning Trust,6,https://www.shenton.leicester.sch.uk/
GB,The Romero Catholic Academy,6,https://www.st-johnfisher.coventry.sch.uk/
GB,Innovate Multi Academy Trust,6,https://www.kilsbyprimary.net/
PT,"Agrupamento de Escolas de Moure e Ribeira do Neiva, Vila Verde",6,
PT,"Agrupamento de Escolas D. Maria II, Vila Nova de Famalicão",6,
DE,Käpt'n Browser gGmbH,6,https://www.kaeptnbrowser.de/
DE,Zittauer Kindertagesstätten gGmbH,6,https://gernegross.info/kindertagesstaetten/querxenhaeusl/uebersicht-kita-querxenhaeusl
NL,Mondiaen,6,https://www.dewichelroede.com/
NL,Dichtbij Kinderopvang,6,https://www.dichtbijkinderopvang.nl/locaties/kinderdagverblijf-speelboot/
NL,Skobos,6,https://defonkeling-skobos.nl
NL,De Kikkerkoning,6,https://www.kikkerkoning.nl/locatie/kinderdagverblijf-de-kikkerkoning/
NL,De Bron,6,https://de-peuterhof.nl
NL,SCO Bommelerwaard,6,https://arkzuilichem.nl
DE,bik e.V.,6,https://www.bik-ev.de/verzeichnis/visitenkarte.php?mandat=211084
NO,Gran kommune,6,
NO,Østre Toten kommune,6,
GB,Synergy Multi Academy Trust,6,https://www.reephamprimary.org.uk/
GB,Clarion Corvus Trust,6,https://www.mouseholdinfants.com/
GB,The Wensum Trust,6,https://www.wensumtrust.org.uk/ardengrove
GB,Our Lady of Walsingham Catholic Multi Academy Trust,6,https://www.stmaryscatholicprimaryipswich.com/
GB,The Brooke Weston Trust,6,https://www.thrapston-primary.northants.sch.uk/
GB,Soke Education Trust,6,https://www.johnclareschool.org/
FI,Kirkkonummen kunta,6,https://www.kirkkonummi.fi/jokirinteen-paivakoti
PT,Cruz Vermelha Portuguesa,6,
RS,Предшколска установа Ђулићи,6,https://djulicizajecar.rs/
SE,Upplands-Bro kommun,6,https://www.upplands-bro.se/forskola-och-skola/forskola/forskolor-i-upplands-bro/ringblommans-forskola.html
NO,Målselv kommune,6,https://minskole.no/bakkehaug
PL,Gmina Ulan-Majorat,6,https://spkepki.pl/
DE,Evangelischer Kirchenkreis Hattingen-Witten,6,https://www.kirche-hawi.de/
DE,Diakonie Wuppertal,6,
DE,Stadt Hamm,6,https://www.hamm.de/kita-ermelinghof.html
DE,DRK-Kreisverband Dortmund,6,https://www.drk-dortmund.de/angebote/kinder-jugend-und-familie/kindertageseinrichtung/kindertageseinrichtung-wichtelburg.html
FR,Fondation Œuvre de la Croix Saint-Simon,6,https://www.croix-saint-simon.org/multi-accueil-kirigami
DE,Kindervereinigung Leipzig e.V.,6,https://www.kv-leipzig.de/kindertagesstaetten/haeschengrube-leipzig/
DE,AWO Kita und ambulante Dienste GmbH,6,https://awo-leipzigerland.de/einrichtung/kita-koboldkiste/
DE,AWO Kreisverband Nordsachsen e.V.,6,https://www.awo-nordsachsen.de/kinder-jugend-und-familie/kindertageseinrichtungen/kunterbunte-villa-glesien
GB,Sand Academies Trust,6,https://willow.sandmat.uk/
GB,Kaleidoscope Multi Academy Trust,6,https://www.ashcombeprimary.com/
RS,"ПУ ,,Нада Наумовић""",6,https://www.nadanaumovic.rs
DE,Stadt Rathenow,6,
DE,Stadt Genthin,6,https://www.stadt-genthin.de/verzeichnis/visitenkarte.php?mandat=57769
DK,Holbæk Kommune,6,https://dagtilbudholbaekby.holbaek.dk/boernehuse-og-dagpleje/oroe-boernehus
DE,Samtgemeinde Lachendorf,6,
DE,Kath. Kirchengemeinde St. Pankratius,6,
DE,Gemeinde St. Lambertus Ochtrup,6,https://kitas.lambertus-ochtrup.de/st-martin/eindruecke-fotos
PT,Agrupamento de Escolas de Oliveira do Hospital,6,
HR,Dječji vrtić Sunčana,6,https://vrtic-suncana.zagreb.hr/
HR,Dječji vrtić Medveščak,6,https://vrtic-medvescak.zagreb.hr/
HR,Dječji vrtić Različak,6,https://vrtic-razlicak.zagreb.hr
HR,Dječji vrtić Izvor,6,https://www.vrtic-izvor-samobor.hr/podrucni-objekt-bregana
NL,STWT,6,https://www.obs-deglobe.nl
NL,Flowerkids,6,https://www.flowerkids.nl/vestigingen/leiden-madelief/
NL,Wijzer aan de Amstel,6,https://www.springschans.com
NL,Tinteltuin,6,https://tinteltuin.nl/kinderopvang/noordrijk/
NL,SCOL,6,https://singelleiden.nl
NL,Twijs,6,https://www.debrandarishaarlem.nl/
NL,PCBO Rijnsburg,6,https://oranjenassauschool.pcborijnsburg.nl
NL,Yunus Emre,6,https://www.yunusemrevandamstraat.nl
NL,SO Randstad,6,https://beversluisschool.nl/
EE,Viljandi Linn,6,http://www.kroll.ee
NL,H3O,6,https://derepelaer.h3o.nl/
NL,SPON,6,https://kiem.spon.nl
NL,Uniek,6,https://www.bsdebolderik.nl
NL,SOL Ambacht,6,https://solvillaambacht.nl
NL,SPOZ,6,https://www.antonius-zundert.nl
NL,INOS,6,https://dewerft.nl
DK,Silkeborg Kommune,6,https://kjellerup-levring.silkeborg.dk/Levring-Boernehus
PT,Agrupamento de Escolas de Mealhada,6,
PT,Agrupamento de Escolas de Vagos,6,
PT,Agrupamento de Escolas de Tondela Tomaz Ribeiro,6,
PT,Agrupamento de Escolas de Penacova,6,http://www.intracel.dei.uc.pt
NO,Vågan kommune,6,
NL,SKSG,6,https://www.sksg.nl/locaties/sksg-bengelhuus
NO,Eigersund kommune,6,https://lykkeliten.com
DK,Tårnby Kommune,6,https://www.taarnby.dk/borger/born-unge-og-familie/dagtilbud-0-6-ar/bornehuse/bornehuset-tarnby-stadion/
NO,Randaberg kommune,6,https://fjellheim.randabergbarnehagen.no
DE,Kita Wadgassen gGmbH,6,
UA,Сарненська міська рада,6,http://www.verbychenka.in.ua
GB,Ridgeway Education Trust,6,https://www.all-saints.school/
DE,Nachbarschaftsheim Schöneberg e.V.,6,https://www.nbhs.de/familie-kinder-jugendliche/ganztagsbetreuung-an-schulen/flaeming-grundschule
DE,TÄKS e.V.,6,https://www.taeks.de/wilde-13
DE,Kirschkern e.V.,6,https://kirschkern-ev.de/kalle-kirschkern/
DE,Volkssolidarität Landesverband Berlin e.V.,6,https://www.volkssolidaritaet.de/berliner-volkssolidaritaet/kindertagesbetreuung/kita-pelikan/
DE,studierendenWERK BERLIN,6,https://www.stw.berlin/kitas/kita-an-der-technischen-universität-berlin.html
DE,Evangelischer Kirchenkreis Neukölln,6,https://evkf.de/kindertageseinrichtungen/kita-debora/
DE,Gemeinnützige BOOT GmbH,6,https://bootkitas.de/kita/puchanstrasse/
DE,MAHALE gGmbH,6,https://mahale-ggmbh.de/kita-rappelkiste/
IT,Istituto Comprensivo Don L. Milani,6,https://unica.istruzione.gov.it/cercalatuascuola/istituti/AQAA815066/scuola-infanzia-capitignano/
NO,Eidsvoll kommune,6,https://eidsvollkommune.no
NO,Elverum kommune,6,
DE,Gemeinde Neuhausen,6,https://www.kitas-neuhausen.de/Unsere-kommunalen-Kitas/Kommunale-Kitas/kindertagesstaette-nesthaekchen
DE,Stadt Lahr,6,https://www.schutterfloehe.de/
NO,Vefsn kommune,6,https://vefsn.custompublish.com/andaas-barnehage.357252.no.html
HR,Dječji vrtić Medenjak,6,https://www.vrticmedenjak.hr/
DE,KreisSportBund Paderborn e.V,6,https://www.ksb-paderborn.de/ksb-kitas/kita-in-tudorf
DE,Katholisches Verwaltungszentrum Ulm,6,https://www.suso-ulm.de/gemeinde_kindergaerten.htm
DE,Gemeinde Leutenbach,6,
DE,Stadt Plochingen,6,
DE,Stadt Neu-Isenburg,6,http://biankajost.de/
DE,Stadt Frankfurt am Main,6,https://kitafrankfurt.de/einrichtungen/kinderzentrum-gotenstrasse/
DE,Stadt Gießen,6,
DE,Mainkrokodile gGmbH,6,
DE,Stadt Friedrichsdorf,6,https://www.friedrichsdorf.de/leben/soziales-familie/kinderbetreuung/kindergarten
DE,Stadt Pohlheim,6,
DE,Arbeiterwohlfahrt Kreisverband Siegen-Wittgenstein/Olpe,6,https://awo-siegen.de/sportkita-netphen
DE,Stadt Marburg,6,https://www.marburg.de/info/poi/kindergarten-bauerbach-900000708-23001.html
DE,Internationales Familienzentrum,6,
CH,Trägerverein Kinderhut,6,https://www.kinderhut.ch/
UA,ВМУ СБУ,5,https://sadik.ua/kiev/obolonskiy/detskiy-sad-8-3-tsvetok-oboloni
NO,Andøy kommune,5,
GB,United Schools' Learning Partnership,5,https://www.copplestone-primary.devon.sch.uk/
GB,The Ted Wragg Multi Academy Trust,5,https://exwickheights.devon.sch.uk/
GB,The United Schools Federation (USF),5,https://www.st-michaels-pri.devon.sch.uk/
GB,Richard Huish Trust,5,https://www.westbucklandprimary.org.uk/
GB,Special Partnership Trust,5,https://www.orchardmanor.devon.sch.uk/
GB,Authentic Education Group Limited,5,https://www.bayside-academy.co.uk/
GB,Southern Education Trust,5,http://wyvernacademy.co.uk/
GB,The Heath Academy Trust,5,https://sixpennyhandleyschool.co.uk/
FR,Ville de Rennes,5,
DE,Kita gGmbH,5,https://www.kita-ggmbh.de/waldgeister.html
AT,Gemeinde Seiersberg-Pirka,5,https://www.gemeindekurier.at/index.php/kinder-und-jugend-2
AT,WIKI,5,https://www.wiki.at/standort/kinderkrippe-mautern/
BE,Schoolbestuur Sint-Paulus,5,https://www.gvbslinter.be/index.php
NL,Prokino,5,https://www.prokino.nl/
NL,Basker,5,https://www.basker.nl/utrecht/laan-van-chartroise-166/kinderdagverblijf
NL,Doomijn,5,https://doomijn.nl/locaties/kinderdagverblijf-grote-vuurvlinder/
NL,De Passiescholen,5,https://ebsdetamboerijn.nl
NL,Scholenstichting Pastoor Ariëns,5,https://kbsfranciscus.nl
NL,Stichting Hindoe Onderwijs Nederland,5,https://www.shrikrishna.nl
NL,De Meent,5,https://www.pcbsdeparel.nl
NL,PCOU Willibrord,5,https://www.onzeregenboog.nl
NL,Openbaar Onderwijs Houten,5,https://www.obsdeplantage.nl
NL,Proceon,5,https://www.bavinckschoolhilversum.nl
NL,Vrijescholen Midden-Nederland,5,https://www.vrijeschoolmichael.nl
NL,BasisWijk,5,https://www.obspietdespringer.nl
UA,Олевська міська рада,5,
NO,Vaksdal kommune,5,
HR,Dječji vrtić Šegrt Hlapić,5,https://vrtic-segrthlapic.zagreb.hr/default.aspx?id=55
HR,Dječji vrtić Leptir,5,https://vrtic-leptir.zagreb.hr/
HR,Dječji vrtić Žirek,5,https://www.dv-zirek.hr/vrtic-objekti.asp?page=3
HR,Dječji vrtić Markuševec,5,https://vrtic-markusevec.zagreb.hr/default.aspx?id=189
HR,Dječji vrtić Poletarac,5,https://vrtic-poletarac.zagreb.hr/
HR,Dječji vrtić Vrbovec,5,https://dv-vrbovec.hr/site/category?id=25&slug=podrucni-objekt-2
HR,Dječji vrtić Velika Gorica,5,https://vrtic-vg.hr/objekt.asp?page=5
HR,Dječji vrtić Proljeće,5,https://www.djecjivrtic-proljece.hr
HR,Dječji vrtić Cvrčak,5,https://vrtic-cvrcak.zagreb.hr/default.aspx?id=59
HR,Dječji vrtić Ivanić Grad,5,https://www.djecjivrtic-ivanic.hr
DE,Elbkinder,5,https://www.elbkinder-kitas.de/de/kita_finder/kita/236/
DE,DRK gemeinnützige Gesellschaft für Pädagogik Hamburg-Harburg mbH,5,https://www.kita-hamburg-stpauli.de/startseite-kita-lelka-birnbaum.html
DE,Arbeiter Wohlfahrt Schleswig-Holstein,5,
DE,Johanniter-Unfall-Hilfe,5,https://www.johanniter.de/juh/lv-nord/rv-schleswig-holstein-nord-west/unsere-standorte-einrichtungen-in-schleswig-holstein-nord/west/einrichtung-detailseite/johanniter-kita-helse-3712/
DE,Ballin Stiftung e.V.,5,https://www.ballin.hamburg/angebote/ballin-kita-im-amsinckpark/
DE,Stadt Norderstedt,5,https://www.norderstedt.de/Soziales-und-Familie/Kinderbetreuung/Krippen-und-Kindergartenplatz-finden/St%C3%A4dtische-Krippen-Kinderg%C3%A4rten-und-Schulhorte/Kindertagesst%C3%A4tte-Pellworminsel/
GB,Severn Bridges Multi Academy Trust,5,https://www.haughmondfed.net/
GB,Empower Trust,5,https://stpetersschoolwem.org.uk/
GB,Elston Hall Learning Trust,5,https://www.goldthornpark.org.uk/
GB,Nishkam Schools Multi Academy Trust,5,https://www.nishkamschooltrust.org/npsw/
GB,Orchard Multi-Academy Trust,5,https://www.canonpyonacademy.com/
GB,The Cornovii Trust,5,https://www.audlemstjames.org.uk/
GB,Four Hills Education Trust,5,https://www.albrightonprimary.com/
GB,Endeavour Multi Academy Trust,5,https://www.cherrytreesschool.co.uk/
FR,CCVA,5,https://www.valdamour.com/
NO,Hitra kommune,5,
DE,Lebenshilfe Aachen e.V.,5,https://www.lebenshilfe-aachen.de/de/kinder/kindertagesstaetten/kita-tivolino.php
DE,Studierendenwerk Aachen,5,https://www.studierendenwerk-aachen.de/de/kinder/einrichtungen.html
DE,Kindertageseinrichtung Merzenich gGmbH,5,
DE,Pfarre St. Lukas,5,https://www.st-lukas.org/orte-einrichtungen/kindertagesstaetten/kita-st-anna/
IT,Istituto Comprensivo Pietrasanta I,5,
NO,Herøy kommune,5,https://heroy.kommune.no
NO,Sande kommune,5,https://sande.kommune.no
DE,ASB OV Neustadt/Sachsen e.V.,5,https://www.asb-neustadt-sachsen.de/Kindertagesstaette-Langenwolmsdorf-Schlumpfenland.php
HU,Pomáz Város Önkormányzata,5,http://www.pomaz.hu/pomazi_hetszinvirag_ovoda_bolcsode
NO,Osterøy kommune,5,https://osteroy.kommune.no/artikkel/valestrand-barnehage
NO,Gulen kommune,5,https://brekke.skule.no
GB,Sussex Learning Trust,5,https://www.northlandswood.co.uk/
FI,Sastamalan kaupunki,5,https://sastamala.fi/kasvatus-ja-oppiminen/varhaiskasvatus/kunnallinen-varhaiskasvatus/paivakodit/
NO,Åfjord kommune,5,https://afjord.kommune.no
DE,Ev. Kirche,5,https://www.kirchenregion-soehlde.de/kinder-jugend/kita-und-kiga/kita-stmartin-hoheneggelsen
PL,Gmina Gromnik,5,https://zs.gromnik.pl/zs/
PL,Gmina Czchów,5,https://www.domoslawice.edu.pl/
GB,Lux Mundi Catholic Academy Trust,5,https://www.stmaryspriory.co.uk/
GB,Danes Educational Trust,5,https://www.cranbourne.herts.sch.uk/
GB,Spiral Partnership Trust,5,https://www.colneyheath.herts.sch.uk/
GB,The Charter Schools Educational Trust,5,https://www.thebelhamprimaryschool.org.uk/
GB,Attigo Academy Trust,5,https://www.merryhills.net/
GB,The Collegiate Trust,5,https://courtwood.org.uk/
GB,Cirrus Primary Academy Trust,5,https://www.avenueacademy.com/
GB,The Alliance Multi-Academy Trust,5,https://www.holytrinity-primary.org.uk/
GB,"Engage, Enrich, Excel Academies",5,https://www.southcamberley.surrey.sch.uk/
GB,The LETTA Trust,5,https://www.hermitage.towerhamlets.sch.uk/
GB,Go Shine Church of England Federation,5,https://www.stgeorge.camden.sch.uk/
GB,Scholars' Education Trust,5,https://www.samuelryderacademy.co.uk/
GB,Weydon Multi Academy Trust,5,https://www.brooklands.surrey.sch.uk
GB,Knowledge Schools Trust,5,https://www.doveryacademy.org/
GB,Paradigm Trust,5,https://cullodenacademy.paradigmtrust.org/
GB,The Pyramid Schools Trust,5,https://www.westoning.org/
GB,Sancta Familia Catholic Academy Trust,5,https://www.reginacoelischool.co.uk
GB,Quality First Education Trust,5,https://www.belleville-school.org.uk/
GB,"University Schools Trust, East London",5,https://www.canarywharfcollege.co.uk/
GB,Lime Trust,5,https://limeacademylarkswood.org/
GB,Partou,5,https://partou.co.uk/nurseries/playtime-day-nursery-pre-school
DE,Kath. Kirche,5,https://www.gesamtverband-limburg.de/lm-nikolaus/einrichtung
DE,Kath. Kirchenstiftung,5,http://www.pfarrei-theuern.de/kindergarten-theuern/index.php
NL,Escaldascholen,5,https://www.bsdenieuwevandale.nl
NO,Øvre Eiker kommune,5,https://ovre-eiker.kommune.no/skole-barnehage/barnehage/solbakken-barnehage
NO,Tinn kommune,5,https://minbarnehage.no/furuheim
CZ,Město Třinec,5,https://www.pzstrinec.cz
PL,Centrum Rozwoju Dziecka Spółka Z Ograniczoną Odpowiedzialnością,5,https://www.krainaczarow.pl/
AT,Wiener Kinderfreunde,5,https://kinderfreunde.at/angebote/detail/21-dattlergasse-8-bei-stg-11
AT,St. Nikolaus Stiftung,5,
GB,Edukos Trust,5,https://beverleystnicholasprimary.org.uk/
GB,Selby Educational Trust,5,https://www.cliffe.setschools.uk/
GB,Harbour Learning Trust,5,https://gca.harbourlearningtrust.com/
PL,Miasto Kraków,5,http://www.zlobek30.pl/
GB,North East Learning Trust,5,https://www.middletoninteesdaleacademy.co.uk/
DE,"Internationaler Bund (IB) Freier Träger der Jugend-, Sozial- und Bildungsarbeit e.V.",5,https://www.internationaler-bund.de/standort/209303
DE,DIAKONIA Evangelischer Betreuungs- und Hilfsverein e.V.,5,http://www.diakonia-ev.de/hauptnavigation/kindertagesstaetten/eisenach-kinder-arche-mariental.html
DE,AWO Thüringen,5,https://www.kindergarten-gerstungen.de/kita-lauchroeden/
DE,Stadtverwaltung Bad Salzungen,5,https://www.badsalzungen.de/de/kita-34seezwerge34-frauensee.html
DE,Verwaltungsgemeinschaft Riechheimer Berg,5,
SI,Vrtec Zelena jama,5,https://www.zelenajama.si/vrtec/enote/enota-vejica.html
SI,Vrtec Miškolin,5,https://www.vrtec-miskolin.si/enota/zajcja-dobrava-2/
NO,Alstahaug kommune,5,
PT,"Agrupamento de Escolas D. João II, Caldas da Rainha",5,
PT,"Agrupamento de Escolas da Ericeira, Mafra",5,
PT,"Agrupamento de Escolas de São Gonçalo, Torres Vedras",5,
UA,Малинська Міська Рада,5,
IT,Istituto comprensivo primo Milazzo,5,
DE,AWO Ostwestfalen Lippe,5,https://www.awo-kitas-owl.de/kita/kita-lohmann-carree
DE,DRK Kreisverband Bielefeld e.V.,5,http://www.drk-kita-lummerland.de/
DE,Katholische Kindertageseinrichtungen Minden-Ravensberg-Lippe,5,https://www.kita-liebfrauen-bielefeld.de
GB,Eden Academy Trust Limited,5,https://www.strantonschool.co.uk/
GB,Areté Learning Trust,5,https://www.millhill-alt.uk/
GB,Tees Valley Education,5,https://brambles.teesvalleyeducation.co.uk/
GB,Middlesbrough Borough Council,5,https://www.whinneybanks.org.uk/
GB,Tudhoe Learning Trust,5,https://www.sandhillprimary.com/
GB,Oak Learning Trust,5,http://www.fellgateprimary.co.uk
GB,Inspire Multi Academy Trust,5,https://newpenshawacademy.co.uk/
DE,Stiftung Evangelische Jugendhilfe St. Johannis Bernburg,5,https://www.stejh.de/arbeitsfelder/tagesbetreuung/kindertagesbetreuung-magdeburg/hort-bunte-welt
DE,Soziale Bürgerinitiative Glindenberg gGmbH,5,https://www.kitaverbund-sbi-glindenberg.net/weinbergwichtel.html
DE,Gemeinde Biederitz,5,https://www.gemeinde-biederitz.de/verzeichnis/visitenkarte.php?mandat=144683
DE,Gemeinde Niedere Börde,5,https://www.niedere-boerde.de/seite/416106/kindertageseinrichtungen.html
DE,Verbandsgemeinde Westliche Börde,5,https://www.westlicheboerde.de/Leben-Bildung/Kindertagesst%C3%A4tten/Wulferstedt/
DE,Gemeinde Elbe-Parey,5,https://www.elbe-parey.de/leben-elbe-parey/soziales-und-gesundheit/kindertageseinrichtungen-hort/
PL,Rembertów,5,https://przedszkole423.pl/
PL,Wesoła,5,https://przedszkole434.pl/
BE,Fiola vzw,5,https://fie-en-ola.be
FR,Bassin de Pompey,5,https://www.bassinpompey.fr/creche-bassin-pompey
DE,Gemeinde Oberstenfeld,5,"https://www.oberstenfeld.de/,Lde/start/service/Kindergarten+Gronau.html"
DE,Stadt Brackenheim,5,https://www.brackenheim.de/index.php?id=119
SE,Åre kommun,5,
DE,Impuls Soziales Management GmbH & Co. KG,5,https://www.e-impuls.de/kita-unikate-saarbruecken/
GB,Aspire Community Trust,5,https://www.bevoistown.co.uk/
GB,Inspire Learning Partnership,5,https://fis.ilpartnership.org/
GB,Gateway Multi Academy Trust,5,https://www.oakfield.academy/
FR,CCAS,5,https://www.grenoble.fr/lieu/735/137-eaje-armand.htm
DE,Studierendenwerk OstNiedersachsen,5,http://www.stw-on.de/lueneburg/kinder/kita-campus
DE,Arbeiterwohlfahrt Bezirksverband Schwaben e.V.,5,https://www.awo-kita-pfaffenhofen.de/
DE,Kita Stadt Augsburg,5,https://www.kitaplaner.de/augsburg/elternportal/de/einrichtungen/liste/ergebnisse/43/details
DE,Johaniter,5,https://www.johanniter.de/juh/lv-bayern/rv-bayerisch-schwaben/unsere-standorte-einrichtungen-in-bayerisch-schwaben/einrichtung-detailseite/johanniter-kindereinrichtung-martini-bambini-in-augsburg-3385
DE,Stadt Gersthofen,5,https://gersthofen.de/leben/kinder/kinderbetreuung-2/kinderbetreuung/
GB,South Essex Academy Trust,5,https://www.khiacademy.co.uk/
GB,New Vision Trust,5,https://elmhurstprimary.co.uk/
GB,Catalyst Academies Trust,5,https://www.aveleyprimary.org.uk/
GB,The Spring Partnership Trust,5,https://www.midfield.bromley.sch.uk
GB,The Woodland Academy Trust,5,https://www.knockhallprimaryschool.co.uk/
GB,BMAT Education,5,https://cooksspinneyacademy.org/
GB,Quantum Multi-Academy Trust,5,https://www.tiptreeheath.essex.sch.uk/
GB,Christus Catholic Trust,5,https://www.stthomasofcanterbury.thurrock.sch.uk/
GB,Bridge Academy Trust,5,https://www.richarddeclare.com
GB,Trinitas Academy Trust,5,https://www.st-augustine.bexley.sch.uk
GB,The Chelmsford Learning Partnership,5,https://rettendon.essex.sch.uk/
DE,Gemeinde Gräfelfing,5,https://www.graefelfing.de/leben/familie-kinder-jugend/kinderbeteuung-3-6/gemeindekindergarten-sonnenblume.html
DE,Diakonie Oberbayern West,5,https://www.diakonieffb.de/hort/hort-st-johannes
DE,Erzdiözese München und Freising,5,https://www.erzbistum-muenchen.de/kinder/kitas/kinderhaus-st-josef-vaterstetten
DE,Glockenbachwerkstatt e.V.,5,https://www.glockenbachwerkstatt.de
DE,Kreisjugendring München-Stadt,5,https://www.kjr-m.de/kitas_und_co/kindervilla-theresia/
DE,JUL gemeinnützige GmbH,5,https://www.jul-kita.de/muenchen-solln-kinderkrippe-julchen/
DE,Landeshauptstadt München Referat für Bildung und Sport,5,https://stadt.muenchen.de/buergerservice/familie-kind/kinderbetreuung
DE,Katholische Kindertageseinrichtungen Ingolstadt gemeinnützige GmbH,5,https://www.kitas-ingolstadt.de/kindergaerten/lenting-st-walburga/
DE,Stadt,5,
NO,Nord-Fron kommune,5,
NO,Nord-Aurdal kommune,5,
NO,Midtre Gauldal kommune,5,
NO,Selbu kommune,5,https://selbu.kommune.no/tjenester/oppvekst-og-familie/barnehage/barnehager-i-selbu/dragsten-barnehage/
PL,Robert Burszewski,5,https://www.wroclawskieskauty.pl/
DE,Ill e.V.,5,https://illev.de/content/blogcategory/576/685/
DE,Institut Lernen und Leben e.V.,5,https://ill-ev.de/haffring
NO,Grimstad kommune,5,https://grimstad.kommune.no/tjenester/barnehage/barnehagene-i-grimstad/grimstad-barnehage
GB,The Laurus Trust,5,https://www.woodfordprimary.org.uk/
GB,Connect Alliance Trust,5,https://www.cavendish.manchester.sch.uk/
GB,Thrive Church of England Academy Trust Ltd,5,https://www.thrive-dce.com/
GB,The Dean Trust,5,https://www.deantrustparkview.co.uk/
GB,The Challenge Academy Trust,5,https://www.meadowside.warrington.sch.uk/
GB,The Three Saints Academy Trust,5,https://www.willowtree.st-helens.sch.uk/
GB,The Heath Family (North West),5,https://bridgewaterpark.halton.sch.uk
GB,The Learning Together Trust,5,https://www.saintwilfrids.wigan.sch.uk/
GB,Chancery Multi Academy Trust,5,https://www.excalibur.cheshire.sch.uk/
GB,Cranmer Education Trust,5,https://www.stjohnsthornham-primary.org/
GB,Wise Owl Trust,5,https://www.briscoe.manchester.sch.uk/
GB,Watergrove Trust,5,https://www.stjameswardle.co.uk/
GB,The Keep Learning Trust,5,https://www.oldhallps.com/
GB,The Liverpool Joint Catholic and Church of England Academies Trust,5,https://www.federationofstmarys.co.uk/
GB,The Family of Learning Trust,5,https://www.heptonstallschool.org.uk/
DE,Pro Liberis gGmbH,5,https://www.pro-liberis.org/standorte/kita-drachenhoehle/
DE,Evangelische Kirche Heidelberg,5,http://kindergarten-arche-hd.de
DE,Stadt Stutensee,5,http://www.maudesign.de/kiga/index.htm
DE,Stadt Weiterstadt,5,https://www.weiterstadt.de/bildung-familie-gesundheit/kinder-jugend-bildung/3-6-jahre/index.php
CH,"Stadt Zürich, SSD, Schulkreis Glatttal, Schuleinheit Kügeliloo",5,https://www.stadt-zuerich.ch/schulen/de/kuegeliloo/ueberuns/standorte/kindergaerten.html#nordheim
CH,"Stadt Zürich, SSD, Schulkreis Letzi, Schuleinheit Utogrund",5,https://www.stadt-zuerich.ch/schulen/de/utogrund/ueberuns/standorte/kindergaerten.html
CH,"Stadt Zürich, SSD, Schulkreis Waidberg, Schuleinheit Nordstrasse",5,https://www.stadt-zuerich.ch/schulen/de/nordstrasse/ueberuns/standorte/kindergaerten.html#kindergarten_habsburg
CH,Familiaris Winterthur,5,https://www.familiaris.ch/aentenaescht/
CH,"Stadt Zürich, SSD, Schulkreis Waidberg, Schuleinheit Milchbuck",5,https://www.stadt-zuerich.ch/schulen/de/milchbuck/ueberuns/standorte/kindergaerten.html#zeppelinstrasse
CH,"Stadt Zürich, SSD, Schulkreis Glatttal, Schuleinheit Hürstholz",5,https://www.stadt-zuerich.ch/schulen/de/huerstholz/ueberuns/standorte/kindergaerten.html#kindergarten_neunbrunnenalpha
CH,Primarschule Wettswil,5,https://www.schulewettswil.ch/
CH,"Stadt Zürich, SSD, Schulkreis Waidberg, Schuleinheit am Wasser",5,https://www.stadt-zuerich.ch/schulen/de/amwasser/ueberuns/standorte/kindergaerten.html
CH,"Stadt Zürich, SSD, Schulkreis Limmattal, Schuleinheit Sihlfeld",5,https://www.abz.ch/bauten/siedlungen/kanzlei/;https://www.stadt-zuerich.ch/schulen/de/sihlfeld/ueberuns/standorte/kindergaerten.html
DE,Johanniter-Unfall-Hilfe e. V.,5,https://www.johanniter.de
CH,Stiftung SalZH,5,https://salzh.ch/betreuung/kita/
CH,"Stadt Zürich, SSD, Schulkreis Glatttal, Schuleinheit Holderbach",5,https://www.stadt-zuerich.ch/schulen/de/holderbach/betreuung/standorte.html
CH,"Stadt Zürich, SSD, Schulkreis Letzi, Schuleinheit Untermoos",5,https://www.stadt-zuerich.ch/schulen/de/untermoos/betreuung/standorte.html
CH,Chinderhuus Muur,5,https://www.chinderhuus-muur.ch/
CH,Kinderkrippenverein Dietikon,5,https://kkvd.ch/
CH,Schule Entfelden,5,https://www.schule-entfelden.ch/schulstufen/kindergarten/standorte
PT,"Agrupamento de Escolas D. Afonso Henriques, Santarém",5,
FI,Folkhälsan,5,https://www.folkhalsan.fi/barn/foraldrar/daghem/folkhalsans-daghem-i-traskanda/
DE,Gemeinde Loxstedt,5,https://www.loxstedt.de/bildung-soziales/kindertagesstaetten/kindergaerten/
DE,DRK Kreisverband Bremen e.V.,5,https://www.drk-bremen.de/angebote/familie-und-jugend/fuer-kinder/kinderhaus-airport/
DE,Hans-Wendt-Stiftung,5,https://www.hans-wendt-stiftung.de/einrichtungen-haeuser/kitas/
NO,Akershus Universitetssykehus HF,5,https://ahusbarnehagene.no
PL,Gmina Cyców,5,https://www.zs-cycow.pl/
FR,Ville de Charleville-Mézières,5,
HR,Dječji vrtić Osijek,5,
DE,Kath. Kirchengemeinde St. Christophorus Emmerich,5,
DE,Stadt Hilden,5,https://www.hilden.de/de/familie-bildung/kita-und-kindertagespflege/
DE,Kath. Kirchengemeinde St. Marien,5,https://www.kiga-marien.de/
DE,FRÖBEL e.V.,5,https://weltentdecker.froebel.info/unser-kindergarten/
DE,Martin-Franz-Stiftung,5,
DE,Diakonie Rhein-Kreis Neuss,5,https://www.diakonie-rkn.de/kita-ein-haus-fuer-kinder-neuss-mitte/
DE,Stadt Dorsten,5,https://dorsten.kita-navigator.org/detail/stadt-kita-am-stuvenberg
DE,Kath. Kirchengemeinde St. Martin Wegberg,5,https://www.kitarabennest.de/
DE,Kinderzentrum Rappelkiste e.V.,5,https://kinderzentrum-rappelkiste.de/zwergenkiste/
DE,LuKiTa Neusser Kindertageseinrichtungen GmbH,5,https://lukitaneuss.de/einrichtungen/kita-pusteblume.html
GB,Cascade Multi Academy Trust,5,http://sharrowschool.co.uk
GB,Accomplish Multi Academy Trust Limited,5,https://jerryclayacademy.wakefield.sch.uk/
GB,Batley Multi Academy Trust,5,https://www.manorfieldschool.co.uk/
GB,The GORSE Academies Trust,5,https://www.morleynewlands.leeds.sch.uk/
GB,Abbey Multi Academy Trust,5,https://www.manstonstjames.co.uk/
GB,Pennine Alliance Learning Trust,5,https://www.calderlearningtrust.com
GB,The Leeds East Primary Partnership,5,https://www.grangefarm.leeds.sch.uk
GB,Empowering Minds Academy Trust,5,https://www.bessacarr.doncaster.sch.uk/
GB,Nova Education Trust,5,https://www.foresttownprimaryschool.co.uk/
GB,Leger Education Trust,5,https://www.castlehillsacademy.com/
GB,Archway Learning Trust,5,https://www.woodsfoundation.notts.sch.uk/
NO,Hamarøy kommune,5,
DE,PariSozial - gemeinnützige Gesellschaft für paritätische Sozialdienste mbH im Kreis Lippe/Gütersloh/Paderborn,5,https://www.parisozial-lippe.de/kita-am-kaiserbrunnen
DE,Stadt Göttingen,5,http://kita.goettingen.de/betreuungsangebote/horte/kita-grone-stadt-goettingen.html
PT,Agrupamento de Escolas André de Gouveia,5,
FI,Porvoon kaupunki,5,https://www.porvoo.fi/kasvatus-ja-opetus/varhaiskasvatuspalvelut/paivakodit/kunnalliset-paivakodit/yla-haikkoon-paivakoti/
FI,Tuusulan kunta,5,https://www.tuusula.fi/paivakoti/index.tmpl?sivu_id=10121
FI,Touhula Varhaiskasvatus Oy,5,https://touhula.fi/paivakoti/sotkamo-touhula-vuokatti/
AT,Stadt Feldkirch,5,
PT,Agrupamento de Escolas Doutor António Granjo,5,
ES,Municipal,5,https://www.reus.cat/serveis/oficina-municipal-descolaritzacio
ES,Autoritat local,5,
PT,"Agrupamento de Escolas Emídio Navarro, Almada",5,https://www.aeen.pt/
PT,"Agrupamento de Escolas Pedro Eanes Lobato, Seixal",5,
PT,"Agrupamento de Escolas Dr. António Augusto Louro, Seixal",5,
DE,Stadt Hildesheim,5,https://www.stadt-hildesheim.de/buergerservice/verwaltung/51-1-09-kita-moritzberg-900000093-33610.html
DE,Stadt Langenhagen,5,https://www.langenhagen.de/portal/seiten/kinderhaus-kaltenweide-hort--900000448-30890.html
DE,Verein zur Förderung der Kinder und Jugendarbeit im Stadtteil Sahlkamp e.V.,5,https://vzf-sahlkamp.de/einrichtungen/#Wigwam
DE,Kinderlebens(t)räume e.V.,5,https://kinderlebenstraeume.de/kita-hannover/erdenkinder
IT,Direzione didattica 2 circolo Spoleto,5,https://www.2circolospoleto.edu.it/jm4/
GB,South Cumbria Multi-Academy Trust,5,https://www.cambridge.scmat.org.uk/
GB,Four Oaks Learning Trust for Excellence,5,https://www.whitehousecommon.bham.sch.uk/
GB,Robin Hood Multi Academy Trust,5,https://www.storywood.bham.sch.uk/
GB,Washwood Heath Multi Academy Trust,5,https://topcliffe.academy/
GB,Fierté Multi-Academy Trust,5,https://www.violetway.org/
GB,Castle Phoenix Trust,5,https://www.charterprimary.co.uk/
GB,Odyssey Collaborative Trust,5,https://www.springfield.derby.sch.uk/
GB,Lionheart Educational Trust,5,https://www.broomleys.org.uk/
GB,Holy Cross Catholic Multi Academy Company,5,https://www.sjv.hccmac.co.uk/
GB,The Stour Federation,5,https://www.brailescofeprimary.org.uk
GB,North Cotswold Schools Federation MAT,5,https://www.stjamesandebringtonprimaryschool.co.uk/
PT,Agrupamento de Escolas de Vila Verde,5,
PT,"Agrupamento de Escolas de Vale do Tamel, Barcelos",5,
PT,"Agrupamento de Escolas de Vale d’Este, Barcelos",5,
PT,Agrupamento de Escolas de Castelo de Paiva,5,
DE,Kinderarche Sachsen e.V.,5,https://www.kirche-sebnitz.de/Kita_hauptseite.html
CZ,MČ Praha 10,5,https://www.msvestinu.cz/
DE,KiTa gGmbH Koblenz,5,katholische-kindertagesstaette-st-marien-linz.de/
DE,Dibber gGmbH,5,https://dibber.de/standort/domblick-40/
NL,SSBB,5,https://cbsschakel.nl
NL,Xpect013,5,https://www.xpect013.nl/burgemeester
BE,VZW Katholiek Basisonderwijs Tessenderlo,5,https://www.wiebelwoud.be
BE,GO! Scholengroep Xpert,5,https://www.daltonschoolhecht.be/
BE,Katholiek Basisonderwijs Meeuwen-Gruitrode,5,https://basisschool-ellikom.be/
NL,Biezonderwijs,5,https://www.sgdekeyzer.nl
IT,Comune di Roma,5,
PL,Gmina Gryfino,5,https://sp3gryfino.pl
PL,Gmina Hrubieszów,5,http://www.szkolamoniatycze.pl
DE,Stadt Jüterbog,5,https://www.jueterbog.eu/seite/259457/kinderbetreuungseinrichtungen.html
FI,Kauhajoen kaupunki,5,https://kauhajoki.fi/kasvatus-ja-opetus/perusopetus/pukkilan-koulu/pukkilan-esiopetus/
NO,Lunner kommune,5,
NO,Nordre Land kommune,5,
IT,Comune di Cesena,5,
GB,Oxlip Learning Partnership,5,https://www.britannia.suffolk.sch.uk/
GB,East Anglian Schools Trust Ltd,5,https://www.leistonprimary.org.uk
SE,Lekebergs kommun,5,
DE,Arbeiterwohlfahrt Kreisverband Greiz e.V.,5,http://awo-greiz.de/Kita/Caaschwitz
DE,Stadt Jena,5,https://janusz-korczak.jena.de/
GB,Heart Academies Trust,5,https://www.shackletonprimary.co.uk/
GB,The Grand Union Partnership,5,https://www.tickfordpark.uk/
GB,Nene Education Trust,5,https://www.newtonroadschool.org.uk/
GB,Hatton Academies Trust,5,https://www.oakwayacademy.org.uk/
GB,The Forest CE Federation,5,https://www.forestfederation.co.uk/
GB,University of Lincoln Academy Trust,5,https://www.monkshouse.lincs.sch.uk/
NO,Fauske kommune,5,
PT,"Agrupamento de Escolas Padre João Coelho Cabanita, Loulé",5,http://www.agrupamentocabanita.edu.pt
FI,Asikkalan kunta,5,https://asikkala.fi/kasvatus-ja-opetus/varhaiskasvatus/paivakodit/paivakoti-peuhis/
SE,Uppsala kommun,5,https://lovstalotsforskola.uppsala.se/
SE,Upplands-Bro Kommun,5,https://www.upplands-bro.se/forskola-och-skola/forskola/forskolor-i-upplands-bro/hagnas-forskola.html
NO,Balsfjord kommune,5,
NO,Kristiansund kommune,5,https://kristiansund.kommune.no/kariholabarnehage
DE,Villa Kunterbunt e.V.,5,http://www.villa-kunterbunt-giessen.de
PL,Polskie Stowarzyszenie Pedagogów i Animatorów KLANZA,5,https://zlobkiklanza.pl/
PL,Gmina Wólka,5,https://szkolaturka.superszkolna.pl/
PL,Gmina Borki,5,http://spwolachomejowa.pl/
DE,Bistum Essen,5,https://www.kita-zweckverband.de/kita-suche/hattingen.html
DE,Lebenshilfe KIDS gGmbH,5,https://www.lebenshilfe-herne.de/de/lebenshilfe-kids/inklusive-kitas/wilde-wiese.php
DE,Ev. Kirchenkreis Dortmund,5,
DE,Stadt Hagen,5,https://www.hagen.de/web/de/fachbereiche/fb_kitas/fb_kitas_03/fb_kitas_heigarenweg/kita_heigarenweg-01.html
DE,Trägerverbund der Tageseinrichtungen für Kinder im ev. Kirchenkreis Lüdenscheid-Plettenberg,5,https://christuskirchengemein.de/familienzentrum-olpendahl/
DE,Kleine Riesen Nord gGmbH,5,https://www.littlegiants.de/kitas/kita/kita-muenster-schuetzenhof/
DE,Katholische Kirchengemeinde Sankt Mauritz,5,https://www.kitas-sanktmauritz.de/pius
NO,Meløy kommune,5,https://meloy.kommune.no
NO,Hemnes kommune,5,
FR,Ville de Saint-Cloud,5,https://www.saintcloud.fr/petite-enfance
DE,DRK-Kreisverband Leipzig-Land e.V.,5,https://www.drk-leipzig-land.de/angebote/kinder/kinder-jugend-und-familie/kindertageseinrichtungen/regenbogen.html
DE,DRK Kreisverband Leipzig-Stadt e.V.,5,https://www.drk-leipzig.de/kita-spielhaus.html
DE,Gemeinde Kabelsketal,5,https://www.kabelsketal.de/de/organigramm/organisationseinheit/30/kindertagesstaette_sonnenschein_zwintschoena.html
DE,AWO Kinderwelt gGmbH,5,https://awo-mulde-collm.de/kitas/kitas-und-horte-im-landkreis-leipzig/ganztagsbetreuung-fuerschueler-der-foerderschule/#toggle-id-1
DE,FAIRbund e.V.,5,https://verein-fairbund.de/kindertagesstaetten/zwergenland/
DE,Herbie e.V.,5,https://www.herbie-leipzig.de/kitas/integrative-kindertagesstaette-joseph-haydn/
DE,DRK Akademischer Kreisverband Leipzig e.V.,5,https://www.drk-akademischer-kv-leipzig.de/leichte-sprache/angebote/kita-jupiterstrasse.html
DE,Gemeinde Parthenstein,5,https://parthenstein.net/kita-gaensebluemchen-klinga/
DE,Stadt Mittweida,5,https://www.grundschule-bernhard-schmidt.de/hort
GB,Olympus Academy Trust,5,https://www.stokelodgeschool.co.uk/
GB,Little Way Catholic Educational Trust,5,https://www.st-peters-pri.gloucs.sch.uk/
GB,Corinium Education Trust,5,https://www.kemble.gloucs.sch.uk/
GB,Educate Together Academy Trust,5,https://www.redfieldet.org.uk/
NO,Rakkestad kommune,5,https://rakkestad.kommune.no
FI,Verkanappulat,5,https://www.verkanappulat.fi/paivakodit/paimio/nappulakaari/
DE,Stadt Peine,5,https://www.peine.de/de/stadtleben/bildung-und-kultur/kindertagesstaetten/Kindertagesstaette-Waldkindergarten.php
DE,Samtgemeinde Baddeckenstedt,5,https://www.baddeckenstedt.de/
PT,Agrupamento de Escolas de Mangualde,5,
PT,"Agrupamento de Escolas Gardunha e Xisto, Fundão",5,
PT,Agrupamento de Escolas de Sátão,5,
HR,Dječji vrtić Šumska jagoda,5,https://vrtic-sumskajagoda.zagreb.hr/
HR,Dječji vrtić Zvončić,5,https://vrtic-zvoncic.zagreb.hr/
HR,Dječji vrtić Bajka,5,https://vrtic-bajka.zagreb.hr/
HR,Dječji vrtić Špansko,5,https://vrtic-spansko.zagreb.hr/
HR,Dječji vrtić Botinec,5,https://vrtic-botinec.zagreb.hr
HR,Dječji vrtić Hrvatski Leskovac,5,https://vrtic-hrvatskileskovac.zagreb.hr/default.aspx?id=45
HR,Dječji vrtić Vrapče,5,https://vrtic-vrapce.zagreb.hr/default.aspx?id=53
NL,Zonova,5,https://www.holendrechtschool.nl
NL,SKOP,5,https://www.johannesschoolpijnacker.nl
NL,SKOA,5,https://www.rkantonius.nl
NL,SSBA,5,https://rkbsdeklimboom-ssba.nl
NL,De Lange Keizer,5,https://delangekeizer.nl/locaties/de-lakei/
NL,Gro-up,5,https://www.gro-up.nl/locaties/naschoolse-behandelgroep-buitenrode-nab/
NL,Sportify Kids,5,https://sportifykids.nl/bso-de-skaters/
NL,Atlant,5,https://www.derozenbeek.nl
NL,ABSA Scholengroep,5,https://basisschoolpiethein.nl
NL,Wasko,5,https://www.wasko.nl
NL,SKOD,5,https://zeggewijzer.nl
NO,Bardu kommune,5,https://bardu.kommune.no/oevre-bardu-barnehage.533918.no.html
PT,"Agrupamento de Escolas Figueira Norte, Figueira da Foz",5,
PT,Agrupamento de Escolas de Montemor-o-Velho,5,
NL,Stichting SKID Kinderopvang,5,
SE,Tranemo kommun,5,
DE,Stadt Zwickau,5,https://www.zwikkita.de/de/08_Marienhof.php
CZ,Město Kraslice,5,https://msbnemcove.estranky.cz
DE,Zwickauer Kinderhaus-Verein e.V.,5,http://www.zkhv.de/integrative-kita-tausendfuessler
SE,Malmö Stad,5,https://malmo.se/Service/Utbildning-och-forskola/Forskola/Forskola-och-pedagogisk-omsorg/Forskolor-A-O/Forskolor/B/Bellevue-forskola.html
IT,Circolo di coordinamento n.6,5,
NO,Haugesund kommune,5,https://haugesundkommune.no
NO,Stord kommune,5,
NO,Ål kommune,5,https://aal.kommune.no
NO,Hol kommune,5,https://hol.kommune.no
RS,Предшколска установа „Радост“,5,
DE,SEHstern e. V.,5,https://sehstern-ev.de/kitas/kita-sehsterntaler
DE,Forum Soziale Dienste,5,https://www.forum-soziale-dienste.de/index.php/in-reinickendorf/wilhelmsruher-d-215
DE,Montessori & Friends Education gGmbH,5,https://www.montessori-friends.de/kinderhaus-steglitz/
DE,Hanna gGmbH,5,https://hanna-ggmbh.de/standorte/pinocchio
DE,Stiftung Pro Gemeinsinn gGmbH,5,https://www.pro-gemeinsinn.de/forscherkindergarten-rotbuche.html
DE,LebensWelt gGmbH,5,https://www.lebenswelt-berlin.de/kindertagesstaetten/fidibus
DE,Kinder im Kiez GmbH,5,https://www.kinder-im-kiez.de/kitas/kita-ansicht/?kita=95fbfbf7e6d3cee2c1e5ef5f10bbead7
DE,Pfefferwerk gGmbH,5,https://www.pfefferwerk.de/pfefferwerk/index.php/kitas-trepotw/kita-kruemelnest
DE,Vielfarb Social gGmbH,5,https://www.vielfarb.de/kita-im-gruenen/
DE,JAO gGmbH,5,https://www.jao-berlin.de/de/topic/93.kita-pankower-wichtel.html
DE,Stadt Eberswalde,5,https://www.eberswalde.de/start/bildung-und-soziales/kindertagesstaetten/haus-der-kleinen-forscher
NL,OOZ,5,https://obs-ijsselhof.nl
NL,WIES,5,https://www.cbsdefonteindwingeloo.nl
DE,Gemeinde Rheinmünster,5,https://rheinmuenster.de/leben-wohnen/kindergarten-und-betreuung/kindergarten-schwarzach/
DE,Waldkindergarten Freiburg e.V.,5,https://www.waldkindergarten-freiburg.de
DE,Stadt Endingen,5,http://www.kindergarten-regenbogen-endingen.de
DE,Jugendhilfswerk Freiburg e.V.,5,https://jugendhilfswerk.com/das-jhw/kindertageseinrichtungen/kitas-gundelfingen/kita-tulpenbaum-0-6-jahre/
GB,Northumberland Church of England Academy Trust,5,https://jamesknott.ncea.org.uk/
PL,Miejski Zespół Żłobków w Łodzi,5,
SE,Olofströms kommun,5,
NO,Tynset kommune,5,
DE,Kath. Kindertageseinrichtungen Minden-Ravensberg-Lippe gem. GmbH,5,https://www.kath-kitas-bielefeld.de/
DE,Gemeinde Borchen,5,https://kitaportal-kreis-paderborn.little-bird.de/Kreis-Paderborn/Kita-Kleine-Helden-Hessenberg
DE,Stadt Waldenbuch,5,"https://www.waldenbuch.de/,Lde/zielgruppen/start/im+staedtle.html"
DE,Stadt Ostfildern,5,https://www.ostfildern.de/Bildung+_+Kultur/Kinderbetreuung/Kindertagesst%C3%A4tte+Pusteblume-p-18614.html
DE,Gemeinde Reichenbach a. d. F.,5,
DE,Kath. Kirche Ludwigsburg,5,http://www.kitas-lb.de
DE,Evang. Gesamtkirchengemeinde Biberach,5,https://www.evang-kita.de/meldungen/ev-kita-neusatzweg
DE,ASB Lehrerkooperative Bildung und Kommunikation gGmbH,5,https://lehrerkooperative.de/horte-6-12-jahre/internationaler-hort-basaltstrasse.html
DE,Träger 55 e.V.,5,https://traeger55.de/francke-campus/
DE,Diakonisches Werk Gießen,5,
DE,Ev. Dekanat Biedenkopf-Gladenbach,5,https://www.ev-kirche-biedenkopf.de/web-kitas/kita-unterm-regenbogen
DE,ASB Lehrerkooperative,5,https://www.lehrerkooperative.de/kitas/kita-hohe-strasse.html
DE,JugendSozialwerk Nordhausen e.V.,5,https://kindergarten-gartenkinder.de
CH,familea,5,https://www.familea.ch/de/Kindertagesstaetten/Standorte/Firmen-Kitas/Basel/Kita_Novartis_Lichtstrasse.php
SE,Östhammars kommun,4,
SE,Nordanstigs kommun,4,
ES,Ayuntamiento de Tudela,4,
UA,Міністерство освіти і науки України,4,http://krasylivka-dnz.kiev.sch.in.ua/
IT,Comune di Torino,4,
PL,MEN,4,https://zsp.bytyn.pl/
GB,Ivy Education Trust,4,https://starcross-primary.co.uk/
GB,Exe Valley & Moorsway Federation,4,https://www.exevalleyfederation.co.uk/Brampford-Speke-C-of-E/
GB,Torbay Council,4,https://www.homelands.torbay.sch.uk/
IT,MIUR,4,http://www.icguidizzolo.gov.it/info/
GB,Bridgwater & Taunton College Trust,4,https://www.maidenbeechprimary.org/
GB,Quantock Education Trust,4,https://www.ashlandsprimaryschool.co.uk/
BE,Katholiek Onderwijs Halen - Herk-de-Stad,4,https://www.basisschool-loksbergen.be/
BE,Vrij Katholiek Onderwijs Dekenaat Vlijtingen,4,https://rievoe.be
BE,Katholieke Scholen Heusden-Zolder,4,https://sintjanberchmansviversel.be/
NL,Ska,4,https://www.ska.nl/locaties/harlekijn/
NL,PCBO Apeldoorn,4,https://diamant-kristal.pcboapeldoorn.nl
NL,BSO Buiten,4,https://www.bso-buiten.nl/locaties/kinderopvang/
NL,DKP Onderwijsgroep,4,https://www.mozarthof.nl
NL,Bink kinderopvang,4,https://binkkinderopvang.nl/vestigingen/kdv-avonturijn
FR,IGESA,4,https://www.igesa.fr/index.php?id=134&uid_fiche=378
NO,Grong kommune,4,
BG,Община Троян,4,https://bukovec.troyan.bg/
IT,Comune di Verona,4,
DE,Ev. Kirchengemeinde Frankfurt (Oder)-Lebus,4,https://evangelische-kitas-ffo.de/
DE,AWO Bezirksverband Brandenburg Ost e. V.,4,https://www.awo-bb-ost.de/baby-kind/kita-hort/kita-hort-bummi
SE,Alingsås kommun,4,https://www.alingsas.se/utbildning-och-barnomsorg/forskola/oppen-forskola/oppen-forskola-i-noltorp/
IT,Istituto Comprensivo Mondovì 1,4,https://www.icmondovi1.edu.it/
HR,Dječji vrtić Milana Sachsa,4,https://vrtic-milanasachsa.zagreb.hr/
HR,Dječji vrtić Kolibri,4,https://vrtic-kolibri.zagreb.hr/default.aspx?id=49
HR,Dječji vrtić Bjelovar,4,
HR,Dječji vrtić Medo Brundo,4,https://vrtic-medobrundo.zagreb.hr
HR,Dječji vrtić Jabuka,4,https://vrtic-jabuka.zagreb.hr/
HR,Dječji vrtić Zrno,4,https://vrtic-zrno.zagreb.hr
HR,Dječji vrtić Duga,4,https://vrtic-duga.zagreb.hr/default.aspx?id=2156
HR,Dječji vrtić Utrina,4,https://vrtic-utrina.zagreb.hr/
DE,Gemeinde Knetzgau,4,https://www.knetzgau.de/index.php?id=16142
DE,Rummelsberger Diakonie,4,https://kitas.rummelsberger-diakonie.de/alle-standorte/integratives-kinderhaus-kunterbunt/
DE,Katholische Kirchenstiftung St. Michael,4,http://www.kiga-sankt-michael.de/
PT,Agrupamento de Escolas José Sanches e S. Vicente da Beira,4,http://www.rede-nonio.min-edu.pt/es/alcains
DE,awo,4,
DE,Kirchengemeindeverband der Kindertageseinrichtungen im Ev.-Luth. Kirchenkreis Hamburg-Ost,4,https://borsteler-chaussee.eva-kita.de/start.html
DE,Evangelisch-Lutherische Kirchengemeinde Brunsbüttel,4,https://www.brunsbuettel.de/Familie_Bildung/Kindertagesst%C3%A4tten_in_Brunsb%C3%BCttel/Ev_Kindertagesst%C3%A4tte_Paulus_Nord/
DE,SterniPark e.V.,4,https://sternipark.de/index.php?id=129
DE,AWO Jugendhilfe und Kindertagesstätten gGmbH,4,https://www.awo-juki.de/index.php?id=718&L=248
DE,Evangelischer Kindertagesstättenverband Hamburg,4,https://bei-der-pauluskirche.eva-kita.de/
DE,DRK Hamburg gemeinnützige Gesellschaft zur Förderung der Kinder- und Jugendhilfe mbH,4,https://drk-kiju.de/einrichtungen/kinderhaus-schatzkiste
DE,WABE e.V.,4,https://www.wabe.de/standort/wabe-kita-weltenbummler/
DE,Katholische Pfarrkirchenstiftung,4,https://www.kiga-st-anna-freyung.de/
GB,Learning Community Trust,4,https://hlcprimary.lct.education/
GB,St Martin's Multi Academy Trust,4,https://www.stmartinsprimary.org.uk/
GB,The Rowley Learning Trust,4,https://www.templemeadow.com/
GB,The Herefordshire Marches Federation of Academies,4,https://www.lordscudamore.hmfa.org.uk/
GB,Penk Valley Academy Trust,4,https://marshbrook.staffs.sch.uk/
GB,Lykos Multi Academy Trust,4,https://www.springdaleschool.co.uk/
GB,The Wulfruna Partnership,4,http://www.dovecotesprimaryschool.co.uk
GB,Quest Learning Trust,4,https://www.orchardprimary.org.uk/
GB,TrustEd Schools Alliance,4,https://www.castlefieldsprimary.co.uk/
IT,IC Altipiano - Trieste,4,
ES,"Departament d'Ensenyament, Generalitat de Catalunya",4,
NO,Åsnes kommune,4,
DE,Diözesan-Caritasverband für das Erzbistum Köln e.V.,4,https://www.katholische-kindergaerten.de/kitas/218-st-josef
DE,Genossenschaft der Cellitinnen zur hl. Gertrud,4,https://www.cellitinnen-zur-hl-gertrud.de/st-peter-julian
DE,Pfarre Franziska von Aachen,4,https://www.franziska-aachen.de/einrichtungen/montessori-kinderhaus-st-adalbert/
DE,Erzbistum Köln,4,https://www.kirche-im-leben.de/kindertagesst%C3%A4tten/kita-christi-auferstehung/
DE,Katharina Kasper ViaNobis GmbH,4,https://www.vianobis-jugendhilfe.de/kindertagesstaetten/kita-kinderreich-auf-dem-sonnenberg
DE,GdG St. Franziskus Düren-Nord,4,https://www.gdg-st-franziskus.de/index.php?option=com_content&view=category&layout=blog&id=227&Itemid=1256
DE,Lebenshilfe für Menschen mit Behinderung e.V. Kreisvereinigung Düren,4,https://www.lebenshilfe-dueren.de/fruehe-foerderung-bildung/kindertagesstaetten/kindertagesstaette-bachpiraten1/
DE,Kreisstadt Bergheim,4,https://bergheim.kita-navigator.org/detail/stadt-kita-die-kleinen-strolche-familienzentrum
DE,Stadt Elsdorf,4,https://elsdorf.kita-navigator.org/detail/kindertagesstatte-gluckspilze
DE,Stadt Würselen,4,https://www.in-der-dell.de/
DE,Stadt Pulheim,4,https://pulheim.kita-navigator.org/detail/stadtische-kindertagesstatte-weltenbummler
DE,Christliches Jugenddorfwerk Deutschlands gemeinnütziger e. V. (CJD),4,https://www.cjd.de/de/cjd-kita-thorrfalken
DE,pro multis,4,https://pro-multis.de/
IT,"Istituto Comprensivo ""G.B. Niccolini""",4,
NO,Ulstein kommune,4,https://hoddvoll.barnehage.no/#
IT,"Istituto Comprensivo N. 2 ""Luigi Pirandello"" di Patti",4,https://www.istitutopirandellopatti.edu.it
NO,Saltdal kommune,4,
DE,Stadt Bischofswerda,4,http://www.sonnenschein-biw.de/
DE,Arbeiterwohlfahrt Kreisverband Bautzen e.V.,4,https://www.awo-bautzen.de/kindertagesstaetten/kita-waldidylle-halbendorf-spree/
DE,Diakonie Dresden,4,https://www.diakonie-dresden.de/einrichtung/evangelische-kita-tausendfuessler-fischbach
HU,Budapest Főváros XIII. Kerület Önkormányzata,4,
HU,Budapest I. kerület Budavári Önkormányzat,4,
HU,Budapest Főváros XI. Kerület Újbuda Önkormányzata,4,https://eszakkelenfoldiovi.ujbuda.hu/
NO,Tysnes kommune,4,
NO,Helse Bergen HF,4,https://helse-bergen.no/avdelinger/driftteknisk-divisjon/barnehagar/ravnebjerget-barnehage
GB,Kïdo,4,https://kidoschools.com/
GB,Bishop Luffa Learning Partnership,4,https://www.fishbourneprimary.co.uk/
GB,Skylark Federation,4,https://www.iford-kingston.e-sussex.sch.uk
GB,Kids Planet,4,https://www.kidsplanetdaynurseries.co.uk/find-a-nursery/haywards-heath/
NO,Gloppen kommune,4,https://mona.barnehage.gloppen.no
NO,Vik kommune,4,
ES,Fundación Pública Local Granada Educa,4,https://www.fundaciongranadaeduca.org/las-escuelas/eim-luna
GB,Omnia Learning Trust,4,https://www.twickenhamprimaryacademy.org.uk
GB,Snowflakes Day Nursery & Montessori,4,https://www.snowflakesnursery.co.uk/locations/comer-crescent
GB,Inclusive Multi Academy Trust,4,https://www.cherrytree.herts.sch.uk/
GB,PACE Academy Trust,4,https://www.chipsteadvalley.com/
GB,Learning Partners Church Academy Trust,4,https://www.stlawrenceprimary.co.uk/
GB,Arbor Academy Trust,4,https://www.northwoldschool.com/
GB,Tove Learning Trust,4,https://www.knowlesprimaryschool.org.uk/
GB,The Alliance Schools Trust,4,https://www.draytonpark.org.uk
GB,All Saints' Trust,4,https://www.st-bernadettes.co.uk/
GB,The Slough and East Berkshire C of E Multi Academy Trust,4,https://www.colnbrookprimary.com/
GB,Chess Valley Primary Learning Trust,4,https://www.littlechalfontprimaryschool.co.uk/
GB,Kings Education Trust,4,https://www.ivingswood.school/
GB,The Circle Trust,4,https://www.hawthorns.wokingham.sch.uk
GB,Slough Borough Council,4,https://www.wexhamprimary.com/
GB,Federation of Christ Church and Holy Trinity Church of England Primary Schools,4,https://www.ccht.rbkc.sch.uk/
GB,King's Group Academies,4,https://www.kgameadowvale.uk/
GB,Childbase Partnership,4,https://www.childbasepartnership.com/cedars-day-nursery
DE,Katholische Kirchenstiftung,4,https://www.heilig-dreikoenig-burk.de/kinderbetreuung/kindergarten/
DE,Diakonie für Kinder und Jugend e.V.,4,http://www.evang-kinderhort.de/
DE,Stadt Beilngries,4,https://www.beilngries.de/kindergarten/
DE,e.V.,4,https://www.integrativer-kiga.ebermannstadt.de/
DE,Montessori,4,https://montessori-forchheim.de/kinderhaus/
BE,Helan,4,https://www.helan.be/nl/waar-vind-je-ons/kinderopvang-de-knuffeltjes-962/
SK,Mesto Kysucké Nové Mesto,4,https://www.mskomenskeho.sk/
NO,Nordreisa kommune,4,https://nordreisa.kommune.no/soerkjosen-barnehage
PL,Krzysztof Pejas,4,https://bajkoweprzedszkola.pl/
FR,Communauté de Communes du Pont du Gard,4,
FR,People&baby,4,https://www.people-and-baby.com/creche/le-village-feerique/992302
AT,Stadt Wien - Kindergärten,4,https://www.wien.gv.at/bildung/bloch-bauer-promenade-16-1-kindergarten
AT,Land NÖ,4,
GB,East Yorkshire County Council,4,https://www.southcaveprimary.co.uk/
GB,Lincolnshire Gateway Academies Trust,4,https://kidgateacademy.co.uk/
GB,Brighter Futures Learning Partnership Trust,4,https://westroadprimary.co.uk/
FR,private,4,http://ecole-saint-vincent.fr/
PL,UM Będzin,4,https://przedszkolemiejskie11bedzin.przedszkolowo.pl/
PL,Gmina Paczków,4,https://pp3paczkow.szkolnastrona.pl/
PL,Gmina Nysa,4,https://sp5nysa.pl/
SE,Arboga kommun,4,https://www.arboga.se/
DE,Studierendenwerk Thüringen,4,http://www.tu-ilmenau.de/sw_sf/
DE,Stadt Steinbach-Hallenberg,4,https://www.steinbach-hallenberg.de/kulturbildung/bildung/kindertageseinrichtungen/
DE,Gemeinde Dermbach,4,https://kita-loewenzahn-diedorf.de/
DE,DRK Kreisverband Meiningen e.V.,4,https://stadt-geisa.org/kinderbetreuung/kinderhaus-st-maria-geisa
SE,Lunds kommun,4,https://lund.se/forskola-och-skola/forskola/forskolor-i-lund/stormhattens-forskola
SI,Vrtec Mladi rod,4,https://www.vrtec-mladirod.si/
SI,Vrtec Pod Gradom,4,https://www.vrtec-podgradom.si
FR,Alès Agglomération,4,
EE,Narva Linnavalitsuse Kultuuriosakond,4,http://lasteaiad.narvakultuur.ee/tareke/et/avaleht
NO,Porsanger kommune,4,https://porsanger.kommune.no
NO,Lurøy kommune,4,
PT,"Agrupamento de Escolas Raul Proença, Caldas da Rainha",4,
IT,Istituto comprensivo terzo Milazzo,4,
IT,Istituto comprensivo di Alì Terme,4,
DE,Gemeinde Weyhe,4,https://www.weyhe.de/info/poi/kindertagesstaette-am-neddernfeld-909000229-21850.html
DE,Evangelisches Jugend- und Fürsorgewerk,4,https://www.ejf.de/arbeitsbereiche/kindertagesbetreuung/alle-einrichtungen/hort-in-der-weststadt.html
DE,AWO Ostwestfalen-Lippe e.V.,4,https://www.awo-kitas-owl.de/kita/kitafamilienzentrum-leteln.html
DE,Lebenshilfe Grafschaft Diepholz gGmbH,4,https://www.lebenshilfe-dh.de/de/unsere-einrichtungen/kinderkrippen/schlossmaeuse-diepholz.php
GB,Hartlepool Borough Council,4,https://www.kingsleyprimary.com
GB,Centurion Multi-Academy Trust,4,https://www.denbighps.org.uk/
GB,One Excellence Multi Academy Trust,4,https://www.stmarks-elmtree.org.uk/
GB,Steel River Academy Trust,4,https://bankfieldsprimary.co.uk/
GB,Connect Multi-Academy Trust,4,https://www.castlesideps.org.uk/
GB,Eden Learning Trust,4,https://www.sthelenauckland.durham.sch.uk/
GB,Synergy Schools,4,https://www.pickhill.school/
GB,Newcastle City Council,4,https://www.bykerprimary.org/
NO,Askvoll kommune,4,https://askvoll.kommune.no/tenestene-vare/barnehage-og-skule/barnehage/barnehagane-i-askvoll/nipa-barnehage/
DE,Gemeinde Sülzetal,4,https://www.gemeinde-sülzetal.de/Leben-in-S%C3%BClzetal/Bildung-und-Soziales/Kindertagesst%C3%A4tten/index.php?ModID=9&object=tx%7C2588.10&FID=2588.131.1&NavID=2588.24&La=1
DE,Borghardt Stiftung,4,https://www.borghardtstiftung.de/portfolio-items/kita-wundervilla/
DE,Stadt Bismark (Altmark),4,https://www.stadt-bismark.de/de/kitas/organisationseinheit/17/kita_pusteblume_bismark.html
DE,Gemeinde Barleben,4,"https://www.barleben.de/Startseite/Leben-in-Barleben/Bildung-und-Soziales/index.php?La=1&object=tx,936.230.1&sub=0"
DE,Stadt Bismark,4,https://www.stadt-bismark.de/de/aemter-ansprechpartner/organisationseinheit/20/kita_schinner_knirpse_schinne.html
AT,Marktgemeinde Tamsweg,4,
FR,People and Baby,4,https://www.people-and-baby.com/creche/colibri/992571
PL,Wilanów,4,https://wikom.pl/p56w-wa/
PL,Centrum Rozwoju Dziecka Sp. z o.o.,4,https://www.kids-co.pl/
UA,"Відділ освіти, культури, сім'ї, молоді та спорту",4,
NO,Vinje kommune,4,
NO,Tokke kommune,4,
BE,ISPPC,4,
RS,"Предшколска установа ""Ужице""",4,https://www.vrticue.org.rs/poletarac/
DE,Lebenshilfe Saarbrücken,4,https://lebenshilfe-sb.de/de/dienste/betreuen-begleiten/eschberg.php
DE,Caritas Trägergesellschaft Saarbrücken mbH,4,https://www.kita-thomas-morus.de/
SE,Bräcke kommun,4,
GB,Bridge Education Trust,4,https://www.shirleywarren.co.uk/
GB,"Bournemouth, Christchurch and Poole Council",4,https://www.winchelseaschool.co.uk/
PL,Anna Lubaś,4,https://maluszkowo.com.pl/
PL,"Zg. Ss. Służebniczek Nmp Niepokalanie Poczętej, Prowincja Przemyska",4,https://jozef.rzeszow.pl/
FR,Crèche Attitude,4,https://www.creche-attitude.fr/creches/le-jardin-de-melusine/
DE,Kindergruppen Die Rübe e.V.,4,http://www.ruebe-lueneburg.de/unsere-rueben/alte-schule-oedeme/
DE,ekita.net gGmbH,4,https://dergutehirtefriedberg.e-kita.de
DE,Ev. Kirchengemeinde,4,https://www.kinderhaus-sontheim.de/
DE,Stadt Langenau,4,https://www.langenau.de/de/Leben/Kinder-und-Jugendliche/Kinderbetreuung/Kinderbetreuung?view=publish&item=nursery&id=1012
DE,Arbeiterwohlfahrt (AWO),4,https://www.awo-kita-bobingen.de/
GB,The Westbrook Trust,4,https://www.stmargaretsinf.medway.sch.uk/
GB,Orion Education,4,https://www.orionravensworth.org.uk/
GB,The Tapscott Learning Trust,4,https://www.curwen.newham.sch.uk/
GB,Rivermead Inclusive Trust,4,https://lutonprimaryschool.co.uk/
GB,The Pilgrim Multi Academy Trust,4,https://www.stmargaretsattroytown.co.uk/
GB,The Brickfields Trust,4,https://www.lawfordmead.essex.sch.uk/
GB,South East Essex Academy Trust,4,https://www.princeavenue.co.uk/
GB,Coppice Primary Partnership,4,https://www.staplehurstschool.co.uk/
GB,Hearts Academy Trust,4,https://www.hearts-waterman.uk/
GB,The Howard Academy Trust,4,https://www.templemill-that.org.uk/
GB,Southend-on-Sea Borough Council,4,https://www.fairways.southend.sch.uk/
GB,Cresco Multi Academy Trust,4,https://www.greatberry.co.uk/
GB,The Weald Federation,4,https://thewealdfederation.org/frant/
GB,Valley Invicta Academies Trust,4,https://www.eastborough.viat.org.uk/
GB,Bourne Alliance Multi Academy Trust,4,https://www.grovepark-ba-mat.org.uk/
GB,Lee Chapel Multi Academy Trust,4,https://www.ryedene.essex.sch.uk/
GB,Southend East Community Academy Trust,4,https://www.hinguar.secat.co.uk
GB,Robus Multi Academy Trust,4,https://www.woodhamley.essex.sch.uk/
DE,Stadt Moosburg a.d.Isar,4,https://www.moosburg.de/Staedtischer-Drei-Rosen-Kindergarten
DE,kath. Pfarrkirchenstiftung St. Vinzenz-Klettham,4,http://www.katholischer-kindergarten-st-vinzenz.de/
DE,Diakonisches Werk des Evang.-Luth- Dekanatsbezirks Rosenheim e.V.,4,https://dwro.de/standorte/einrichtung/kinderkrippe-dom-pedro-strasse/
DE,Landeshaupstadt München,4,https://stadt.muenchen.de/service/info/elisabethkohnstr-15/1060578/
DE,Stadt Pfaffenhofen an der Ilm,4,https://pfaffenhofen.de/artikel/staedtische-kindertagesstaette-st-elisabeth/
DE,Markt Pöttmes,4,https://www.wurzelkinder-poettmes.de/
DE,MATAPI gGmbH,4,https://matapi.de/oktonauten/
DE,AWO Kreisverband München-Land e.V.,4,https://awo-kvmucl.de/kinder-angebote/kinder-kindertagesstaetten-ueberblick/awo-naturkindergarten-garching/awo-waldkindergarten-waldmeister-aktuelles/
DE,Fröbel,4,https://regenbogenpaenz.froebel.info/
DE,Lebenshilfe Freising e.V.,4,https://www.lebenshilfe-fs.de/fruehfoerderstellen-kitas-und-schule/kitas/fz-steinpark/
DE,Espira und Joki Kinderbetreuung GmbH,4,https://espira-kinderbetreuung.de/home/standorte/bayern/freiham/
NO,Aure kommune,4,
ES,Escuelas a un clic,4,
RO,Primăria Cluj-Napoca,4,https://eduindex.ro/crese/cresa-cenusareasa-cluj-napoca/
RO,Grădinița cu program prelungit nr. 20,4,
NO,Lyngdal kommune,4,
PL,Gmina Borzęcin,4,https://www.zspprzyborow.pl/
NO,Lyngen kommune Ivgu Suohkan Yykeän Kunta,4,https://lyngen.kommune.no
DE,St. Johanniszweivereins Sailauf e.V.,4,https://www.kindergarten-sailauf.de
NO,Froland kommune,4,https://froland.kommune.no/tjenester/skole-og-barnehage/barnehage/barnehagene-i-froland/kringletoppen-ba
NO,Lillesand kommune,4,https://framsynbarnehage.no/
NO,Nissedal kommune,4,
IT,Istituto Comprensivo Alessandro Manzoni,4,
GB,The Bishop Fraser Trust,4,https://stcatherinesbl6.greenhousecms.co.uk/
GB,Four Rivers Multi Academy Trust,4,https://www.norburyhall.stockport.sch.uk/
GB,Alexandra Academy Trust,4,https://www.haslington.cheshire.sch.uk/
GB,Alpha Academies Trust,4,https://eaton.alphaacademiestrust.co.uk
GB,Axia Learning Alliance,4,https://www.lostockhallcps.co.uk
GB,Northern Schools Trust,4,https://thomasgrayprimary.co.uk/
GB,Creative Education Trust,4,https://www.harpfieldprimaryacademy.org.uk/
GB,Quest (A Church of England Schools Trust),4,https://www.hindleygreenprimary.org.uk/
GB,The Beam Education Trust,4,https://www.stathamprimaryandnursery.co.uk/
GB,Achievement Through Collaboration Trust,4,https://plattbridge.atctrust.org.uk/
GB,Mersey View Learning Trust,4,https://www.rowanparkschool.com/rowan-park-school/
DE,Karlsruher Verein zur Förderung junger Menschen e.V.,4,
DE,Stadt Schriesheim,4,https://www.schriesheim.de/raeuberhoehle
DE,Internationaler Bund (IB) e.V.,4,http://www.ib-baden.de/kita-weingarten/
DE,Gemeinde Egelsbach,4,https://www.egelsbach.de/gv_egelsbach/Leben/Kinderbetreuungseinrichtungen/Kita%20B%C3%BCrgerhaus/
DE,Stadt Ludwigshafen am Rhein,4,https://kitaportal.ludwigshafen.de/profil/Kom.%20Kindertagesst%C3%A4tte%20Edigheim/Ludwigshafen%20am%20Rhein/33
DE,Protestantischer Kindertagesstättenverband Neustadt/Weinstraße,4,
DE,Seelsorgeeinheit Oberhausen-Philippsburg,4,https://www.oberhausen-rheinhausen.de/index.php?id=77
DE,Stadt Waghäusel,4,
DE,Bistum Mainz,4,https://bistummainz.de/kita/eisbachtal/kindergaerten/st.-martin-worms-wiesoppenheim
DE,Pfarrei Geinsheim Hl. Geist,4,
DE,Magistrat der Stadt Reinheim,4,
DE,Stadt Maulbronn,4,
DE,ASB Lehrerkooperative gGmbH,4,https://www.lehrerkooperative.de/kitas-05-12-jahre/sport-kita-langen-neueroeffnung.html
SE,Vaggeryds kommun,4,
NO,Oppdal kommune,4,
CH,"Stadt Zürich, SSD, Schulkreis Glatttal, Schuleinheit Schauenberg",4,https://www.stadt-zuerich.ch/content/schulen/de/schauenberg/betreuung/standorte.html
CH,"Stadt Zürich, SSD, Schulkreis Zürichberg",4,https://www.stadt-zuerich.ch/ssd/de/index/volksschule/schulkreise_kreisschulbehoerden/zuerichberg/schulen/kartaus_muenchhalde_schuleinheit/horte_betreuung.html
CH,Schulgemeinde Wallisellen,4,https://www.schule.wallisellen.ch/
CH,"Stadt Zürich, SSD, Schulkreis Letzi, Schuleinheit Freilager",4,https://www.stadt-zuerich.ch/schulen/de/untermoos/ueberuns/standorte/kindergaerten.html
CH,"Stadt Zürich, SSD, Schulkreis Schwamendingen",4,https://www.stadt-zuerich.ch/schulen/de/ahorn/ueberuns/standorte/kindergaerten.html
CH,"Stadt Zürich, SSD, Schulkreis Zürichberg, Schuleinheit Hirschengraben-Schanzengraben",4,https://www.stadt-zuerich.ch/schulen/de/hirschengraben/betreuung/standorte.html#hillside
CH,"Stadt Zürich, SSD, Schulkreis Schwamendingen, Schuleinheit Hirzenbach",4,https://www.stadt-zuerich.ch/schulen/de/hirzenbach/ueberuns/standorte/kindergaerten.html#grosswiesen_ii
CH,"Stadt Zürich, SSD, Schulkreis Waidberg, Schuleinheit Allenmoos",4,https://www.stadt-zuerich.ch/schulen/de/allenmoos/ueberuns/standorte/kindergaerten.html
CH,"Stadt Zürich, SSD, Schulkreis Waidberg, Schuleinheit Riedhof-Pünten",4,https://www.stadt-zuerich.ch/schulen/de/riedhof/ueberuns/standorte/kindergaerten.html
CH,"Stadt Zürich, SSD, Schulkreis Letzi, Schuleinheit Dachslernstrasse",4,https://www.stadt-zuerich.ch/content/schulen/de/dachslernstrasse/betreuung/standorte.html#betreuung_studerhaus
CH,"Stadt Zürich, SSD, Schulkreis Letzi, Schuleinheit In der Ey",4,https://www.stadt-zuerich.ch/schulen/de/inderey/ueberuns/standorte/kindergaerten.html
CH,Verein Kindertagesstätte Loki,4,http://www.kita-loki.ch/kita-loki/
CH,"Stadt Zürich, SSD, Schulkreis Schwamendingen, Schuleinheit Probstei",4,https://www.stadt-zuerich.ch/schulen/de/probstei/betreuung/standorte.html
DE,Stadt Radolfzell,4,https://www.radolfzell.de/eu/Bildung-Soziales/Kinder-und-Jugend/Kindertagesbetreuung/Kindertageseinrichtungen/Kinderhaus-Buellerbue-Moeggingen/page17707.htm
PT,Agrupamento de Escolas de Vila Nova da Barquinha,4,
PT,Agrupamento de Escolas Marinha Grande Nascente,4,
PT,Agrupamento de Escolas da Chamusca,4,
PT,"Agrupamento de Escolas Gualdim Pais, Pombal",4,
CH,Ville de Lausanne,4,https://www.lausanne.ch/vie-pratique/enfance-jeunesse-famille/accueil-de-jour-et-enfance/prescolaire/type-accueil-prescolaire/institutions-pour-l-enfance/liste-cve-municipaux-prives/cve-creche-centenaire/cve-creche-centenaire-description.html
DE,Verein für Kinder e.V.,4,
DE,Magistrat der Stadt Bremerhaven,4,http://www.bremerhaven.de/meer-erleben/junges-bremerhaven/kindertagesbetreuung/kindertagesstaette-wurster-strasse.52872.html?template=root_kindertagesstaetten_zimmer&zimmer=kindergarten
DE,"Deutsches Rotes Kreuz, Kreisverband Osterholz e. V.",4,https://www.drk-ohz.de/angebote/kinder-jugend-und-familie/kindertageseinrichtung/ritterhude-moormannskamp.html
DE,Impuls Soziales Management Die Familienexperten gGmbH,4,https://www.e-impuls.de/sternchen-bremen/
GB,Synergy Education Trust Limited,4,https://stanleyprimaryschool.com/
NO,Stranda kommune,4,
NO,Sula kommune,4,
PL,Fundacja Teresianum,4,
PL,Gmina Puchaczów,4,
DE,Stadt Dinslaken,4,https://www.kita-dinslaken.de/system.php?action=view_kita&kita_id=1
DE,Lebenshilfe gGmbH - Leben und Wohnen,4,
DE,"DRK Kreisverband Düsseldorf e.V., Kölner Landstraße 169, 40591 Düsseldorf",4,https://www.drk-duesseldorf.de/leistungsbereiche/kinder-und-familie/kindertagesstaetten/kita-ellerstr/kindertagesstaette-ellerstr-191.html
DE,Stadt Meerbusch,4,https://meerbusch.kita-navigator.org/kitas/staedtische-kindertageseinrichtung-sonnengarten/
DE,Kath. Kirchengemeinde St. Martinus Pfalzdorf,4,
DE,Arbeiterwohlfahrt Kreisverband Wesel e.V.,4,https://www.awo-kv-wesel.de/kinder-jugend/kindertageseinrichtungen/in-moers/awo-kita-jungbornstrasse/
DE,Stadt Mönchengladbach,4,https://moenchengladbach.kita-navigator.org/kitas/am-beekerkamp/
DE,Kath. Kirchengemeinde St. Laurentius,4,https://st-laurentius-mg.de/st-laurentius/burgkindergarten/
DE,Stadt Oberhausen,4,
DE,AWO Kita gGmbH,4,https://www.awo-kitas-lev.de/kita-ringstrasse-77/
DE,KiTa-Zweckverband im Bistum Essen,4,https://www.heilige-familie-essen.de/index.php/angebote/fuer-kinder/kindergarten-lehnsgrund
DE,Stadt Kaarst,4,https://www.familienzentrum-kaarst-mitte.de/geranienweg/
DE,Stadt Mülheim an der Ruhr,4,https://geo.muelheim-ruhr.de/kindergarten/tageseinrichtung_fuer_kinder_hummelwiese_%2528eec%2529/1451
DE,Stadt Mettmann,4,
DE,Kath. Kirchengemeinde St. Martinus,4,http://hubertus-nikolaus.de/default.php?thisID=164&CMS_NAV=
DE,Stadt Tönisvorst,4,http://www.familienzentrum-brucknerstrasse.de/
DE,Sankt Nikolaus Kirchengemeinde Wesel,4,
DE,Katholische Kirchengemeinde St. Josef,4,https://www.sankt-josef-moers.de/kita-verbund/kita-st-elisabeth
DE,Stadt Kempen,4,http://lupilus-online.de/
DE,Verein für Kinder- und Jugendarbeit in sozialen Brennpunkten Ruhrgebiet e.V.,4,https://www.vkj.de/de/angebote/fuer-kinder/kinderhaeuser/pusteblume/
NL,MOZON,4,https://www.montessorischoolvenlo.nl
DE,CSE,4,https://www.cse.ruhr/kinder/unsere-standorte-im-ueberblick/standort/76-familienzentrum-mattisburg/
DE,Kath. Kirchengemeinde St. Peter,4,https://kitas.katholisch-in-rheinberg.de/kita-st-marien
DE,Diakonie Mecklenburgische Seenplatte gGmbH,4,https://www.diakonie-mse.de/angebote/einrichtung/kita-noahs-kleine-strolche/
GB,The Lantern Learning Trust (Inner North West Leeds),4,https://brudenellprimary.co.uk/
GB,Mercia Learning Trust,4,https://netheredge.school
GB,Leodis Academies Trust,4,https://www.blackgates.org.uk
GB,St Gregory The Great Catholic Academy Trust,4,https://bsf-leeds.co.uk/
GB,Carlton Academy Trust,4,https://www.marshfield-primary.co.uk/
GB,Minerva Learning Trust,4,https://www.woodthorpeprimary.co.uk/
GB,Castleford Academy Trust,4,https://www.oysterpark.co.uk/
GB,The Mast Academy Trust,4,https://www.scholesji.org.uk/
GB,Great Heights Academy Trust,4,https://www.westvaleacademy.org.uk/
GB,Beckfoot Trust,4,https://www.beckfootheaton.org/
GB,Trinity Multi Academy Trust,4,https://stpeters.trinitymat.org/
DE,Stadt Baunatal,4,https://www.baunatal.de/
PT,Agrupamento de Escolas de Vila Viçosa,4,http://agrupescolasvvicosa.no.sapo.pt/
PL,Miasto Dęblin,4,http://www.mp3.deblin.szkolnastrona.pl/
NO,Inderøy kommune,4,
DE,Trägerwerk Soziale Dienste in Sachsen-Anhalt GmbH,4,https://twsd-sa.de/unsere-angebote/kindertagesstaetten/kindertagesstaette-selketalbahn-strassberg/
DE,Hallesche Jugendwerkstatt gGmbH,4,https://hal-jw.de/bereiche/horte-und-kindertagesstaetten/kita-froh-sinn/
FI,Mynämäen kunta,4,https://www.mynamaki.fi/
FI,Norlandia Päiväkodit,4,https://norlandiapaivakodit.fi/laine
AT,Marktgemeinde Hard,4,
DE,Stadt Markdorf,4,
PT,"Agrupamento de Escolas Morgado de Mateus, Vila Real",4,
PT,Agrupamento de Escolas de Mirandela,4,
ES,Departament d'Ensenyament,4,
PT,"Agrupamento de Escolas do Monte da Caparica, Almada",4,https://aemontecaparica.edu.pt/
PT,"Agrupamento de Escolas de Pinhal de Frades, Seixal",4,http://joomla.aepinhalfrades.pt
PT,"Agrupamento de Escolas António Gedeão, Almada",4,http://ageantoniogedeao.pt
PT,"Agrupamento de Escolas Nun’Álvares, Seixal",4,https://aenunalvares.edu.pt/
PT,Santa Casa da Misericórdia de Cascais,4,https://www.cercica.pt/
PT,A Voz do Operário,4,
PT,"Agrupamento de Escolas Lapiás, Sintra",4,http://www.malhatlantica.pt/abispo
DE,Stadt Lehrte,4,
DE,CJD,4,https://www.cjd-elze.de/angebote/kita-elze/
DE,Stadt Barsinghausen,4,https://www.barsinghausen.de/portal/seiten/integrative-kindertagesstaette-grossgoltern-1846015772-20002.html
DE,Starkita e.V.,4,https://starkita.de/unsere-kitas/suedstadt-bult/
DE,Stadt Gehrden,4,https://kita-nedderntor.gehrden.de
GB,Furness Education Trust,4,https://lindalmarton.com/
GB,Create Partnership Trust,4,https://www.brookfields.bham.sch.uk/
GB,Raleigh Education Trust,4,https://ambleside.raleightrust.org/
GB,Summit Learning Trust,4,https://www.oaklandsprimary.org.uk/
GB,Prosper Together Multi Academy Trust,4,https://www.fordbridge.solihull.sch.uk/
GB,Fosse Multi Academy Trust,4,https://www.moretonmorrell.warwickshire.sch.uk/
GB,Finham Park Multi-Academy Trust,4,https://www.limbrickwood.co.uk
GB,Primitas Learning Partnership,4,https://www.henrychadwick.staffs.sch.uk/
GB,The Futures Trust,4,https://www.knpa.co.uk/
GB,Triumph Learning Trust,4,https://www.courthousegreen.org/
GB,Warwick Schools Foundation Multi Academy Trust,4,https://www.westgate-primary.com/
GB,Innovate2Educate Partnership Limited,4,https://www.allsaints.school/
GB,The Hawksmoor Learning Trust,4,https://www.brackenleasacademy.com/
GB,Yorkshire Endeavour Academy Trust,4,https://oakridge.n-yorks.sch.uk/
PT,"Agrupamento de Escolas Sá de Miranda, Braga",4,
PT,"Agrupamento de Escolas de Paço de Sousa, Penafiel",4,
PT,"Agrupamento de Escolas de Trigal de Santa Maria, Braga",4,
PT,Agrupamento de Escolas do Concelho de Caminha,4,
PT,"Agrupamento de Escolas Rosa Ramalho, Barcelos",4,
PT,Agrupamento de Escolas n.º 1 de Gondomar,4,
PT,"Agrupamento de Escolas Amadeo de Souza Cardoso, Amarante",4,
PT,"Agrupamento de Escolas de Argoncilhe, Santa Maria da Feira",4,
PT,Agrupamento de Escolas de Braga Oeste,4,
PT,"Agrupamento de Escolas n.º 3 de Rio Tinto, Gondomar",4,
SE,Nyköpings kommun,4,
PL,Gmina Olsztyn,4,https://pm10.olsztyn.eu/
GB,Thanet Endeavour Learning Trust,4,https://www.parksidecommunityprimaryschool.co.uk/
NO,Karlsøy kommune,4,https://karlsoyoppvekst.no/skoleveven/index.php?module=edit&view=edit&pageid=44
DE,Christliche Sozialhilfe Köln e.V.,4,
DE,Katholische Kirchengemeinde St. Clemens und Mauritius,4,
DE,"KJF – Gemeinnützige Ev. Gesellschaft für Kind, Jugend und Familie mbH",4,https://www.kjf-ggmbh.de/kita/matthias-claudius-kita/
DE,Conclusio gGmbH,4,https://www.conclusio-ggmbh.de/kopie-von-karriere
DE,Kinderzentren Kunterbunt gemeinnützige GmbH,4,http://kinderzentren.de/
NL,Korein,4,https://www.korein.nl/locaties/eindhoven/woensel-noord/tarwelaan
NL,Kinderopvang de Plu,4,https://www.kinderopvangdeplu.org/
NL,KION,4,https://kion.nl/locaties/dribbel.html
NL,Norlandia,4,https://norlandia.nl/wijboom-kinderopvang-kc-sterrenboom/
BE,Gemeentebestuur van Dilsen-Stokkem,4,https://www.horizon-rotem.be/
IT,Roma Capitale,4,
PL,Stowarzyszenie Cieszanów.pl,4,http://www.nowylubliniec.pl/
PL,Gmina Miejska Hrubieszów,4,http://p3hrubieszow.szkolnastrona.pl/
DE,Kindergartenverein Wilsdruff e.V.,4,https://www.naturkinderland-grumbach.de/
DE,Diakonisches Werk Meißen gGmbH,4,https://www.diakonie-meissen.de/kindertagesstaetten_und_hort_kneipp-kita_mischka_riesa_de.html
DE,Stadt Meißen,4,
NO,Vestre Toten kommune,4,
NO,Jevnaker kommune,4,
NO,Søndre Land kommune,4,
NO,Nannestad kommune,4,https://nannestad.kommune.no/holterbarnehage
NO,Steigen kommune,4,
NO,Gildeskål kommune,4,https://gildeskal.kommune.no
IT,Comune di Rimini,4,
DE,Kreisdiakonische Kita gGmbH,4,http://www.gemeinde-loissin.de/verzeichnis/visitenkarte.php?mandat=142665
GB,Kingfisher Schools Trust,4,https://northgateprimary.norfolk.sch.uk/
GB,Hartismere Family of Schools,4,https://www.woodsloke.org/
NO,Guovdageainnu Suohkan / Kautokeino kommune,4,
DE,Stadtverwaltung Oederan,4,https://www.oederan.de/leben-wohnen/kinderbetreuung/kita-kunterbunt
DE,Volkssolidarität Regionalverband Freiberg e.V.,4,https://www.vs-freiberg.de/beitraege/soziale-einrichtungen-integrative-kindereinrichtung-pfiffikus-eppendorf/
DE,Stadtverwaltung Olbernhau,4,https://www.olbernhau.de/kindertagesstaette-haselmaus-1
DE,AWO Regionalverband Mitte-West-Thüringen e.V.,4,https://www.awo-mittewest-thueringen.de/kirschbachtal-weimar.html
DE,Arbeiterwohlfahrt Kreisverband Saalfeld-Rudolstadt e.V.,4,https://www.awo-saalfeld.de/kinder-jugend-familie/kindergaerten/froebelkindergarten-am-wald/
GB,Four Cs MAT,4,https://www.manordriveprimary.org.uk/
GB,Village Schools Federation,4,https://www.northcrawley.milton-keynes.sch.uk/
GB,Keys Academies Trust,4,https://www.longthorpe.net/
GB,Mowbray Education Trust Limited,4,https://www.brownlowprimary.org
GB,ACT Multi Academy Trust,4,https://www.stmarys.act-academytrust.org/
AT,GiP,4,https://www.gip.st/
AT,Stadtgemeinde Wörgl,4,https://www.woergl.at/stadtamt/gemeindebetriebe/kinderkrippe_purzelbaum
DE,Stadt Bad Aibling,4,https://rathaus.bad-aibling.de/bildung-kultur/kindertageseinrichtungen/kindergarten-hofberg/
DE,Stadt Traunreut,4,"https://www.traunreut.de/index.php?id=983,290"
IT,Ist. Com. L. Bassi - S. Catalano,4,https://www.icliviobassi.edu.it/
AL,Ardita Musaraj,4,
AL,Danila Daca,4,
PL,Gmina Przemyśl,4,
FR,Mairie d'Orléans,4,
SE,Järfälla kommun,4,https://www.jarfalla.se/forskolaochskola/smabarn/forskolaochpedagogiskomsorg/barkarbyskalby/parkvagensforskola.4.36ac70f31639ecd947f33d23.html
SE,Ängbybarnens förskolor,4,
SE,Huddinge Kommun,4,
DE,Gemeinde Dietramszell,4,https://www.dietramszell.de/verzeichnis/visitenkarte.php?mandat=218970
DE,Stadt Weilheim,4,http://pfiffikus.weilheim.de
AT,Stadtgemeinde Ternitz,4,
UA,Рівненська міська рада,4,https://dnz44.rv.ua/
PL,Izabela Czechowska,4,https://www.martynka.lublin.pl/
PL,Małgorzata Juda,4,https://maligiganci.lublin.pl/
PL,Gmina Garbów,4,https://www.spwola.garbow.pl/
PL,Gmina Niemce,4,http://www.przedszkole.niemce.pl
PL,Gmina Miasto Lubartów,4,http://www.przedszkole1-lubartow.pl
PL,Gmina Wohyń,4,https://splisiowolka.pl/
PL,Gmina Łęczna,4,https://przedszkole.leczna.pl/
PL,Małgorzata Lewczuk-Grobelska,4,http://www.junior.lublin.pl
DE,KiTa Zweckverband im Bistum Essen,4,http://www.kita-urbanus.de/000001986e0d6078f.html
DE,Stadt Münster,4,https://muenster.kita-navigator.org/kitas/staedtische-kindertageseinrichtung-wielerort/
DE,Lebenshilfe Essen e.V.,4,https://www.lebenshilfe-essen.de/de/dienstleistungen/kinder/kindertagesstaetten.php
DE,GVS Herdecke e.V.,4,https://www.gvs-herdecke.de/einrichtungen/tageseinrichtungen-fuer-kinder-familienzentren/sonnen-haus/
DE,Caritasverband Hagen e.V.,4,https://www.caritas-hagen.de
DE,AWO Ruhr-Lippe-Ems,4,
DE,Gemeindeverband Kath. Kirchengemeinden Ruhr-Mark,4,https://www.pv-witten-ost.de/
DE,"Amt für Kinder, Jugendliche und Familien",4,https://muenster.kita-navigator.org/kitas/staedtische-kindertageseinrichtung-und-familienzentrum-am-gievenbach/
DE,Trägerverein Soziale Einrichtungen Wetter,4,http://www.tse-wetter-ruhr.de/tse/Frobelhaus.html
DE,CVJM Münster e.V.,4,https://www.cvjmmuenster.de/klaras-kinderhaus.html
DE,Katholische Pfarrei Heilig Geist,4,https://www.heiliggeisthamm.de/unsere-kitas/standorte/kita-st-marien/
DE,Kath. Kirchengemeinde Papst Johannes,4,http://www.fz-sttheresia-heessen.de/
DE,Arbeiterwohlfahrt Unterbezirk Ruhr-Lippe-Ems,4,https://awo-rle.de/kitas/weltentdecker/
FR,ABC Puériculture,4,https://www.abcpuericulture.com/structure-5-abc-puericulture-au-bonheur-des-ours.html
FR,Les Petites Canailles,4,https://www.lespetitescanailles.fr/creche/creche-cormeilles-en-parisis-2/
FR,Commune de Cachan,4,https://ville-cachan.fr/annuaire-des-equipements/mini-creche-municipale-volti/
FR,Mairie de Lognes,4,https://www.mairie-lognes.fr/structures-petite-enfance/
DE,Stadt Frohburg,4,https://www.frohburg.de/leben-in-frohburg/kindereinrichtungen/kita-spatzennest-frohburg
DE,Diakonisches Werk Delitzsch/Eilenburg e.V.,4,https://www.diakonie-delitzsch.de/angebote_fuer_kinder_und_jugendliche_kita_wolkenschaefchen_de.html
DE,Gemeinnützige Känguru Kindertagesstätten Leipzig GmbH,4,https://kaenguru-leipzig.de/kindertagesstaetten/kita-kuchengartenstrasse
DE,DRK Kreisverband Leipzig-Land e.V.,4,https://www.drk-leipzig-land.de/angebote/kinder/kinder-jugend-und-familie/kindertageseinrichtungen/rappelkiste.html
DE,Städtischer Eigenbetrieb Behindertenhilfe (SEB),4,https://seb-leipzig.de/kitas-und-horte/kindertagesstaetten/komplex-kita-dschungelbande
DE,Diakonisches Werk im Kirchenbezirk Leipziger Land e.V.,4,https://www.diakonie-leipziger-land.de/kinder-jugend-und-bildung/kindertagesstaetten/kita-grimma/
FI,Varkauden kaupunki,4,https://peda.net/varkaus/varhaiskasvatus/varhaiskasvatus/pp
GB,The Athelstan Trust,4,https://charter.wilts.sch.uk/
GB,The Oak Partnership Trust,4,https://www.stokestgregory.school/
IT,Kindergartensprengel Schlanders,4,https://www.kindergarten.bz.it/schlanders/kindergarten-st-valentin-a-d-h/
IT,Circolo di coordinamento n.11,4,
IT,Circolo di coordinamento n.5,4,
NO,Halden kommune,4,https://isebakke.barnehage.halden.kommune.no/
RS,Предшколска установа „Дечји дани“,4,https://www.pudecjidani.rs/?page_id=4421
DE,Stadt Deggendorf,4,https://www.deggendorf.de/rathaus/hauptverwaltung/schulen-kinderbetreuung-soziales-und-sport/kinderbetreuung/hafenbraedl-kindergarten
DE,Stadt Neutraubling,4,https://kinderbetreuung-neutraubling.de/kinderhort/
DE,Stadt Kremmen,4,http://www.kita-raeuberhoehle-kremmen.de
DE,Kinderzentrum Pusteblume Schwülper e.V.,4,https://www.pusteblume-schwuelper.de/
DE,Gemeinde Wendeburg,4,https://www.wendeburg.de/p/d1.asp?artikel_id=1053
DE,Gemeinde Vechelde,4,
DE,Stadt Gifhorn,4,https://www.stadt-gifhorn.de/sv_gifhorn/Familienfreundlich/Kindertagesst%C3%A4tten/Kita%20B%C3%BCchenkamp/
DE,Till Eulenspiegel e.V.,4,https://tilleulenspiegelbs-ev.de/standort/kindergarten-krippe-hopfengarten/
FR,Ville de Perpignan,4,
DE,Kinderland gGmbH,4,http://www.lernenfoerdern/horstmar
PT,"Agrupamento de Escolas de Canas de Senhorim, Nelas",4,
PT,Agrupamento de Escolas de Nelas,4,
PT,"Agrupamento de Escolas Infante D. Henrique, Repeses, Viseu",4,
NO,Hjelmeland kommune,4,https://hjelmeland.kommune.no/tenester/barnehage-og-skule/barnehage/barnehagar/ardal-barnehage/
NO,Strand kommune,4,
HU,Balassagyarmat Város Önkormányzata,4,
HR,Dječji vrtić Zapruđe,4,https://vrtic-zaprudje.zagreb.hr/
HR,Dječji vrtić Vedri dani,4,https://vrtic-vedridani.zagreb.hr/
HR,Dječji vrtić Matije Gupca,4,https://vrtic-matijegupca.zagreb.hr/
HR,Dječji vrtić Trnsko,4,https://vrtic-trnsko.zagreb.hr/
HR,Dječji vrtić Vjeverica,4,https://vrtic-vjeverica.zagreb.hr/default.aspx?id=68
HR,Dječji vrtić Slavuj,4,https://www.dvslavuj.hr/objekti/kerestinec/
HR,Dječji vrtić Gajnice,4,https://vrtic-gajnice.zagreb.hr/
FR,Communauté de Communes du Clermontais,4,https://www.cc-clermontais.fr/un-territoire-de-service/petite-enfance/les-services-daccueil/
NL,Dak Kindercentra,4,https://www.dakkindercentra.nl/contact/vestigingen/kim-dak-draaistraat-14.html
NL,2Samen,4,
NL,Floreer,4,https://www.obsoptimist.nl
NL,Stichting Christelijk Onderwijs Haaglanden,4,https://www.basisschooldemeerpaal.nl/
NL,Quadrant Kindercentra,4,https://www.quadrantkindercentra.nl/locaties/kindercentrum-de-petteflet
NL,TintelTuin,4,https://www.tinteltuin.nl/locaties/de-albatros-kdv
NL,Stichting Kinderopvang Liemeer,4,https://www.kinderopvangliemeer.nl/24-Locatie-Klein-Dumpje
NL,SCOH,4,https://www.bavinckschooldenhaag.nl
NL,Stichting Katholiek Basisonderwijs Haarlem-Schoten,4,https://www.liduinaschool-timor.nl/
NL,Resonans,4,https://www.duinpieper.nl
NL,CNS Gouda,4,https://www.livingstoneschoolgouda.nl
NL,Scholen van Oranje,4,https://www.oranjenassauschool.nl/
NL,OPO Albrandswaard,4,https://www.obsportland.nl
NL,SCPO Albrandswaard,4,https://cbshetlichtpunt.nl
NL,KindeRdam,4,https://kinderdam.nl/locaties/kinderdagverblijf-zonnetje
BE,vzw Emanuela – vzw Emma,4,https://emanuela.be/t-egeltje/
DK,Viborg Kommune,4,https://trekloeveren-viborg.aula.dk/om-regnbuen
PT,"Agrupamento de Escolas Marquês de Marialva, Cantanhede",4,
PT,"Agrupamento de Escolas de Paços de Brandão, Santa Maria da Feira",4,
PT,Agrupamento de Escolas de Condeixa-a-Nova,4,
PT,Agrupamento de Escolas de Albergaria-a-Velha,4,
PT,Agrupamento de Escolas de Sever do Vouga,4,
PT,"Agrupamento de Escolas de Branca, Albergaria-a-Velha",4,
PT,"Agrupamento de Escolas Martinho Árias, Soure",4,
PT,"Agrupamento de Escolas de Fajões, Oliveira de Azeméis",4,http://www.eb1-n1-fajoes.edu.pt/
PT,Agrupamento de Escolas da Lousã,4,
PT,Agrupamento de Escolas de Miranda do Corvo,4,
NL,Ultiem,4,https://www.obs-deontdekking.nl
FR,Ville de Lyon,4,https://www.lyon.fr/lieu/etablissements-multi-accueil/weill
DE,AWO Vogtland Bereich Reichenbach e.V.,4,https://www.awovogtland.de/kitas/reichenbach/kita-stadtpark
DK,Gladsaxe Kommune,4,https://glx-nybrogaard.aula.dk/
PL,Gmina Biszcza,4,http://www.szsbiszcza.wordpress.com
PL,Stowarzyszenie Naszym Dzieciom,4,https://sphucisko.pl/
PL,Miasto Kraśnik,4,https://www.przedszkolenr3.eu/
IT,Kindergartensprengel Mühlbach,4,https://www.kindergarten.bz.it/muehlbach/category/kindergarten-stilfes/
IT,Kindergartensprengel Bozen,4,https://www.kindergarten.bz.it/bozen/bozen-montessoriplatz/
NO,Gol kommune,4,https://gol.kommune.no
NO,Nesbyen kommune,4,https://nesbyen.kommune.no
NO,Nore og Uvdal kommune,4,
GB,City of Edinburgh Council,4,
HU,Dječji vrtić Vrapčić,4,https://vrapcic-djecji-vrtic.hr
GB,Acer Trust,4,https://www.botleyschool.org.uk/
GB,Brunel Academies Trust,4,https://www.exeterhouse.uk/
GB,The Park Academies Trust,4,https://www.bridlewoodprimaryschool.org.uk/
FR,Mutuelle,4,
DE,Kinderladen Ali Baba und seine Räuber e.V.,4,http://www.kinderladen-ali-baba.de
DE,Frecher Spatz e.V.,4,https://frecherspatz.de/index.php/kinderlaeden/kila-frecher-spatz
DE,EJF gemeinnützige AG,4,https://www.ejf.de/einrichtungen/kinder-und-jugendhilfe/kinderclub-einsteinkids
DE,pad gGmbH,4,https://www.pad-berlin.de/kindertagesbetreuung/kita-kastanienknirpse.html
DE,Kleiner Fratz GmbH,4,http://www.kleiner-fratz-berlin.de
DE,Netzwerk Spiel/Kultur Prenzlauer Berg e.V.,4,https://netzwerkhort.an-der-marie.de
DE,GFAJ e.V.,4,https://www.gfajev.de/kitas/kleine-gluckspilze/
DE,FREUDE Kindergärten gGmbH,4,https://www.freude-kita.berlin
DE,LSB SportService Brandenburg gGmbH,4,https://www.lsb-sportservice.de/kitas-und-horte/unser-hort-schulplatz-1/
DE,Hoffbauer gGmbH,4,https://www.hoffbauer-stiftung.de/bildung/kitas/potsdam/betriebs-kita-bergmaennchen/
DE,Sozialdiakonische Arbeit Lichtenberg-Oberspree GmbH,4,https://www.sozdia.de/Kita-Mueggelbande.2059.0.html
DE,Evangelischer Kirchenkreisverband für Kindertageseinrichtungen Berlin Mitte-West,4,http://www.kitaverband-mw.de/page/25/kita-regenbogenland
ES,Ajuntament d'Elx,4,
IT,Istituto Comprensivo S. Demetrio - Rocca di Mezzo,4,https://unica.istruzione.gov.it/cercalatuascuola/istituti/AQAA827017/fontecchio/
NL,Varietas,4,https://www.derankdeventer.nl
NO,Løten kommune,4,
NO,Sør-Odal kommune,4,
NO,Nes kommune,4,
CH,TAS Schmitten,4,https://www.tas-schmitten.ch/
CH,tbd,4,https://www.chinderhus-hondrich.ch
IT,Comune di Lecce,4,
DE,Stadt Sindelfingen,4,
DE,Stadt Lichtenau,4,https://www.lichtenau-baden.de/index.php?id=354
DE,Röm. Kath. Kirchengemeinde Nördlicher Kaiserstuhl,4,https://senoka.de/soziales/kindergaerten/kiga-maria-quell-endingen/
DE,Kindertageseinrichtungen Junikäfer,4,https://www.junikaefer.info/index.php?page=kita-vielfalt
IT,Istituto Comprensivo Statale del Vergante,4,http://www.istitutocomprensivovergante.gov.it/infanzia-pisano.html
IT,Comune di Varese,4,
IT,"Istituto comprensivo di Mornago ""Giovanni Pascoli""",4,
IT,"Istituto comprensivo ""Giuseppe Ungaretti""",4,
DE,Markt Obergünzburg,4,https://www.kiga-kleine-strolche.de/
DE,"Kath. Kindertageseinrichtungen Hochstift gem. GmbH, Paderborn",4,https://www.kita-st-michael-kirchborchen.de/
DE,Elterninitiative Tübingen e.V.,4,https://www.kita-tuebingen.de/unsere-kitas/kita-am-muehlbach
DE,Landeshauptstadt Stuttgart Jugendamt,4,https://www.stuttgart.de/item/show/305802/1/dept/120857
DE,Stadt Ludwigsburg,4,https://www.bw-kita.de/lb/ludwigsburg-reichertshalde/
DE,Evangelischer Diakonieverband Ulm/Alb-Donau,4,
DE,Stadt Stuttgart Jugendamt,4,https://www.stuttgart.de/item/show/305802/1/dept/120706
DE,Stadt Uhingen,4,https://www.uhingen.de/adresse/Kindergarten-Schwabenstrasse-address813
DE,Gemeinde Schlierbach,4,https://www.schlierbach.de/leben-wohnen/kinderbetreuung/gebrueder-weiler-kindergarten
DE,Kinderzentrum Weißer Stein,4,https://www.kize-weisser-stein.de/de/kitas/weisser-steinmarburg.html
DE,Katholische Pfarrei St. Katharina von Siena,4,https://www.sankt-katharina-frankfurt.de/einrichtungen/kindertageseinrichtungen/st-laurentius/
DE,Katholische Pfarrei St. Margareta,4,
DE,BVZ GmbH,4,https://www.bvz-frankfurt.info/Kinder-Einrichtungen/Kita-Muhleninsel/
DE,Katholische Pfarrgemeinde St. Bonifatius,4,
DE,Evangelischer Regionalverband Frankfurt und Offenbach,4,https://www.diakonie-frankfurt-offenbach.de/kindertagesstaette-mittendrin-oberrad/
DE,Kindergesellschaft Bockenheim gGmbH,4,https://kindergesellschaft.de/maedchenhort/angebot/
DE,Stadt Haiger,4,https://www.haiger.de/familie-bildung/kindertageseinrichtungen/steinbach/
DE,Stadt Bad Vilbel,4,https://www.kita-buero.de/de/staedtische-kitas/kita-rasselbande/unsere-kita/
DE,Ev. Kindertageseinrichtungen im Kirchenkreis Siegen-Wittgenstein,4,https://www.evangelischekita.de/wirbelwind/
DE,Stadt Maintal,4,
DE,Evangelisches Dekanat Gießen,4,https://andreaskita.jimdo.com/
DE,Stadt Raunheim,4,https://www.raunheim.de/seite/de/stadtverwaltung/6423/-/Kindertagesstaette_Schwalbennest.html
NO,Rauma kommune,4,
SE,Stockholm stad,4,
SE,Pysslingen,4,
SE,Haninge kommun,4,https://segelkobbensforskola.haninge.se/
CH,Gemeinde Zuchwil,4,
CH,Zweckverband Schulkreis BeLoSe,4,
PT,Agrupamento de Escolas de Bemposta,4,
BG,Община Сливница,3,https://dgslivnitsa.com
ES,Ayuntamiento de Pamplona - Iruñeko Udala,3,https://www.pamplona.es/escuelasinfantiles/verpagina.aspx?idpag=165
FR,Ville de Nice,3,https://www.nice.fr/lieux/creche-la-source/
GB,SENtient Trust,3,https://www.ellentinkham.devon.sch.uk/
GB,Chulmleigh Academy Trust,3,https://www.chulmleigh-primary.devon.sch.uk/
GB,Wave Multi Academy Trust,3,https://www.wavemat.org/
GB,Riviera Education Trust,3,https://www.roselandsprimary.org.uk/
SE,Gagnefs kommun,3,https://www.gagnef.se/barn-och-utbildning/forskola/forskolor/gagnef/
AT,Pfarrcaritas,3,
FI,Ähtärin kaupunki,3,https://peda.net/ahtari/varhaiskasvatus2/ollinkulma/ollinkulma
PL,Miasto Katowice,3,http://zsp8katowice.szkolnastrona.pl/mp/
PL,Publiczne Przedszkole w Walcach,3,https://ppwalce.walce.pl/
DE,DRK-Kreisverband Lüchow-Dannenberg e.V.,3,
DE,Gemeinde,3,http://www.pfarrweisach-kindergarten.de/
TR,İBB,3,
NO,Nordkapp kommune,3,
SI,"Zasebni vrtec VILINSKI GAJ, zasebni vzgojno-izobraževalni zavod",3,https://www.vilinskigaj.si/
AT,Volkshilfe,3,
IT,Istituto Comprensivo Avegno Camogli Recco Uscio,3,
TR,İstanbul Büyükşehir Belediyesi,3,https://yuvamiz.ibb.istanbul/
NL,MIK & Spelenderwijs,3,https://www.mik-spelenderwijs.nl/locaties/kdv-sterre
BE,Katholiek Basisonderwijs van Sint-Truiden,3,www.basisschoolklimop.be
BE,Vrij Basisonderwijs Gemeente Zutendaal,3,https://www.deparelzutendaal.be/
BE,GO! scholengroep Huis 11,3,https://www.wonderzoeker.be
BE,Katholiek Basisonderwijs Borgloon,3,https://vbsborgloon.be/
BE,Ville de Seraing,3,https://my.one.be/milieu-accueil/3154
BE,Gemeentebestuur van Riemst,3,
BE,Gemeentebestuur van Maasmechelen,3,https://www.gbsmaasmechelen.be/
NL,SKO De Streek,3,https://www.willibrordusbk.nl/
NL,Openbaar Onderwijs Present,3,https://obstvierspan.nl/location/obs-t-vierspan-locatie-de-klim-op/
NL,Kappio,3,https://www.kappio.nl/pg-29492-7-98966/pagina/locatie_bovenkarspel_ps_nijntje_pluis.html
NL,Blos,3,https://www.blos.nl/de-bilt/prof-dr-tmc-asserweg-2/kinderdagverblijf
NL,SOZKO,3,https://cleophasschool.nl
NL,RivaKids,3,https://www.rivakids.nl/bso-bloemakker/
NL,Eduvier,3,https://www.eduvier.nl/nautilusso/
NL,Ambion,3,https://www.it-oerset.nl
NL,Vrije School Utrecht,3,https://vrijeschoolutrecht.nl/leidsche-rijn/
NL,CPOV,3,https://schakelveenendaal.nl
NL,VPCO Putten,3,https://pcbdepelikaan.nl
FR,grandir.com,3,
FR,Léo Lagrange,3,
FR,Les petits chaperons rouges,3,https://www.lpcr.fr/creches/antony/303/
FR,Crèches du Sud,3,https://www.crechesdusud.fr
NO,Snåsa kommune,3,
PL,Magdalena Gajewska,3,https://zlobekgizycko.pl/
SE,Kungälvs kommun,3,
DE,Lebenshilfe Oder-Spree e.V.,3,https://www.lebenshilfe-oder-spree.de/seite/365837/unsere-kita.html
DE,Kerstin & Harald Krause,3,https://kita-schmusebacke.de/
DE,Stephanus gGmbH,3,https://www.stephanus.org/stiftung/tochtergesellschaften/stephanus-ggmbh/bildung/stephanus-kindertagesstaette-fuchsbau/startseite/
SE,Lerums kommun,3,https://lerum.se/utbildning-och-barnomsorg/forskolor-och-pedagogisk-omsorg/forskolor/lerums-kommunala-forskolor/rydsbergs-forskola
SE,Vänersborgs kommun,3,
SE,Vara kommun,3,
NO,Hasvik kommune,3,
HR,Dječji vrtić Ciciban,3,https://dv-ciciban-vg.hr
HR,Samostan službenica milosrđa,3,https://www.dv-dobri.hr
HR,Dječji vrtić Dječja igra,3,https://djecja-igra.hr
HR,Dječji vrtić Bukovac,3,https://vrtic-bukovac.zagreb.hr
HR,Dječji vrtić Ivane Brlić Mažuranić,3,https://vrtic-ivanebrlicmazuranic.zagreb.hr
HR,Dječji vrtić Pčelica,3,https://vrtic-pcelica.zagreb.hr
HR,Dječji Vrtić Travno,3,https://vrtic-travno.zagreb.hr/
DE,Die Wurzelzwerge e.V.,3,https://www.waldkindergarten-hemhofen.de/
DE,Evang.-Luth. Kirchengemeinde Aurachtal,3,http://www.evangelisch-aurachtal.de/kindertagesst%C3%A4tte-arche-noah
PT,"Agrupamento de Escolas Afonso de Paiva, Castelo Branco",3,
DE,Arbeiterwohlfahrt Schleswig-Holstein,3,https://awo-sh.de/facilities/kitas/kita-nordlicht-25451-quikborn/
DE,Deutsches Rotes Kreuz Kreisverband Hamburg-Harburg e.V.,3,https://drk-harburg.hamburg/angebote/inklusivewege/iff-fruehfoerderung.html
DE,Studierendenwerk Hamburg (AÖR),3,http://www.studierendenwerk-hamburg.de/studierendenwerk/de/familienservice/lage_kitas/detail/?id=68
DE,DRK Kreisverband Hamburg-Harburg e.V.,3,http://schlossinsel.kita-hamburg-harburg.de/
DE,Stadt Brunsbüttel,3,
DE,elbkinder,3,https://www.elbkinder-kitas.de/
DE,Pestalozzi-Stiftung Hamburg,3,https://www.pestalozzi-kita.de/kita-hamburg-eppendorf/
DE,FRÖBEL,3,https://fischbeker-hoefe-hamburg.froebel.info
DE,Enfantine GmbH,3,https://www.enfantine.de/
DE,Kirchengemeinde Marne,3,
DE,Evangelische Kindertagesstätte,3,
DE,Ev.-Luth. Kita-Werk Hamburg-West/Südholstein,3,https://stettiner-str.eva-kita.de/
DE,Evangelisch-Lutherisches Kindertagesstättenwerk Dithmarschen,3,https://www.kirche-brunsbuettel.org/unsere-gemeinde/die-kinderg%C3%A4rten/ev-kindertagesst%C3%A4tte-jakobus/
DE,Ev.-luth. Kindertagesstättenverband,3,https://www.kita-steinkirchen.de/
DE,AWO Landesverband Schleswig-Holstein e.V.,3,https://www.awo-sh.de/kita-harkshoern
DE,AWO Soziale Dienste Bezirk Hannover gGmbH - JUKI,3,https://www.awo-juki.de/index.php?id=899
GB,Shropshire Hills Federation,3,https://www.shf.shropshire.sch.uk
GB,Inspirational Learning Academies Trust,3,https://www.newstead.stoke.sch.uk/
GB,Dudley Academies Trust,3,https://www.kateshillprimary.org.uk/
GB,Ignite Learning Partnership,3,https://www.standrewsceprimary.co.uk/
GB,Mid-Trent Multi Academy Trust,3,https://www.st-andrews-weston.staffs.sch.uk/
GB,The Key Educational Trust,3,https://www.st-peters-caverswall.staffs.sch.uk/
GB,Three Counties Academy Trust,3,https://www.st-peters.hereford.sch.uk/
GB,Four Stones Gateway Trust,3,https://chcacademy.co.uk/home
GB,Fern Academy Trust,3,https://www.wellingtonprimaryschool.com/
SE,Västerås kommun,3,http://www1.vasteras.se/bjurhovdasmycketsforskola/index.shtml
GB,Discovery Multi Academy Trust,3,https://www.westonmill.plymouth.sch.uk
GB,South East Cornwall Multi Academy Regional Trust,3,https://trewidlandprimaryandpreschool.co.uk/
NO,Eidskog kommune,3,
NO,Rindal kommune,3,https://rindal.kommune.no
DE,Villa Luna Kindertagesstätten GmbH,3,https://villaluna.de/aachen/kindergarten-aachen/
DE,Kita Router GmbH,3,https://www.kita-router.de/unsere-standorte/burgmaeuse-zuelpich/
DE,Stadt Brühl,3,
DE,Stadt Geilenkirchen,3,
DE,Dibber,3,https://dibber.de/standort/hauptstrasse/
DE,Rappelkiste e.V.,3,https://www.rappelkiste-hallbergmoos.de/
DE,"Stadt Köln - Amt für Kinder, Jugend und Familie",3,https://portal-koeln.little-bird.de/Koeln/Staedtische-Kindertageseinrichtung-Benfleetstrasse-7
DE,AWO Kreisverband Heinsberg e.V.,3,https://www.awo-hs.de/
DE,Stadt Bornheim,3,https://bornheim.kita-navigator.org/detail/stadt-kindertageseinrichtung-blumenwiese
DE,Katholischer Kirchengemeindeverband Titz,3,https://www.kgv-titz.de/St-Kornelius/
DE,Gemeinschaft der Gemeinden St. Marien Baesweiler,3,https://katholische-kitas-baesweiler.de/familienzentrum-st-petrus-baesweiler-mitte/
DE,Stadt Bedburg,3,https://bedburg.kita-navigator.org/detail/kita-karlstra%C3%9Fe
DE,Diakonie Michaelshoven,3,https://www.diakonie-michaelshoven.de/angebote/kinder-jugendliche-und-familien/kindertagesstaetten/kita-weltkulturkinder
IT,"Istituto Comprensivo ""L. Strenta Tongiorgi""",3,
NO,Hareid kommune,3,https://hareid.kommune.no/tenester/oppvekst-skule-og-barnehage/barnehagar/informasjon-om-barneha
IT,"Istituto comprensivo Lipari ""Santa Lucia""",3,
PL,Stadt Görlitz,3,https://portal.little-bird.de/Goerlitz/Freinet-Kinderhaus+G%C3%B6rlitz
HU,Budapest Főváros XIX. Kerület Kispest Önkormányzata,3,https://arany.kispest.hu/index.php?page=sajatmenu&menu=186
HU,Óbudai Hétpettyes Óvoda,3,https://hetpettyes.obudaiovodak.hu/
HU,Hit Gyülekezete,3,https://mandulafaovoda.hu/
NO,Øygarden KFUK-KFUM,3,https://kfuk-kfum.no/kfuk-kfum-oygarden
NO,Stiftelsen Kirkens Bymisjon,3,
NO,Masfjorden kommune,3,
IT,Ministero dell'Istruzione,3,https://www.comune.milano.it/aree-tematiche/scuola/scuoleinfanzia/scuola-infanzia-de-nicola-18
GB,Downland Village Schools Federation,3,https://dvsf.school/
GB,Durrington Multi Academy Trust,3,https://oaktreeprimary.co.uk/
GB,The Bluebell Federation,3,https://www.chaileystpeters.org.uk
FI,Nokian kaupunki,3,https://www.nokiankaupunki.fi/kasvatus-ja-opetus/varhaiskasvatus-ja-esiopetus/kunnalliset-paivakodit/haukkalan-paivakoti/
FR,Communauté de Communes Avallon-Vézelay-Morvan,3,https://cc-avm.com/enfants/creches/
HU,Ercsi Város Önkormányzata,3,https://napfenyovi.ercsi.hu/
FR,Ville de Rouen,3,
PL,Małopolskie Centrum Edukacji Lokomotywa Sp. z o.o.,3,https://www.lokomotywa.net.pl/lokomotywa/
GB,Jewish Community Academy Trust,3,https://www.hjps.herts.sch.uk/
GB,The Rosedale Hewens Academy Trust,3,https://www.rosedaleprimary.co.uk/
GB,Blessed Holy Family Catholic Academy Trust,3,https://www.stgeorgesprimary.org
GB,Primary Advantage Federation,3,https://st-john.hackney.sch.uk/
GB,The Mossbourne Federation,3,https://www.mpa.mossbourne.org/
GB,North Star Community Trust Ltd,3,https://www.woodpeckerhallacademy.org.uk/
GB,Ambition Education Trust,3,https://www.beechhyde.aetrust.uk/
GB,Wren Academies Trust,3,https://www.wrenacademyfinchley.org/
GB,Ascension Catholic Academy Trust,3,https://www.st-ignatius.surrey.sch.uk
GB,The Dunraven Educational Trust,3,https://www.goldfinchprimary.org.uk/
GB,LifeFull Schools Federation,3,https://www.stfed.rbkc.sch.uk
GB,City of London Academies Trust,3,https://redriff.cola.org.uk/
GB,Ascendancy Partnership Trust,3,https://www.manorgreenschool.co.uk/
GB,The Arbib Education Trust,3,https://www.langleyheritageprimary.org/
GB,Vanguard Learning Trust,3,https://www.oakfarmprimary.org.uk/
GB,Orchard Hill College Academy Trust,3,https://dysartschool.org/
GB,Chancery Education Trust,3,https://johnwoodschool.com/
GB,Thomas's London Day Schools,3,https://www.thomas-s.co.uk/thomass-clapham/
GB,Impact Multi Academy Trust,3,https://www.langleyparkprimary.org.uk/
GB,Mulberry Schools Trust,3,https://www.mulberrycanonbarnett.org/
GB,Marlow Education Trust,3,https://www.burfordschool.co.uk/
GB,The Corvus Learning Trust,3,https://www.hatchride.wokingham.sch.uk/
GB,GDST,3,https://www.wimbledonhigh.gdst.net/
GB,The Thames Learning Trust,3,https://www.battleprimary.co.uk/
GB,Fairchildes Academy Community Trust,3,https://www.factrust.org/monksorchard
GB,Bedfordshire Schools Trust Limited,3,https://www.stchristophersacademy.org/
GB,Kindred Nurseries,3,https://kindrednurseries.co.uk
IT,"Istituto Comprensivo ""Olindo Pazzi"" Brisighella",3,
DE,Evang.-Luth. Kirchengemeinde St. Markus,3,https://www.loehe-kinderhaus.de/
DE,Evang.-Luth. Kirchengemeinde Kalchreuth,3,https://www.kalchreuth-evangelisch.de/hort-kalchreuth
DE,Diakonie Neuendettelsau,3,https://www.diakoneo.de/kinder/
DE,AWO Kreisverband Nürnberg,3,https://online-service.nuernberg.de/elternportal/de/einrichtungen/liste/ergebnisse/2231/details?traeger=AWO%20Kreisverband%20N%C3%BCrnberg%20e.V.&p=2
DE,Stadt Hersbruck,3,https://hersbruck.de/leben-in-hersbruck/bildung/kindertageseinrichtungen/staedtische-kindertagesstaette-altensittenbach/
DE,Walburgisheim Feucht,3,https://www.walburgisheim-feucht.de/kindertagesstaette/kinderkrippe
DE,Stadt Schwabach,3,
DE,Bistum Eichstätt,3,http://www.kiga-rieshofen.walting.com/
DE,BRK Kreisverband Amberg-Sulzbach,3,http://www.kita-sorghof.de
DE,Stadt Bayreuth,3,https://www.kita-bayern.de/bt/zwergenhuegel/f01.htm
DE,Diakonisches Werk – Stadtmission Bayreuth,3,
DE,Der Paritätische,3,https://www.parikita.de/de/kindertagesstaetten/nuernberg/kolibri/
NL,Kinderopvang Walcheren,3,https://www.kinderopvangwalcheren.nl/locatie/bommes/
NL,Kibeo,3,https://www.kibeo.nl/vestigingen/kibeo-kloosterstraat-achthuizen/
BE,Organisatie Broeders van Liefde,3,https://emmausbasisschool.op-weg.be/
NO,Flesberg kommune,3,
NO,Drangedal kommune,3,
NO,Midt-Telemark kommune,3,
SK,Mesto Dubnica nad Váhom,3,https://zscidca.edupage.org/text/?text=text/text4&subpage=1
PL,Agnieszka Paradowska,3,http://www.naszepociechy.szkolnastrona.pl/
SK,Mesto Žilina,3,https://msborodaca7.edupage.org/
CZ,Obec Mosty u Jablunkova,3,https://www.zsmostyujablunkova.cz/
SE,Skellefteå kommun,3,https://skelleftea.se/invanare/startsida/forskola-skola-och-utbildning/forskola/forskolor-och-pedagogisk-omsorg/forskolor-a-o/falktraskets-forskola
NO,Os kommune,3,
PL,Edukacja Progresja Spółka Z Ograniczoną Odpowiedzialnością,3,https://przedszkolaprogresja.pl/
PL,Monika Woźniak,3,https://www.ptif.pl/warszawa
PL,Sotis Spółka z ograniczoną odpowiedzialnością,3,http://www.sotis.pl
PL,Przedszkola Pomarańczowa Ciuchcia Spółka Z Ograniczoną Odpowiedzialnością,3,https://www.pomaranczowa-ciuchcia.pl/
PL,Gmina Wiskitki,3,https://zlobek-wiskitki.pl/
PL,Gmina Michałowice,3,https://przedszkole.michalowice.pl/
NO,Skjervøy kommune,3,
FR,Ville de Lunel,3,https://www.lunel.com/fr/page/les-structures-municipales
FI,Kauhavan kaupunki,3,https://kauhava.fi/kasvatus-ja-opetus/varhaiskasvatus-ja-esiopetus/paivakodit/hakolan-paivakoti/
BG,Община Кюстендил,3,
AT,MA 10,3,https://www.wien.gv.at/bildung/kindergarten/staedtisches-angebot/standorte/bezirk21.html
AT,Stadt Wien MA 10,3,
AT,Stadt Wien MA10,3,
AT,Kinderfreunde Wien,3,https://www.kinderfreunde.at/Bundeslaender/Wien/11/Simmering/Kindergaerten-Horte/Rinnboeckstrasse-55
AT,Nikolausstiftung,3,https://nikolausstiftung.at/kindergarten-canisius/
GB,The Consortium Academy Trust,3,https://www.croxbyprimary.co.uk/
GB,The Wolds Federation,3,https://www.middletononthewoldsprimary.co.uk/
GB,Isle Education Trust,3,https://www.alkboroughprimaryacademy.co.uk
GB,North East Lincolnshire Council,3,https://www.grangeprimaryschool.co.uk/
GB,XP School Trust Limited,3,https://greentopschool.co.uk/
FR,public,3,
PL,Urząd Miasta Będzin,3,http://przedszkole10bedzin.edupage.org
PL,Zespół Szkolno-Przedszkolny w Łączniku,3,https://zsplacznik.pl/strona_6.html
PL,Zespół Szkolno-Przedszkolny w Przewornie,3,https://spwprzewornie.szkolnastrona.pl/
PL,Zespół Szkół i Placówek Oświatowych Gminy Pakosławice,3,
GB,The Upper Wharfedale Primary Federation,3,http://www.cracoeprimaryschool.co.uk/
DE,Diakonia e.V.,3,
DE,AWO-Soziale Dienste gGmbH Gotha,3,https://www.awo-gotha.de/leistungen/fuer-kinder/kindergarten-purzelbaum-friedrichroda
DE,Gemeinde Wutha-Farnroda,3,http://www.bertold-anzius-stiftung.de/kindergarten
DE,Trägerwerk Soziale Dienste in Thüringen GmbH,3,https://traegerwerk-thueringen.de/unsere-angebote/kinder-jugendliche-und-familie/kindertagesstaetten/kita-heichelheimer-kartoffelknirpse
DE,Katholische Kirchengemeinde St. Nikolaus,3,https://st-bonifatius-erfurt.de/index.php/kindergarten-st-bonifatius
SI,Vrtec Pedenjped,3,https://vrtec-pedenjped.si/pedenjhisice/slikslak#
SI,Viški vrtci,3,https://viskivrtci.si/
SI,Vrtec Otona Župančiča Ljubljana,3,https://vrtecoz-lj.si/enote/zivzav-2/
SI,Vrtec Jarše,3,https://www.vrtec-jarse.si/enote/enota-mojca/
PL,Gmina Mircze,3,http://pspmircze.superszkolna.pl
PT,"Agrupamento de Escolas Visconde de Chanceleiros, Alenquer",3,
PT,"Agrupamento de Escolas da Benedita, Alcobaça",3,
PT,Santa Casa da Misericórdia de Alenquer,3,
GB,The Penwith Education Trust (PET),3,https://www.st-levan-primary-school.org.uk/
IT,Istituto comprensivo secondo Milazzo,3,
IT,Istituto comprensivo San Filippo del Mela,3,http://www.icsanfilippodelmela.gov.it
IT,Istituto comprensivo Pace del Mela,3,
DE,Stadt Cloppenburg,3,https://www.cloppenburg.de/info/poi/waldkindergarten-900000010-31040.html
DE,Studentenwerk Osnabrück,3,
DE,Ev.-luth. Kirchenkreis Osnabrück,3,https://www.ev-kitas-os.de/unsere-kitas/paulus-tannenburgstrasse.html
DE,Katholische Kindertageseinrichtungen Minden-Ravensberg-Lippe gem. GmbH,3,https://www.kita-st-joseph-bielefeld.de/
DE,Awo,3,https://www.puetz-roth.de/unser-friedhof/orte-in-den-gaerten-der-bestattung/waldkindergarten/
DE,Evangelischer Kirchenkreis Bielefeld (Kirchengemeinde Heepen),3,
DE,Samtgemeinde Uchte,3,
DE,Stiftung Eben-Ezer,3,https://kitas.eben-ezer.de/sonnenschein
DE,Stadt Sassenberg,3,https://www.sassenberg.de/de/stadt-erleben/bildung-und-erziehung/kinderbetreuung.php#anchor_52d60a58_Accordion-Staedt--Kindertagesstaette--Sonnenschein---Ortsteil-Fuechtorf
GB,Braunton Learning Co-operative,3,https://caen.devon.sch.uk/
SE,Laholms kommun,3,
GB,Iris Learning Trust,3,https://www.teesvilleacademy.org.uk/
GB,The Ascent Academies' Trust,3,https://www.mowbrayschool.co.uk/
GB,Redcar and Cleveland Borough Council,3,https://www.newcomenprimary.co.uk/
GB,Aim High Academy Trust,3,https://www.gillaslaneprimaryschool.co.uk/
NO,Fjaler kommune,3,
NO,Trollskogen barnehage SA,3,https://trollskogenmaaloy.barnehage.no
DE,Otto-von-Guericke Universität,3,
DE,Stiftung Evangelische Jugendhilfe,3,https://stejh.de/einrichtung/hort-stadtfeldkids/
DE,Verbandsgemeinde Beetzendorf-Diesdorf,3,https://www.beetzendorf.net/einrichtungen-der-gemeinde-beetzendorf/kindertagesstaette-tangeln
DE,Lebenshilfe Ostfalen gemeinnützige GmbH,3,https://www.lebenshilfe-ostfalen.de/ite-flax-kruemel/
DE,Gemeinnützige Paritätische Netzwerke – PIN GmbH,3,https://www.pin-netzwerk.de/kitas-horte/i-kita-neustaedter-see-magdeburg/
DE,Hansestadt Osterburg (Altmark),3,https://www.osterburg.de/schulen-kitas/unsere-kitas-stellen-sich-vor/kita-jenny-marx-osterburg/
DE,DRK Regionalverband Magdeburg-Jerichower Land e. V.,3,https://www.drk-mdjl.de/kinderbetreuung/kita-bambi.html
DE,Landeshauptstadt Magdeburg,3,https://www.magdeburg.de/index.php?ModID=9&FID=37.5432.1&object=tx%2C698.8841
DE,Eigenbetrieb Kommunale Kindertageseinrichtungen Magdeburg,3,https://www.magdeburg.de/index.php?ModID=9&object=tx%7C37.6876.1&FID=37.5431.1&NavID=37.572&La=1
DE,Seniorenhilfe GmbH Haldensleben,3,https://www.seniorenhilfe-ok.de/Kindertagesstaetten/Kita-Calvoerde
DE,Johanniter-Unfall-Hilfe e.V. Regionalverband Altmark,3,https://www.johanniter.de/johanniter-unfall-hilfe/einrichtung/kita-kleine-ritter-1543/
SK,Materská škola Ul. Komenského,3,https://mskomenskehosered.edupage.org/
SK,Materská škola D. Štúra,3,http://msdsturasered.sk/ms-pazitna/
SK,Mesto Stupava,3,http://www.msruzovastupava.sk/
DE,Stadt Regensburg - Amt für Tagesbetreuung von Kindern,3,https://www.regensburg.de/leben/gesellschaft/familien/kinderbetreuung/kinderhorte/14703/staedtischer-kinderhort-ostpreussenstrasse
FR,Léa & Léo,3,https://www.leaetleo.com/
PL,Piotr Langiewicz,3,https://www.autyzm-przedszkole.pl/
PL,Agata Wawer,3,https://puchpuch.pl/
BE,Commune d'Anderlecht - Gemeente Anderlecht,3,
BE,Wallonie Bruxelles Enseignement (WBE),3,https://ecoleschallerfondamental.weebly.com/
BE,GO! scholengroep ADITE,3,https://www.bsdewinge.be/
BE,Stedelijk Basisonderwijs Aalst,3,https://www.sbstmeivisje.be/
DK,Vejle kommune,3,https://solen.vejle.dk/
DK,Vejen Kommune,3,https://dagtilbud.inst.vejen.dk/omraade-1/institutioner-i-omraade-1/boerneborgen
FR,Croix-Rouge française,3,https://www.croix-rouge.fr/multi-accueil-maison-de-l-enfance-louise-delsart
DE,St. Johannesverein Haibach e. V.,3,
DE,Stadt Schwaigern,3,
DE,Katholische Seelsorgeeinheit Adelsheim-Osterburken-Seckach,3,https://www.kindergarten-seckach.de/
DE,Gemeinde Sulzbach an der Murr,3,
DE,Stadt Forchtenberg,3,https://www.forchtenberg.de/index.php?id=151
NO,Bindal kommune,3,
DE,Diakonisches Werk,3,
GB,Reach Cooperative Trust,3,https://www.stdenysprimary.co.uk/
GB,The Oaks CE Learning Federation,3,https://www.oakscelearningfederation.co.uk/copythorne/
PL,Dorota Dziechciarz,3,https://bajkoweprzedszkole.rzeszow.pl
DE,Elbkinder Vereinigung Kitas Nord gGmbH,3,https://www.kitas-nord.de/de/kita_finder/kita/103
DE,Kinderwelt Hamburg e. V.,3,https://kinderwelt-hamburg.de/kitas/erdkampsweg/
DE,Waldameisen gGmbH,3,https://waldameisen.de/standort-berne/waldkindergarten-berne/
DE,Lebenshilfewerk Stormarn gGmbH,3,
DE,WABE,3,https://www.wabe.de/standort/wabe-kita-am-reesenbuettel/
DE,Kinderwelt Hamburg gGmbH,3,https://kinderwelt-hamburg.de/standorte/spatzennest/
DE,drk,3,https://kitas.drk-lkharburg.de/unsere-kitas/samtgemeinde-hanstedt/kita-hanstedt-schulstrasse/
DE,Regenbogenkinder e.V.,3,https://www.regenbogenkinder.com/
DE,JUL gGmbH,3,https://www.jul-kita.de/hamburg-kita-hansekruemel
DE,Gemeinde Adendorf,3,https://www.adendorf.de/1/familie/kinder/kindertagesstaetten/
DE,Markt Diedorf,3,https://www.markt-diedorf.de/de/leben/kindergaerten-schulen/villa-kunterbunt/
DE,Schwabenhilfe für Kinder e.V.,3,http://schwabenhilfe.de/kinder/private-schulvorbereitende-einrichtung-augsburg-buergermeister-bohl-strasse/
DE,Stadt Leipheim,3,https://www.leipheim.de/index.php?id=432&publish[objectId]=123702
DE,Stadt Oberkochen,3,https://www.schuelerhort-oberkochen.de/
DE,eigenaktiv e.V.,3,https://eigenaktiv.de/regenstrahlen-augsburg-hochfeld/
DE,Gemeinde Westhausen,3,https://kiga-reichenbach.hpage.com/
DE,ASB-Regionalverband Augsburg e.V.,3,https://www.augsburg-asb.de/unsere-angebote1/kinderbetreuung-1/kinderhaus-hans-nagel-gasse
DE,Katholische Pfarrkirchenstiftung St. Vitus,3,https://bistum-augsburg.de/Pfarreien/St.-Vitus_Lauterbrunn/Kindertageseinrichtung/St.-Vitus_Lauterbrunn/
DE,Katholische Kirchenstiftung St. Martin,3,http://www.kita-stmartin-pfaffenhofen.de/
DE,Kath. Kirchenstiftung St. Martin,3,https://kinderhaus-aindling.de/
DE,Gemeinde Münster,3,https://www.gemeinde-muenster.de/muenster/index2.php?id=113
DE,ekita.net,3,https://st-paul-augsburg.e-kita.de
DE,Katholische Kirchenstiftung St. Peter und Paul,3,https://www.thierhaupten.de/de/markt-thierhaupten/kindergaerten/thierhaupten
DE,Gemeinde Bellenberg,3,
DE,Evang. Gemeindeverein Pfuhl e.V.,3,https://griesmayer-kiga.de/
GB,Gateway Learning Community,3,https://www.theglc-primaryfreeschool.org.uk/
GB,Northwick Park Trust,3,https://www.leighbeck-inf.essex.sch.uk/
GB,Discovery Educational Trust,3,https://www.larchwoodprimary.co.uk/
GB,Northfleet Schools Co-operative Trust,3,https://www.paintersashprimary.co.uk/
GB,Inspire Academy Movement Trust Limited,3,https://www.maypoleprimary.org.uk/
GB,Beyond Schools Trust,3,https://www.hilltopprimary.co.uk/
GB,Inspires MAT,3,https://www.templarsacademy.com/
GB,The Learning Partnership Trust,3,https://www.roseacres.co.uk/
GB,The Bluebell MAT,3,https://www.horstedschool.co.uk/
GB,Penrose Learning Trust,3,https://www.elmsteadprimary.com/
GB,Portico Academy Trust,3,https://www.friarsprimary.co.uk/
GB,Schools for Every Child,3,https://www.wyburns.org
GB,The Rosary Trust - A Catholic Multi Academy,3,https://www.stthomasmores.co.uk/
GB,Learning Pathways Academy,3,https://www.lyonshall.org.uk/
GB,The Passmores Co-operative Learning Community,3,https://www.purfordgreenschool.com/
GB,Endeavour Partnership Trust,3,https://www.hawksmoor.org.uk/
GB,Hope Learning Community,3,https://www.southview.essex.sch.uk/
HU,Debrecen Megyei Jogú Város Önkormányzata,3,https://www.simonyiutiovoda.hu
DE,servusKiDS gGmbH,3,https://www.stemmerhof.de/haus-fuer-kinder-servuskids.html
DE,Gemeinnützige Paritätische Kindertagesbetreuung GmbH Südbayern,3,https://www.parikita.de/de/kindertagesstaetten/muenchen/fantasia/
DE,Caritasverband der Erzdiözäse München und Freising e.V.,3,
DE,KiTa-Verbund München-Nord,3,https://www.kindergartenstjosef.de/start
DE,Diakonie Hasenbergl e.V.,3,https://www.diakonie-hasenbergl.de/kita-fels
DE,Wichtel Akademie München GmbH,3,https://www.wichtel-muenchen.com/de/standorte/wichtel-akademie-muenchen-sendling-westpark
DE,AWO Kreisverband Ebersberg e.V.,3,https://awo-kv-ebe.de/kitas/hek/
DE,Studierendenwerk München Oberbayern,3,https://www.studierendenwerk-muenchen-oberbayern.de/studieren-mit-kind/unsere-einrichtungen/uebersichtskarte-kinderkrippen-muenchen/herzerl-muenchen/
DE,Seepferdchen Kita GmbH,3,https://seepferdchen-kita.de/unsere-standorte-2/muenchen-dillwaechterstrasse/
DE,Gemeinde Eching,3,https://kiga-sternschnuppe.eching.de
DE,Die kleinen Ritter GmbH & Co. KG,3,https://die-kleinen-ritter.de/
DE,Diakonie Hasenbergl,3,https://www.diakonie-hasenbergl.de/kita-gras
DE,Markt Gaimersheim,3,https://gaimersheim.de/schulen-mittagsbetreuung/
DE,Arbeiterwohlfahrt Kreisverband München-Stadt e.V.,3,https://www.awo-muenchen.de/kinder/kinderbetreuung/kinderkrippen-0-3-jahre/awo-kinderkrippe/ueber-uns-9
DE,Kitarino,3,https://kitarino.net/standorte/kitarino-senftenauerstrasse-11
DE,Gemeinde Brunnen,3,
DE,Lebenshilfe für Menschen mit Behinderung e.V.,3,https://www.lebenshilfe-aicfdb.info/menue-links/einrichtungen-fuer-kinder-und-jugendliche/schule.html
DE,Lebenshilfe Starnberg,3,http://www.lebenshilfe-starnberg.de/kinder-und-jugendliche/lebenshilfe-kinderhaus-gauting.html
DE,Gemeinnützige Paritätische Kindertagesbetreuung GmbH,3,https://www.parikita.de/de/kindertagesstaetten/muenchen/farbenfroh/
DE,Diakonie Rosenheim,3,https://dwro.de/standorte/einrichtung/waldkindergarten-wurzelburg/
DE,Stadtteilarbeit e.V.,3,https://www.verein-stadtteilarbeit.de/kinderbetreuung/kinderkrippen/milbertshofener-kindervilla.html
DE,Referat für Bildung und Sport der Landeshauptstadt München,3,https://stadt.muenchen.de/service/info/karlmarxring-71/1052896/
DE,BRK Kreisverband Freising K.d.ö.R.,3,https://www.kvfreising.brk.de/mooshuepfer.html
DE,Gemeinde Dasing,3,https://www.dasing.de/leben-erleben/bildung-kinder-und-jugendliche/kindertagesstaetten/kindertagesstaette-wurzelkinder
DE,Gemeinde Karlshuld,3,https://www.kita-karlshuld.de/Kinderkrippe.n92.html
DE,BRK Kreisverband Ebersberg,3,https://www.kvebersberg.brk.de/angebote/kinder-jugend-und-familie/kindergaerten/brk-kindergarten-am-kraxelbaum-ebersberg.html
NO,Smøla kommune,3,
NO,Tingvoll kommune,3,
PL,Podlaska Akademia Kompetencji Sp.z.o.o.,3,https://centrum-happy.pl
PL,Lucky Star Ewa Bałtyk,3,https://wesoledinusie.pl/
IT,Istituto Comprensivo di Aviano,3,http//www.icaviano.gov.it/
NO,Spiren barnehage Søgne AS,3,https://spirenbhg.no
FR,Ville de Bayonne,3,
PL,Gmina Szczurowa,3,https://zspusciesolne.szkolna.net/
NO,Gaivuona Suohkan Kåfjord kommune Kaivuonon Komuuni,3,
DE,Kleine Stromer GmbH,3,https://www.kleine-stromer.de/verbund-kitas/kitas-im-verbund/kita-im-verbund-krippe-mooszwerge.html
DE,Haus St. Vinzenz von Paul GmbH,3,https://www.vinzenz-kleinostheim.de/de/kinder-jugend/mittags-und-ferienbetreuung.php
DE,Gemeinde Petersberg,3,
PL,Gmina Gostyń,3,https://www.pm7.gostyn.pl/
PL,Marek Dróźdź,3,http://www.wspolnyswiat.com.pl
PL,Agata Liberska-Stec,3,http://www.zaczarowana-kraina.pl
SE,Falkenbergs kommun,3,
DE,ill e.V.,3,https://illev.de/content/blogcategory/83/105/
DE,Gesellschaft für Gesundheit und Pädagogik,3,https://www.ggp-gruppe.de/kita-und-hort/einrichtungen/hortcampus
ES,"Consejería de Educación, Cultura y Deportes - Junta de Comunidades de Castilla La Mancha",3,
NO,Birkenes kommune,3,
NO,Tvedestrand kommune,3,https://tvedestrandbarnehagene.no
NO,Åmli kommune,3,
GB,Dundee City Council,3,https://www.dundeecity.gov.uk/service-area/children-and-families-service/education/jessie-porter-nursery-school
IT,Istituto Comprensivo di Via Pace,3,
IT,Istituto Comprensivo Leonardo da Vinci,3,
IT,Cooperativa ORSA,3,https://www.comune.milano.it/aree-tematiche/scuola/scuoleinfanzia/nido-d-infanzia-sforza-23
IT,Istituto Comprensivo Futura,3,
IT,Insieme per il Sociale,3,
IT,Istituto Comprensivo Bellusco Mezzago,3,
IT,Comune di Monza,3,
IT,Comune di Sesto San Giovanni,3,
GB,Kids Planet Nurseries,3,https://www.kidsplanetdaynurseries.co.uk/find-a-nursery/cheadle-royal/
GB,Create Learning Trust,3,https://www.hartfordprimaryschool.com/
GB,Base Academy Trust,3,https://www.red-lane.bolton.sch.uk/
GB,Everton Multi Academy Trust,3,https://www.oldfield.cheshire.sch.uk/
GB,Inspiring Learners Multi Academy Trust,3,https://www.kingswayprimary.co.uk/
GB,Prospere Learning Trust,3,https://www.camberwellpark.org.uk/
GB,The True Learning Partnership,3,https://www.lostockhallprimary.org.uk/
GB,Three Spires Trust,3,https://www.stgilesstgeorgesacademy.co.uk/
GB,Education Learning Trust,3,https://www.gatleyprimary.com/
GB,Apex Collaborative Trust,3,https://www.lordstreetprimary.com/
GB,The Talentum Learning Trust,3,https://rps.ttlt.org.uk
GB,Kingsway Community Trust,3,https://www.ladybarn.manchester.sch.uk/
GB,Ambition Community Trust,3,https://www.corrie.tameside.sch.uk/
GB,Southport Learning Trust,3,https://www.kewwoods.co.uk/
GB,Vision Multi Academy Trust,3,https://www.eastwardprimary.com/
GB,The Wings' CE Trust,3,https://www.saintmarks.wigan.sch.uk/
GB,Pope Francis Catholic Multi Academy Trust,3,https://www.olwcatholicprimary.org/
GB,Archbishop Temple Church of England Multi Academy Trust,3,https://www.st-james-farnworth.bolton.sch.uk/
DE,Katholische Kirche im Dekanat Karlsruhe,3,
DE,Katholische Kirchengemeinde Mannheim Nord,3,
DE,Pro-Liberis gGmbH,3,https://www.pro-liberis.org/standorte/kita-wiesenpieper/
DE,päd-aktiv e.V.,3,https://www.paed-aktiv.de/die-kita-forum.html
DE,Verbund Prot. Kindertageseinrichtungen im Prot. Kirchenbezirk Ludwigshafen,3,https://evkitalu.de/louise-scheppler
DE,Katholische Seelsorgeeinheit Waghäusel-Hambrücken,3,http://www.kath-w-h.de
DE,AWO Ortsverein Viernheim e.V.,3,https://awo-viernheim.de/krippen-kindertagesstaetten-horte/waldkindergarten/index.html
DE,AWO family gGmbH,3,https://www.awo-family.de/kindertagesstaetten/weiterstadt/kita-sternenhimmel
DE,Kath. Kirchengemeinde St. Bonifatius,3,https://amtsstrasse.kita-wunstorf.de/
DE,Kath. Kirchengemeinde St. Martin,3,http://www.kita.rlp.de/Kita-Suche-Einzela.276+M5057e8655ba.0.html?&tx_oakitadatabase_pi1[]=&tx_oakitadatabase_pi1[pid]=274&tx_oakitadatabase_pi1[regions]=Alzey-Worms&tx_oakitadatabase_pi1[uid]=792
DE,Protestantische Gesamtkirchengemeinde Speyer,3,http://www.kita-villa-kunterbunt-speyer.de/
DE,Stadt Oestrich-Winkel,3,https://www.oestrich-winkel.de/pflaumenkoepfchen/
DE,EKHN,3,http://www.stiftskirche-diez.de/jugend_purzelbaum.html
DE,Katholische Kirchengemeinde St. Martin,3,http://www.st-raphael-ka.de/html/kindertagesstaette188.html
DE,Stadt Groß-Gerau,3,
DE,Evangelische Kirchengemeinde Edingen,3,https://www.eki-edingen.de/kindergarten/martin-luther
DE,Gemeinde Haßloch,3,
DE,Evangelische Kirche Karlsruhe,3,
DE,Stadt Dreieich,3,https://www.dreieich.de/buergerservice/abteilungen/HES:department:11593/kindertagesstaette-rueckertsweg/
DE,Evangelische Gemeinde,3,
NO,Kviteseid kommune,3,
NO,Hjartdal kommune,3,
NO,Seljord kommune,3,https://seljord.kommune.no/seljord-barnehage.489255.nn.html
DE,ev. Kirchengemeinde Singen,3,https://www.kaethe-luther.de
CH,"Primarschule Töss, Schulkreis Stadt-Töss",3,
DE,Stadt Blumberg,3,http://www.epfenhofen.de/46.html
CH,"Stadt Zürich, SSD, Schulkreis Waidberg, Schuleinheit Scherr",3,https://www.stadt-zuerich.ch/schulen/de/scherr/ueberuns/standorte/kindergaerten.html#kindergaerten_ottikerweg1-3
CH,"Stadt Zürich, SSD, Schulkreis Limmattal, Schuleinheit Hardau",3,https://www.stadt-zuerich.ch/schulen/de/hardau/ueberuns/standorte/kindergaerten.html
CH,Tagesschule Schönengrund,3,
CH,Brühlgut Stiftung,3,https://www.brühlgut.ch/kitas/
CH,"Stadt Zürich, SSD, Schulkreis Zürichberg, Schuleinheit Ilgen",3,https://www.stadt-zuerich.ch/schulen/de/ilgen/ueberuns/standorte/kindergaerten.html
CH,"Stadt Zürich, SSD, Schulkreis Zürichberg, Schuleinheit Hirslanden",3,https://www.stadt-zuerich.ch/schulen/de/hirslanden_primar/betreuung/standorte.html#hort_hammerstrasse
CH,Bonstetten Kinderbetreuung GmbH,3,https://kinderzentrum.ch/angebot-preise/standorte/bonstetten/
CH,"Stadt Zürich, SSD, Schulkreis Waidberg, Schuleinheit Vogtsrain",3,https://www.stadt-zuerich.ch/schulen/de/vogtsrain/ueberuns/standorte/kindergaerten.html#kindergaerten_vogtsrain123
CH,"Stadt Zürich, SSD, Schulkreis Limmattal, Schuleinheit Pfingstweid",3,https://www.stadt-zuerich.ch/schulen/de/pfingstweid/ueberuns/standorte/kindergaerten.html#kindergarten_hardturmpark
CH,"Stadt Zürich, SSD, Schulkreis Letzi, Schuleinheit Loogarten",3,https://www.stadt-zuerich.ch/schulen/de/loogarten/betreuung/standorte.html
CH,"Stadt Zürich, SSD, Schulkreis Limmattal, Schuleinheit Aussersihl",3,https://www.stadt-zuerich.ch/schulen/de/aussersihl/ueberuns/standorte/kindergaerten.html
CH,"Stadt Zürich, SSD, Schulkreis Limmattal",3,https://www.stadt-zuerich.ch/schulen/de/aemtler_a/ueberuns/standorte/kindergaerten.html
CH,"Stadt Zürich, SSD, Schulkreis Limmattal, Schuleinheit Im Gut",3,https://www.stadt-zuerich.ch/schulen/de/imgut/ueberuns/standorte/kindergaerten.html
CH,"Stadt Zürich, SSD, Schulkreis Limmattal, Schuleinheit Kornahus",3,https://www.stadt-zuerich.ch/schulen/de/kornhaus/betreuung/standorte.html
CH,"Stadt Zürich, SSD, Schulkreis Uto, Schuleinheit Bachtobel",3,https://www.stadt-zuerich.ch/schulen/de/bachtobel/ueberuns/standorte/kindergaerten.html
CH,«Fugu» Kinderkrippen,3,https://www.kitafugu.ch/fugu-kinderkrippe-winterthur-lokstadt/
CH,Verein Kindertagesstätte Sunneberg,3,https://www.kita-etzberg.ch/
CH,Primarschule Affoltern am Albis,3,https://www.psa.ch/schuelerhort
CH,Montessori,3,http://www.montessori-schulung.ch/
CH,Stadt Kloten,3,
DE,Stadt Engen,3,https://www.engen.de/site/Engen_2022_Root/node/3196773?QUERYSTRING=Im%20Baumgarten
DE,Stadt Laufenburg (Baden),3,https://www.laufenburg.de/leben-wohnen/kindergaerten/kindergarten-rappenstein
CH,Stadt Schaffhausen,3,
PT,Agrupamento de Escolas Marinha Grande Poente,3,
PT,Agrupamento de Escolas de Ansião,3,
PT,Agrupamento de Escolas de Pombal,3,
PT,"Agrupamento de Escolas Rainha Santa Isabel, Carreira, Leiria",3,
PT,"Agrupamento de Escolas de Colmeias, Leiria",3,
PT,"Agrupamento de Escolas de Cister de Alcobaça, Alcobaça",3,
PT,Agrupamento de Escolas de Figueiró dos Vinhos,3,https://www.aefv.edu.pt/
PT,"Agrupamento de Escolas Dr. Correia Mateus, Leiria",3,
PT,Agrupamento de Escolas de Porto de Mós,3,
PT,"Agrupamento de Escolas Sá da Bandeira, Santarém",3,
PT,"Agrupamento de Escolas D. Sancho I - Pontével, Cartaxo",3,
FI,Kouvolan kaupunki,3,https://www.kouvola.fi/puistolanpaivakoti
CH,AJERCO,3,
CH,Commune de Belmont,3,
CH,AJEMA,3,https://www.morges.ch/vivre-a-morges/ecoles-et-accueil-de-l-enfance/accueil-de-l-enfance/trouver-une-solution-de-garde-200259
FR,People and baby,3,https://www.people-and-baby.com/creche/pic-et-colegram/992446
CH,pop e poppa,3,https://www.popepoppa.ch/fr/structures/cve-de-renens/
DE,St. Petri Domgemeinde zu Bremen,3,http://wp.domkindergaerten.de/
DE,Stadt Geestland,3,https://www.geestland.eu/Seiten/Kita-Floegeln.html?
DE,Der Paritätische Cuxhaven,3,https://www.paritaetischer.de/kreisverbaende/cuxhaven/unsere-angebote/kindertagesstaetten/kindertagesstaette-mittendrin/
DE,Gemeinde Stadland,3,https://www.stadland.de/bildung-soziales/kindertagesstaetten/firlefanz-in-kleinensiel/
DE,Waldorfkindergarten Bremen e.V.,3,https://www.waldorfkindergarten-bremen.de
DE,Kinderschutzbund,3,
NO,Lier kommune,3,
NO,Tønsbergkirkenes barnehager AS,3,
NO,Asker Kirkelige Fellesråd,3,https://kirken.no/nb-no/fellesrad/askerfellesrad/menigheter/holmentoppen-barnehage/
NO,Hvaler kommune,3,
NO,Aukra kommune,3,
NO,Sykkylven kommune,3,https://ullavikbarnehage.no/
NO,Haram kommune,3,
PL,Gmina Miejska Włodawa,3,https://pm2.wlodawa.eu/
PL,Gmina Kamień,3,
DE,Kath. Kirchengemeinde St. Arnold-Janssen,3,
DE,"Ev. Kirchengemeinde Unterrath, Ahornallee 5, 40468 Düsseldorf",3,
DE,"AWO Familienglobus gGmbH, Liststr. 2, 40470 Düsseldorf",3,
DE,Kath. Kirchengemeinde St. Antonius,3,https://www.antonius-kevelaer.de/einrichtungen/kindergaerten/st-antonius-kervenheim
DE,Kath. Kirchengemeinde St. Johannes der Täufer,3,
DE,Kath. Kirchengemeinde St. Willibrord,3,
DE,Kath. Kirchengemeinde St. Clemens,3,
DE,Deutsch-Französischer Kindergarten e.V.,3,http://www.lemondedespetits.de/
DE,MUMM-Familienservice gGmbH,3,https://mumm-mg.de/
DE,Katholischer Kirchengemeindeverband Nettetal,3,
DE,Deutsches Rotes Kreuz / Kreisverband Viersen e.V.,3,
DE,Kath. Kirchengemeinde Hl. Johannes der Täufer,3,
DE,Kath. Kirchengemeinde Heilig Geist,3,
DE,Kolping Kindergarten Kalkar-Altkalkar e.V.,3,
DE,Kath. Kirchengemeinde St. Irmgardis,3,
DE,Kinderhut,3,https://www.kinderhut.de/standorte/planung-kita-nuesser-kids-2024-25/
DE,Katholische Kirchengemeinde St. Ludgerus,3,https://www.st-ludgerus.de/gemeinden/weseke/familienzentrum-st-ludgerus/kindertageseinrichtung-st-marien
DE,Fröbel e.V.,3,https://sterntaler.froebel.info/
DE,Jugendamt Landeshauptstadt Düsseldorf,3,https://duesseldorf.kita-navigator.org/kitas/himmelgeister-strasse/auf-einen-blick/
DE,Kath. Kirchengemeinde St. Martinus Moers,3,https://www.moers.de/leben-moers/kinder-jugend/tageseinrichtungen-fuer-kinder/kath-tageseinrichtung-fuer-kinder-1
DE,Caritasverband Oberhausen e.V.,3,https://www.caritas-oberhausen.de/
DE,Evangelisches Bildungswerk des Kirchenkreises Duisburg,3,https://www.ebw-duisburg.de/arbeitsbereiche/kindertageseinrichtungen/evangelische-kindertageseinrichtung-und-familienzentrum-lutherknirpse/
DE,Stadt Wegberg,3,http://www.familienzentrum-sonnenschein.de/
DE,AWO Familienservice gGmbh,3,https://awo.mg/
DE,Caritasverband für die Dekanate Dinslaken und Wesel,3,
DE,Kath. Kirchengemeinde St. Dionysius,3,
DE,Caritas-SkF-Essen gGmbH,3,https://www.cse.ruhr/ueber-uns/unsere-standort/familienzentrum-mattiswald/
DE,Horizonte,3,
DE,Arbeiter-Samariter-Bund Regionalverband Ruhr e.V.,3,https://ruhr.asbnrw.de/kinder-jugend/familienzentrum/kita-phantasia.html
DE,Ev. Verein für Jugend und Familienhilfe e.V.,3,https://www.jugend-und-familienhilfe.de/angebote/bildung-und-erziehung/kindertagesstaetten/kita-wiewaldi-nettetal/?L=0
DE,VKJ,3,https://www.vkj.de/de/angebote/fuer-kinder/kinderhaeuser/kleineoase/
DE,Lebenshilfe Neuss gGmbH,3,https://lebenshilfe-neuss.de/kinder-jugend/familienzentren/familienzentrum-sonnenblume/
DE,Katholische Kirchengemeinde St. Josef und Martin,3,https://www.katholische-kindergaerten.de/kitas/437-st-josef
NL,IEZO,3,https://alandalous.nl/
DE,Arbeiterwohlfahrt Unterbezirk Münsterland-Recklinghausen,3,https://www.awo-msl-re.de/einrichtung/kita-finkenkamp
DE,Stadt Solingen,3,
NO,Åmot kommune,3,
DE,DRK-Kreisverband Güstrow e.V.,3,
DE,Stadt Wittstock/Dosse,3,https://www.wittstock.de/verzeichnis/visitenkarte.php?mandat=48406
DE,Trägerwerk Soziale Dienste in Mecklenburg Vorpommern GmbH,3,https://www.twsd-mv.de/angebote-und-leistungen/foerder-und-bildungsangebote/kindertagesstaetten/kita-uns-luett-kinnerhus/
GB,Excel Learning Trust,3,https://www.woodthorpeprimaryschool.co.uk/
GB,Moorlands Learning Trust,3,https://www.ashlandsprimary.org.uk/
GB,Heritage Multi Academy Trust,3,https://www.moorlandsprimary.org.uk/
GB,Bronte Academy Trust,3,https://www.oakworthprimary.co.uk/
GB,Willow Tree Academy,3,https://roughwoodprimary.org/
GB,The Woodland Federation of Peak District Schools,3,https://www.woodlandfederationofpeakdistrictschools.co.uk/page/?title=Peak+Forest+CE+Primary+School&pid=138
GB,New Collaborative Learning Trust,3,https://www.thorpehesleyprimary.rotherham.sch.uk/
GB,SHARE Multi Academy Trust,3,https://www.millbridge.org.uk/
GB,Pioneer Academies Community Trust (PACT),3,https://www.carltonprimary.co.uk/
GB,Corpus Christi Federation,3,https://www.federationcc.org.uk/topic/sacred-heart-catholic-primary-school
PL,Miasto Łomża,3,https://przedszkole8lomza.edupage.org/text1/?eqa=dgv4dd10zxh0jtjgdgv4dde%3d
MK,25 Мај,3,https://gradinka25maj.mk/
MK,25 Maj,3,http://www.gradinka25maj.mk
DE,Kleine Stromer gGmbH,3,https://www.kleine-stromer.de/krippen/fulleknirpse/fulleknirpse.html
DE,Kolping Kita gGmbH,3,https://www.kolpingkita.de
DE,Stadt Vellmar,3,https://www.vellmar.de/city_info/webaccessibility/index.cfm?item_id=857027&modul_id=13&record_id=4536
PT,Associação Escola Aberta,3,
PL,Gmina Kłoczew,3,https://przedszkolekloczew.pl/
IE,Cocoon Childcare,3,https://cocoonchildcare.ie/
IT,Istituto Comprensivo Via Ugo Bassi,3,
SE,Uddevalla kommun,3,
SE,Ulna AB,3,
DE,Stadtverwaltung Apolda,3,https://www.jugendsozialwerk.de/kinder/kindergaerten/reggio-paedagogik/mozartweg-apolda/
DE,Diakonieverbund Kyffhäuser gGmbH,3,https://www.dv-kyffhaeuser.de/
DE,Trägerwerk Soziale Dienste,3,
DE,Franckesche Stiftungen,3,https://www.francke-halle.de/de/montessorikinderhaus/
HU,Szeged-Csanádi Egyházmegye,3,http://www.fenyovi.hu/
ES,La Salle,3,https://www.lasallesantander.es/
DE,Evangelisch-Lutherische Kirchengemeinde Meldorf,3,https://kirche-meldorf.de/kinder-und-jugendliche/kindertagesstaetten/kindergarten-sarzbuettel/
DE,Ev.-Luth. Kirchenkreis Rendsburg-Eckernförde,3,https://www.ev-kita-rd-eck.de/unsere-kindertagesstaetten/altenholz-ahoi.html
DE,Katholischen Kirchengemeinde,3,https://www.gemeinde-wilhelmsdorf.de/bildung-soziales/kinderbetreuung-und-bildung/kindertagesbetreuung
PT,Agrupamento de Escolas Dom Afonso III,3,
ES,Ajuntament de Sant Andreu de la Barca,3,
ES,Ajuntament Castelldefels,3,
PT,"Agrupamento de Escolas Francisco Simões, Almada",3,https://esfsimoes.edu.pt/
PT,"Agrupamento de Escolas Augusto Cabrita, Barreiro",3,
PT,"Agrupamento de Escolas Elias Garcia, Almada",3,https://www.agrupamentoeliasgarcia.com
PT,Agrupamento de Escolas de Mafra,3,
PT,"Agrupamento de Escolas Terras de Larus, Seixal",3,
PT,"Agrupamento de Escolas Daniel Sampaio, Almada",3,
PT,"Agrupamento de Escolas da Caparica, Almada",3,https://www.aecaparica.pt
PT,"Agrupamento de Escolas Professor Ruy Luís Gomes, Almada",3,
PT,"Agrupamento de Escolas da Trafaria, Almada",3,
PT,"Agrupamento de Escolas da Venda do Pinheiro, Mafra",3,
DE,Stadt Hemmingen,3,
DE,Kleine Kindertagesstätte Drunter & Drüber e.V.,3,https://www.drunterunddrueber-hannover.de/
DE,Stadt Rinteln,3,https://www.rinteln.de/leben-in-rinteln/kinder-und-jugend/kindertagestaetten/staedtische-kindertagesstaetten/kindertagesstaette-klabauternest/
DE,Samtgemeinde Weser-Aue,3,
DE,Verein für KinderKultur e.V.,3,https://www.wittekids.de
DE,Samtgemeinde Nenndorf,3,https://portal.little-bird.de/nenndorf/Unterm-Regenbogen
DE,AWO Region Hannover e.V.,3,https://www.awo-hannover.de/unsere-angebote/kinder-familien/kindertagesstaetten-kinderbetreuung/krippen/kindertagesstaette-marie-juchacz-strasse/
DE,Humanistischer Verband Deutschlands Niedersachsen K.d.ö.R.,3,https://humanisten.de/kindertagesstaetten/kita-hannover-misburg.html
DE,Kindertagesstätten Kleine Königskinder gGmbH,3,https://kleine-koenigskinder.de
DE,Kinderstube e.V.,3,https://kinderstube-hannover.de/
DE,Stadt Seelze,3,https://kinderbetreuung.seelze.de/Seelze/Kita-an-den-Grachten
IT,Comune di Spoleto,3,
IT,Primo circolo didattico di Spoleto,3,http://www.primocircolospoleto.it/ita/
UA,Управління освіти Миколаївської міської ради,3,https://dnz59.blogspot.com/
GR,Δήμος Καλλιθέας,3,
GR,Δήμος Κορυδαλλού,3,
GR,Δημοτικό Βρεφοκομείο Αθηνών,3,
GR,Δήμος Αθηναίων,3,
FR,Ville de Lannion,3,http://www.ville-lannion.fr/les_centres_de_loisirs_presentation.html
GB,Learning for Life Trust,3,https://www.broughtonprimarysch.co.uk/
ES,Privado,3,
GB,Broadleaf Partnership Trust,3,https://hollandhouseschool.co.uk/
GB,Birmingham Special Schools Trust,3,https://www.longwill.bham.sch.uk/
GB,The Forge Brook Trust,3,https://www.palfreyinfant.co.uk/
GB,Forward Education Trust,3,https://www.brays.fet.ac/
GB,Affinity Learning Partnership,3,https://www.richardwakefieldprimary.com/
GB,Prime7 MAT,3,https://mcpa.org.uk/
GB,Unity MAT,3,https://www.brooke.unitymat.co.uk/
GB,Success Academy Trust,3,https://www.richmond.leics.sch.uk/
GB,Oak Multi Academy Trust,3,https://www.brookside.leics.sch.uk/
TR,T.C. Milli Eğitim Bakanlığı,3,
PT,"Agrupamento de Escolas Carlos Amarante, Braga",3,
PT,"Agrupamento de Escolas Alberto Sampaio, Braga",3,
PT,"Agrupamento de Escolas de Rates, Póvoa de Varzim",3,
PT,"Agrupamento de Escolas Daniel Faria, Paredes",3,
PT,"Agrupamento de Escolas de Valdevez, Arcos de Valdevez",3,
PT,"Agrupamento de Escolas Júlio Dinis, Gondomar",3,
PT,Agrupamento de Escolas de Terras de Bouro,3,
PT,"Agrupamento de Escolas de Arcozelo, Ponte de Lima",3,
PT,"Agrupamento de Escolas de Rio Tinto, Gondomar",3,
PT,"Agrupamento de Escolas Carmen Miranda, Marco de Canaveses",3,
PT,"Agrupamento de Escolas de Sande, Marco de Canaveses",3,
PT,"Agrupamento de Escolas de Alpendorada, Marco de Canaveses",3,
PT,"Agrupamento de Escolas Teixeira de Pascoaes, Amarante",3,
PT,Agrupamento de Escolas de Póvoa de Lanhoso,3,
PT,"Agrupamento de Escolas de Mosteiro e Cávado, Braga",3,
PT,"Agrupamento de Escolas de Real, Braga",3,
FR,Ploërmel Communauté,3,
PL,Spółdzielnia Socjalna INTEGRACJA w Bielsku Podlaskim,3,
PL,Izabela Szachowicz,3,
DE,Arbeiterwohlfahrt Kreisverband Oberlausitz e.V.,3,https://awo-oberlausitz.de/kindertagesstaetten/spreequellspatzen-neugersdorf/
CZ,Město Lovosice,3,https://www.msukonicka.cz
CZ,Město Čelákovice,3,https://www.mspristavni.cz/
PL,Dom Rozwoju Malucha Promyczek Hanna Wasiak,3,https://www.zlobekolsztyn.pl/
GB,Whinless Down Academy Trust,3,https://www.prioryfields.kent.sch.uk/
FI,Lapuan kaupunki,3,https://lapua.fi/varhaiskasvatus-ja-koulutus/varhaiskasvatus/paivakodit/
DE,Studentenwerk Bonn,3,http://www.studentenwerk-bonn.de/kinderbetreuung/kita-st-augustin/vorstellung/
DE,Arbeiterwohlfahrt Kreisverband Bonn/Rhein-Sieg e.V.,3,https://www.awo-bonn-rhein-sieg.de/angebote/kitas/einrichtungen/kitas/internationale-kita-bonn.html
DE,Deutscher Kinderschutzbund Ortsverband Sankt Augustin e.V.,3,http://www.kinderschutzbund-sankt-augustin.de/v2/cms/front_content.php?idcat=97
DE,Stadt Remagen,3,
DE,Evangelische Christus-Kirchengemeinde Siegen,3,http://christus.kirchenkreis-siegen.de/index.php?uid=3882
DE,Ev. Kirchenkreis Siegen-Wittgenstein,3,https://www.evangelischekita.de/haus-der-kleinen-flecker/
DE,Stadt Lorch,3,
NL,Kinderopvang De Plu,3,https://www.kinderopvangdeplu.org/
NL,ATOS,3,https://detichelaar.nl
NL,SILFO,3,https://www.deganzebloem.nl
NL,Kanteel,3,https://kanteel.nl/locatie/Den-Dijk
BE,Katholiek Onderwijs Peer en Eksel,3,https://www.viejool.be/
BE,VZW De Kubus,3,https://sites.google.com/dekubus-bree.be/dewissel-opitter
NL,De Planthof,3,https://schoolgameren.nl
BE,Gemeentebestuur van Balen,3,https://www.depuzzelsgv.be/schoor
BE,Lommelse Katholieke Basisscholen,3,https://www.deklimtorenlommel.be/
BE,Katholiek Basisonderwijs Hamont-Achel vzw,3,https://www.deachellier.be/
FI,Limingan kunta,3,https://www.liminka.fi/kasvatus-ja-koulutus/tuomiaron-paivakoti/
NO,Risør kommune,3,https://fargeskrinet-barnehage.no
RO,Koós Károly Általános Iskola,3,
IS,Hjallastefnan,3,
IT,Municipio VIII,3,https://www.comune.roma.it/PCR/resources/cms/documents/villaggionelbosco.pdf
DE,Stadt Kiel,3,
DE,Stadt Preetz,3,
PL,Miasto Świnoujście,3,https://przedszkole-miejskie-nr1.pl/
PL,Gmina Lubaczów,3,http://zspmlodow.pl/
PL,Gmina Józefów,3,https://spmajdnepr.pl/
PL,Miasto Tomaszów Lubelski,3,https://www.ps2tomaszow.wa.pl/
NO,Hattfjelldal kommune,3,
FR,Ville de Bourges,3,
DE,Studentenwerk Dresden,3,https://www.studentenwerk-dresden.de/soziales/campusnest.html
DE,Stadt Freital,3,"https://www.freital.de/kinderbetreuungEinrichtungen/St%c3%a4dtische-Einrichtungen/Kinderkrippen-Kinderg%c3%a4rten/index.php?La=1&NavID=2604.4&object=tx,2604.29.1&kat=&kuo=2&sub=0"
DE,Gemeinde Röderaue,3,https://www.roederaue.de/kinder_362.html
DE,Stadtverwaltung Belgern-Schildau,3,
DE,Sportclub Riesa e. V.,3,https://www.sc-riesa.de/soziales-engagement/kita-pfiffikus.html
DE,Volkssolidarität Elbtalkreis-Meißen e.V.,3,https://www.volkssolidaritaet.de/sonnenland/
DE,BIK e.V.,3,https://www.bik-ev.de/index.php/eltern/eltern-in-berlin/el-saegebock
DE,Gemeinde Nünchritz,3,http://www.kinderhort-nuenchritz.de/
DE,AWO Kinder- und Jugendhilfe gemeinnützige GmbH,3,https://www.awo-in-sachsen.de/kinder-jugend-familie/kitas/awo-kindertagesstatte-sonnenland/
DE,Stadtverwaltung Dahlen,3,https://www.heidestadt-dahlen.de/leben/bildungseinrichtungen-kindertagesstaetten/kindertagesstaette-schloss-sonnenschein-grossboehla/
DE,Hoffbauer-Stiftung,3,https://www.hoffbauer-stiftung.de/bildung/kitas/teltow-flaeming/evangelische-kita-st-nikolai/
DE,Gemeinde Niedergörsdorf,3,https://www.gemeinde-niedergoersdorf.de/gemeinde-leben/kindereinrichtungen/kita-lalido-langenlipsdorf/
GB,Enrich Learning Trust,3,https://www.millfieldprimary.school/
GB,The Saints Federation,3,https://federationschools.org/
GB,Co-operative Education East,3,https://banham.cee.coop/
GB,The Pilgrim Federation,3,https://www.blakeney.norfolk.sch.uk/
FI,Rautalammin kunta,3,https://www.rautalampi.fi
NO,Stiftelsen IMI barnehage,3,https://imi-barnehage.no
DE,Kinderwelt Erzgebirge e.V.,3,https://www.kinderwelt-erzgebirge.de/einrichtungen/kita-kunterbunt-lengefeld/
DE,Stadt Altenberg,3,
DE,Evang.-Luth. Kirchengemeinde Kasendorf,3,https://kindertagesstätte-kasendorf.de
DE,Volkssolidarität Kreisverband Pößneck e.V.,3,https://vs-pn.de/kindergarten-maerchenland-neunhofen/
DE,Diakonieverein Orlatal e.V.,3,http://diakonieverein-orlatal.de/kitas
DE,Hufeland-Träger-Gesellschaft Weimar mbH,3,https://www.htg.de/kitas/an-der-windmuehle
DE,Hufeland-Träger-Gesellschaft,3,https://www.htg.de/kitas/sackpfeife
DE,Diakoniestiftung Weimar Bad Lobenstein gemeinnützige GmbH,3,https://www.diakonie-wl.de/saalfeld-stadt-und-landkreis-ev-kindergarten-sonnenkaefer-teichel.html
DE,Arbeiterwohlfahrt Soziale Dienste Zeulenroda gGmbH,3,https://www.awo-zeulenroda.de/einrichtungen/integrative-kindertagesstaette-pusteblume/uebersicht/
GB,The Leap Community Trust,3,https://www.edithcavellprimary.co.uk/
GB,The Nene Valley Partnership,3,https://www.irchesterprimary.co.uk/
GB,Pinnacle Trust,3,https://www.moggerhangerprimaryschool.co.uk/
GB,Central Bedfordshire County Council,3,https://www.standrewslowerschool.co.uk/
GB,Brooke Hill Academy Trust Limited,3,https://www.edithwestonprimary.co.uk/
GB,Learning for LIFE Education Trust,3,https://www.finedon.northants.sch.uk/
AT,Wiki,3,https://www.wiki.at/standort/kindergarten-mariatrosterstrasse/
AT,Rettet das Kind,3,https://www.rettet-das-kind-stmk.at/joomla/index.php/kindergarten-kiga-maria-pachleitner
FI,Laukaan kunta,3,https://peda.net/laukaa/paivahoito/kirkonkylanpaivakoti
DE,Mütterzentrum Traunstein e.V.,3,https://www.muetterzentrum-traunstein.com
DE,Stadt Bad Reichenhall,3,https://www.stadt-bad-reichenhall.de/kinder-jugend-senioren/kindertageseinrichtungen/kindergarten-froschham
AT,Stadtgemeinde Oberndorf bei Salzburg,3,https://sgoweb2.oberndorf.salzburg.at/kindergaerten/KGIII/index.php
NO,Sørfold kommune,3,
PT,Agrupamento de Escolas do Sabugal,3,
NO,Gausdal kommune,3,
NO,Øyer kommune,3,
FI,Espoo,3,https://www.espoo.fi/fi-fi/kasvatus_ja_opetus/varhaiskasvatus/varhaiskasvatuksen_toimipaikat/kunnalliset_paivakodit/espoonlahti/saunalahden_paivakoti
PL,Miasto Gniezno,3,
PT,"Agrupamento de Escolas José Belchior Viegas, São Brás de Alportel",3,
PT,"Agrupamento de Escolas D. Manuel I, Tavira",3,
PT,Santa Casa da Misericórdia de Tavira,3,
AL,Altina Syka,3,
DE,Stadt Prenzlau,3,http://www.prenzlau.eu/cms/detail.php/land_bb_boa_01.c.384014.de
DE,Evangelisch lutherischer Kindertagesstättenverband Emden-Leer,3,http://www.kitaverband-emden-leer.de
DE,Landkreis Leer,3,https://www.landkreis-leer.de/Themen/Kinder-Familie/Kinderbetreuung/Kindertagesst%C3%A4tten-Leer/Kindergarten-Rasselbande/
DE,Stadt Aurich,3,https://www.finkenburgschule-aurich.de/index.php/kindergarten
DE,Ev.-luth. Kirchenkreisverband Ostfriesland-Nord,3,https://www.kita-ostfriesland.de/einrichtung/strandlaeufer-in-bensersiel/
PL,Gmina Fredropol,3,
TR,Minik Adalılar Kreş ve Gündüz Bakım Evi,3,www.minikadalilar.com
FR,Ville de Blois,3,https://www.blois.fr/432-multiaccueils.htm
SE,Stockholms Stad,3,
SE,Tellusbarn,3,https://tellusbarn.se/tibble/
SE,Knivsta kommun,3,
SE,Sundbybergs stad,3,https://www.sundbyberg.se/forskola-skola-och-utbildning/forskola/forskolor/vargen
DE,Gemeinde Wielenbach,3,http://www.kiga-wielenbach.de/
DE,Kinderland Weyarn,3,https://www.kinderland-weyarn.de/standorte/geretsried-kuennekeweg/
AT,Tiroler Soziale Dienste,3,https://www.tiroler-sozialdienst.at
DE,Kinderhilfe Oberland gGmbH,3,https://www.kinderhilfe-oberland.de/angebot/kinderhaus-polling/
DE,evangelische Kirche,3,
DE,Gemeinde Bichl,3,http://www.kindergarten-bichl.de/
NO,Brønnøy kommune,3,
PL,Monika Szust,3,https://krasnal.eu
PL,Marta Żwirska,3,https://bajkowydworek.lublin.pl/
PL,Agnieszka Rozpędowska,3,https://www.kolorowekredki.org.pl/
PL,Wioletta Rak,3,http://www.akademia-poziomkowa.pl
PL,Kamila Skrzypczyńska,3,https://leczna.przedszkolecasper.eu/
PL,Gmina Kąkolewnica,3,http://brzozowicaduza.szkolna.net
PL,Miasto Radzyń Podlaski,3,
PL,Gmina Nowodwór,3,
DE,Pfarrei St. Josef,3,
DE,Arbeiterwohlfahrt Hagen-Märkischer Kreis,3,https://www.awo-ha-mk.de/Kindertagesstaette-Christine-Schnur-Weg-Luedenscheid
DE,Kindergartengemeinschaft im Ev. Kirchenkreis Bochum,3,https://www.kirchenkreis-bochum.de/kitas/stadtteile/hofstede/pusteblume
DE,Ev. Kirchengemeinde Milspe-Rüggeberg,3,http://www.familienzentrum-rueggeberg.de/index.html
DE,Katholische Kirchengemeinde Clemens August Graf von Galen,3,https://www.clemensaugustgrafvongalen.de/cagvg/einrichtungen/kita-stmartin/
DE,Stadt Lüdenscheid - Jugendamt,3,https://luedenscheid.meinkitaplatz.de/app/de/einrichtung/show/691
DE,Johanniter-Unfall-Hilfe e.V. - Regionalverband Südwestfalen,3,https://www.johanniter.de/juh/lv-nrw/rv-suedwestfalen/unsere-standorte-einrichtungen-in-suedwestfalen/unsere-einrichtungen-im-detail/kita-abenteuerland-911/
DE,Anna Katharina Gemeinde,3,https://www.kindergarten-coesfeld.de/kinderg%C3%A4rten/ake/
DE,Kath. Kirchengemeinde St. Lamberti,3,http://www.kiga-mariafrieden.lamberti-coe.de
DE,SOS Kinderdorf e.V.,3,https://www.sos-kinderdorf.de/kinderdorf-essen/angebote/integration-und-individuelle-foerderung
DE,Ev. Kirchengemeinde Dortmund-Südwest,3,
DE,Trägerverbund der Tageseinrichtungen für Kinder des Evangelischen Kirchenkreises Münster,3,http://www.erloeserkirchengemeinde-muenster.de/epiphaniasgemeinde/ev-kindertageseinrichtung-epiphanias
DE,Katholische Kirchengemeinde St. Joseph Münster-Süd,3,https://www.kitaverbund-muenster-sued.de/kita-pastor-hoeing/
IT,Istituto Comprensivo Lagaccio,3,
HU,KAPOCS Szociális és Gyermekvédelmi Intézmény,3,
FR,AJEFA,3,https://www.ajefa.eu/fr/la-kinder-ecole/
FR,La Maison Kangourou,3,https://www.lamaisonkangourou.com/la-maison-kangourou/creches/vaires/
FR,Crescendo,3,https://www.crescendo.asso.fr/spinoza/
FR,Ville de Champigny-sur-Marne,3,
FR,Paris,3,https://www.paris.fr/lieux/creche-municipale-dunois-31-rue-dunois-2245
FR,Crèches People & Baby,3,https://www.people-and-baby.com/creche/les-abeilles/9913545
FR,Académie de Versailles,3,https://www.education.gouv.fr/annuaire/092-hauts-de-seine/meudon/etab/ecole-maternelle-d-application-ravel-prevert.html
DE,Volkssolidarität Kreisverband Borna e.V.,3,https://volkssolidaritaet-borna.de/kindertageseinrichtungen
DE,Stadt Hohenmölsen,3,https://www.stadt-hohenmoelsen.de/de/pfiffikus.html
DE,Verbandsgemeinde Droyßiger-Zeitzer Forst,3,https://www.vgem-dzf.de/de/kindertagesstaetten.html
DE,Stadt Groitzsch,3,https://kita.stadt-groitzsch.de/kindergarten-zwergenland
DE,MITRA bilinguale Kindergärten gGmbH,3,https://mitra-kindergarten.de/
DE,Humanitas gGmbH,3,https://www.humanitas-leipzig.de/maerchenwiese
DE,Caritasverband Leipzig e.V.,3,https://www.caritas-leipzig.de/hilfeundberatung/kinderjugendlicheundfamilien/kindertagesstaetten/kitaelifant/kita-elifant
DE,Gemeindeverwaltung Mockrehna,3,https://www.mockrehna.de/verzeichnis/visitenkarte.php?mandat=223476
DE,Berufsbildungswerk Leipzig für Hör- und Sprachgeschädigte gGmbH BBW-Kindertagesstätten,3,https://www.bbw-kita.de/kitas/altenburger-strasse
DE,Caritasverband Leipzig e. V.,3,https://www.caritas-leipzig.de/hilfeundberatung/kinderjugendlicheundfamilien/kindertagesstaetten/kita-stbenno/kita-stbenno
DE,Arbeiterwohlfahrt Kreisverband Wittenberg e. V.,3,https://www.awo-wittenberg.de/angebote/kita_horte/hort_entdeckerland.php
DE,Diakonie Leipziger Land,3,https://www.diakonie-leipziger-land.de/kinder-jugend-und-bildung/kindertagesstaetten/kita-nerchau/
DE,Kindertagesstättenwerk der Lutherstadt Wittenberg e.V.,3,https://www.kitawerk-wb.de/kitas/schnatterinchen/
DE,Gemeindeverwaltung Lossatal,3,https://www.lossatal.eu/info/poi/kindertagesstaette-kaeferparadies-thammenhain-900000026-22920.html
DE,Zwergenland Leipzig gGmbH,3,http://www.zwergenlandfreunde.de/kindertagesstaetten/demmeringstrasse
DE,Stadt Naunhof,3,https://www.naunhof.de/verzeichnis/visitenkarte.php?mandat=189904
DE,Lutherstadt Wittenberg,3,https://www.wittenberg.de/portal/seiten/kita-spielkiste-900000349-36670.html
DE,Gemeinde Machern,3,https://www.gemeinde-machern.de//info/poi/kindertagesstaette-maerchengarten-gerichshain-900000006-27400.html?site=info
DE,Gemeinde Wiedemar,3,http://schatztruhe-wiedemar.de/
ES,Col·legi Rural Agrupat l'Ullastre,3,https://mestreacasa.gva.es/web/cralullastre/
NO,Øksnes kommune,3,
NO,Hadsel kommune,3,
GB,Grandir UK,3,https://www.grandiruk.com/nurseries/bristol-city/kiddi-caru-hanham/
GB,Bath and North East Somerset Council,3,https://www.newbridge.bathnes.sch.uk/
GB,North Somerset Council,3,https://www.baytreeschool.co.uk/
NO,Enebakk kommune,3,
DE,Gemeinde Moosthenning,3,https://kita-moosthenning.de/
FI,City of Turku,3,
DE,P.E.B. Rathenow,3,https://peb-rathenow.de
DE,AWO - Sozial-Service gemeinnützige GmbH,3,https://www.awo-brandenburg-havel.de/kindertagesstaetten/weltentdecker.html
DE,Kinderförderverein WIR e.V.,3,https://www.wir-ev-brb.de/Kita-KiWi
DE,Gemeinde Groß Kreutz (Havel),3,https://www.gross-kreutz.de/a-z/185-kita-goetzer-landmaeuse
DE,LSB Sportservice Brandenburg gGmbH,3,https://www.lsb-sportservice.de/einrichtungen/kita-perlentaucher/einrichtung.html
DE,AWO Kinder- und Jugendhilfe Potsdam gGmbH,3,https://awo-potsdam.de/de/standort/kita-wilde-fruechtchen/
DK,Odsherred Kommune,3,https://spilopen.odsherred.dk/
DK,Lejre Kommune,3,https://www.lejre.dk/borger/daginstitution-og-skole/daginstitution/find-en-institution/boernehuset-skovvejen
DK,Kalundborg Kommune,3,https://svebollebh-kalundborg.aula.dk/
DE,Ev.-luth. Kirchenkreis Celle,3,
DE,Ev.-luth. Kirchenkreis Soltau,3,https://www.kirchenkreis-soltau.de/Kirchenkreis/Kindertagesstaetten/Kita_Luett_Louis
DE,Stadt Wolfsburg,3,https://www.wolfsburg.de/stadt-kitas
DE,Ev.-luth. Kirchengemeinde Martin Luther,3,https://www.kitas-martinluthergemeinde.de/projekt-waldgruppe/
GB,West Norfolk Academies Trust,3,https://www.heachaminfant.norfolk.sch.uk/
FR,Commune d'Elne,3,
ES,Ajuntament de Figueres,3,http://www.xtec.cat/centres/b7008572
FR,Ville d'Yzeure,3,
DE,Chance gGmbH,3,https://www.chance-gronau.de/wir-bieten-ihnen/kindertagesstaetten/kita-pusteblume
DE,Katholische Kirchengemeinde St. Vitus,3,https://www.st-vitus-loeningen.de/einrichtungen/kindergarten-st-vitus
DE,Ev.-luth. Kirchenkreis Bramsche,3,https://www.ev-kitas-bramsche.de/unsere-kitas/kita-bippen/
PT,"Agrupamento de Escolas Padre José Augusto da Fonseca, Aguiar da Beira",3,
PT,"Agrupamento de Escolas Grão Vasco, Viseu",3,
PT,Agrupamento de Escolas de Trancoso,3,
PT,Agrupamento de Escolas de Gouveia,3,
PT,Agrupamento de Escolas do Fundão,3,
NO,Sauda kommune,3,
HR,Dječji vrtić Malešnica,3,https://vrtic-malesnica.zagreb.hr/
HR,Dječji vrtić Tatjane Marinić,3,https://vrtic-tatjanemarinic.zagreb.hr/
HR,Dječji vrtić Videk,3,https://dv-videk.hr
HR,Dječji vrtić Maslačak,3,https://maslacak-zapresic.hr/
HR,Dječji vrtić Budućnost,3,https://vrtic-buducnost.zagreb.hr
HR,Dječji vrtić Prečko,3,https://vrtic-precko.zagreb.hr/
HR,Dječji vrtić Remetinec,3,https://vrtic-remetinec.zagreb.hr/
HR,Dječji vrtić Kustošija,3,https://vrtic-kustosija.zagreb.hr/
HR,Dječji vrtić Vrbik,3,https://vrtic-vrbik.zagreb.hr/
FR,Centre Mer et Soleil,3,
NL,AMOS,3,https://www.devisserschool.nl
NL,Het Vosje,3,https://www.het-vosje.nl/kinderdagverblijf-haarlem-centrum
NL,2samen,3,
NL,KinderRijk,3,https://www.kinderrijk.nl/vestigingen/kinderrijk-bso-asserring/
NL,Forte Kinderopvang,3,
NL,Stichting VierTaal,3,https://cor-emousschool.nl
NL,Stichting Katholiek Onderwijs Wassenaar,3,https://www.bonifaciusschool.nl
EE,Türi lasteaed,3,https://tyrilasteaed.ee/
FI,Kangasalan kaupunki,3,https://www.kangasala.fi/varhaiskasvatus-ja-opetus/varhaiskasvatus/kunnallinen-varhaiskasvatus/paivakodit/harjunsalon-paivakoti/
NL,Stichting Kinderopvang Ijsselmonde,3,https://www.skoij.nl/kdv-de-sprookjesboom
BE,OCMW,3,https://www.kabouterland-bornem.be/
NL,Stichting tot het verstrekken van christelijk onderwijs op gereformeerde grondslag,3,https://beukelmanschool.com
BE,Kansrijk,3,https://www.degroeituin.be
NO,Sørreisa kommune,3,
DK,Favrskov Kommune,3,https://favrskov.dk/borger/familie-boern-og-unge/boernepasning-i-favrskov/institutioner-boern-0-6-aar/ulstrup-boernehus
DK,Viborg kommune,3,https://bhkokholm.viborg.dk/
PT,"Agrupamento de Escolas Coelho e Castro, Santa Maria da Feira",3,
PT,"Agrupamento de Escolas de Oliveirinha, Aveiro",3,
PT,Agrupamento de Escolas de Ovar,3,
PT,Agrupamento de Escolas de Santa Maria da Feira,3,
PT,"Agrupamento de Escolas de Santa Cruz da Trapa, São Pedro do Sul",3,
NO,Bø kommune,3,
ES,Col·legi Rural Agrupat Penyagolosa,3,
FR,Mairie de Lyon,3,https://www.lyon.fr/lieu/etablissements-multi-accueil/ranvier
FR,Ville de Saint-Étienne,3,
FR,Ville de Saint-Priest,3,http://www.ville-saint-priest.fr/Modes-de-garde.2112.0.html#multi-accueils-municipaux
FR,Ville de Vénssieux,3,https://venissieux.fr/carte/creche-pain-depices/
EE,Rae vald,3,https://lasteaiad.rae.ee/peetri/uuesalu-lasteaed/kontakt/
DE,AWO Gera,3,
DE,Volkssolidarität Stadtverband Chemnitz e.V.,3,https://vs-chemnitz.de/dienstleistungen/kinderbetreuung/montessori-kinderhaus-pfiffikus
DE,"Kinder-, Jugend- und Familienhilfe e.V.Chemnitz",3,https://www.kjf-online.de/kita-kindergartenmodell
PL,Gmina Modliborzyce,3,https://www.zswierzchowiska.pl/
PL,Mojmed Spółka Z Ograniczoną Odpowiedzialnością,3,
PL,Gmina Janów Lubelski,3,http://szkola.pspzoi.webd.pro/
PL,Gmina Dzwola,3,http://www.zsdzwola.pl
PL,Urząd Gminy i Miasta w Rudniku nad Sanem,3,https://przedszkolerudnik.pl/
PL,Gmina Potok Górny,3,https://splipinydolne.edupage.org/
IT,Kindergartensprengel Lana,3,https://www.gemeinde.lana.bz.it/de/Dorfleben/Orte/Schule_Bildung/Kindergarten_St_Peter
NO,Sør-Aurdal kommune,3,
NO,Fitjar kommune,3,
NO,Sveio kommune,3,
LU,Rockids,3,https://www.rockids.lu/en/creches-day-care-centres/dudelange-3/
GB,The Propeller Academy Trust,3,https://www.johnwatsonschool.org/
GB,The Gallery Trust,3,https://www.springfield.oxon.sch.uk/
GB,Kids Planet;University of Oxford,3,https://childcare.admin.ox.ac.uk/bradmore-road
FR,Mairie de Creil,3,https://www.creil.fr/structures-petite-enfance
FR,Mairie de Blagnac,3,
FR,Mairie de Toulouse;Centre Communal d'Action Sociale,3,
DE,Cheburashka gGmbH,3,http://kitacheburashka.de/einrichtungen/charlottenburg/
DE,AWO Kreisverband Berlin-Mitte e.V.,3,https://awo-mitte.de/kinder-jugend/kita-wassertropfen/
DE,KUBIBE.Berlin gGmbH,3,https://kubibe.de/unsere-kitas/haus-2/
DE,Verein zur Förderung der Mehrsprachigkeit e.V.,3,http://www.mehrsprachige-kitas.de/berliner-spatzen
DE,Forum Soziale Dienste GmbH,3,https://forum-soziale-dienste.de/kita-drieselmaeuse/
DE,KLAX gGmbH,3,http://www.klax-kita.de/einrichtungen/kindergaerten/elements
DE,Gemeinde Schöneiche bei Berlin,3,
DE,Pünktchen und Anton e.V.,3,https://puenktchenundanton.com/
DE,Salabanda gGmbH,3,https://kita-salabanda.de/banda4.html
DE,FidL-Frauen in der Lebensmitte gGmbH,3,https://fidl.de/kinderbetreuung-d83/kitas-d1/pittiplatsch-d72/
DE,Wuhlewanderer gGmbH,3,https://wuhlewanderer.de/fuchtelzwerge/
DE,Johemi Kindertagesstätten gGmbH,3,https://www.johemi.de/kindertagesstätten/kita-müllerstraße/
DE,Verein für aktive Vielfalt e.V.,3,https://www.vav-hhausen.de/Bereiche/Kitas/kita_abenteuerland.html
DE,Klax International GmbH,3,https://klax.de/de/kitas/einrichtungen/kindergarten-tinkerbell
DE,Jugendwerk Aufbau Ost gGmbH,3,http://www.jao-berlin.de/index.php?id=15
DE,Märkische Kita und Schule gGmbH,3,https://www.mkus-berlin.de/zwergenstuebchen
DE,INA.KINDER.GARTEN gGmbH,3,https://www.kita-am-fliess.de/
DE,Evangelisches Jugend- und Fürsorgewerk gemeinnützige AG,3,https://www.ejf.de/arbeitsbereiche/kindertagesstaetten-horte/alle-einrichtungen/integrationskindertagesstaette-regenbogen.html
DE,FiPP e.V. - Fortbildungsinstitut für die pädagogische Praxis,3,https://www.fippev.de/melli-beese-haus/startseite
DE,Independent Living Bildungs- und Betreuungseinrichtungen in Schöneiche gGmbH,3,https://www.independentliving-stiftung.de/kitas/schoeneiche/am-storchenturm/
DE,Pestalozzi-Fröbel-Haus,3,https://www.pfh-berlin.de/de/kita-belziger
DE,Stadt Königs Wusterhausen,3,https://www.koenigs-wusterhausen.de/654582/Kita-Zwergenland
DE,Humanistischer Verband Berlin-Brandenburg,3,http://www.humanistischekitas.de/wasserwerkstrasse
DE,Orte für Kinder GmbH,3,https://www.ortefuerkinder.de/unsere-kitas/kita-ansicht/?kita=0d367ed1c7d5cc2badf629dad02576d4
DE,Caritas Familien- und Jugendhilfe gGmbH,3,https://www.caritas-cfj.de/kindertagesstaetten/maria-himmelfahrt-2/
DE,Gemeinde Eichwalde,3,http://www.hortbuntstifte.eichwalde.de/
DE,Gemeinde Dallgow-Döberitz,3,https://www.dallgow.de/verzeichnis/mandat.php?mandat=160563&kategorie=5
DE,Arbeiterwohlfahrt Bezirksverband Potsdam e. V.,3,https://awo-potsdam.de/de/standort/kita-tausendfuessler/
DE,Stadt Oranienburg,3,"https://oranienburg.de/Stadtleben/Bildung-Soziales/Kinderbetreuung/index.php?object=tx,2967.1&ModID=9&FID=2967.356.1&NavID=2967.13.1"
ES,Ajuntament de Gandia,3,
FI,Päiväkoti Mansikkamaa Oy,3,https://mansikkatarhat.fi/Paeivaekoti-Ahomansikka/
CH,Wombat GmbH,3,https://wombatgmbh.ch
CH,Famex AG,3,https://www.famex.ch/deutsch/kitas/tartaruga
CH,Stiftung Kindertagesstätten Bern,3,https://www.kita-laenggasse.ch
CH,Stiftung Kinderbetreuung im Hochschulraum Bern,3,https://www.kihob.ch/ueber-uns/casa-tutti-frutti/
CH,leolea,3,http://www.leolea.ch/places/loryplatz/
CH,KIBEZ Kinderbetreuung Zollikofen,3,https://www.kibez.ch/kita-wirbelwind/
DE,Stadt Gernsbach,3,"https://www.gernsbach.de/pb/,Lde/307382"
DE,Stadt Herrenberg,3,
DE,Stadt Mühlacker,3,
DE,Gemeinde Gärtringen,3,https://www.gaertringen.de/
DE,Stadt Balingen,3,
DE,AWO Baden-Baden,3,http://awo-baden-baden.de/kinder-jugendliche/kinderkrippe-eulenspiegel/
DE,Stadt Böblingen,3,"https://www.boeblingen.de/,Lde/start/BildungGesellschaft/Einrichtungen.html"
DE,Diakonisches Werk Freiburg,3,https://www.diakonie-freiburg.de/index.php?kita-und-familienzentrum-wiesengruen-1
DE,Die kleinen Strolche e.V.,3,http://www.die-kleinen-strolche-voerstetten.de
DE,Evangelische Kirche Freiburg,3,https://evangelische-kitas-freiburg.de
DE,Aktion Lebensraum e.V.,3,https://www.aktion-lebensraum.de/einrichtungen/waldkindergarten-denzlingen/
IT,Isituto comprensivo Galileo Ferraris,3,
DE,Diakonie Kempten Allgäu,3,http://www.diakonie-kempten.de/index.php?id=56
DE,Gemeinde Wiggensbach,3,https://www.wiggensbachfuerkinder.de
DE,Katholische Kirchengemeinde St. Michael,3,
FI,Porin kaupunki,3,https://www.pori.fi/kasvatus-ja-koulutus/varhaiskasvatus/paivakodit-ja-perhepaivahoito/
PT,Agrupamento de Escolas de Santiago do Cacém,3,
PT,União Mutualista Nossa Senhora da Conceição,3,http://umutualista.pt/servicos/infancia_creche-catl/centro_infantil.html
PT,Agrupamento de Escolas de Vendas Novas,3,
PT,Agrupamento de Escolas de Benavente,3,
PT,"Agrupamento de Escolas de Samora Correia, Benavente",3,https://emlista.pt/infantarios-e-creches/benavente-jardim-de-infancia-porto-alto-n-1/12734
PT,Centro de Bem Estar Social Padre Tobias,3,
DE,Stadt Warstein,3,
DE,AWO Ostwestfalen-Lippe,3,https://www.awo-kitas-owl.de/kita/kita-lilienthalstrasse
DE,Stadt Verl,3,
DE,Kath. KiTas Minden-Ravensberg-Lippe,3,https://www.kita-st-achatius.de/
DE,Evangelischer Kirchenbezirk Bernhausen,3,https://ekg-echterdingen.de/cms/kindergarten--kinderkrippe/dschungel/kontakt_79.html
DE,Gemeinde Engstingen,3,https://se-engstingen-hohenstein.drs.de/unsere-einrichtungen/engstingen/kindergarten.html
DE,Kokon gGmbH,3,http://www.kokon-tuebingen.de
DE,Evangelische Gesamtkirchengemeinde Ludwigsburg,3,https://www.evangelische-kitas-lb.de/einrichtungen/ossweil/17-kindergarten-schloss.html
DE,Casa KiTaNa gGmbH,3,https://www.casa-kitana.de/
DE,Gemeinde Ofterdingen,3,
DE,Gemeinde Hemmingen,3,https://www.bw-kita.de/lb/hemmingen-see/index.htm
DE,Stadt Fellbach,3,"https://www.fellbach.de/,Lde/start/familie_+jugend+_+bildung/kindergarten+talstrasse.html"
DE,BruderhausDiakonie,3,https://jugendhilfe.bruderhausdiakonie.de/kindertagestaetten/kinderhaus-villa-marie
DE,Gemeinde Ingersheim,3,https://www.ingersheim.de/website/de/leben/kinder_jugend/kinderbetreuung/moerikekindergarten
DE,Gemeinde Lonsee,3,
DE,Evangelische Kirchengemeinde Gomaringen,3,
DE,Stadt Erbach,3,
DE,Gemeinde Dornstadt,3,https://www.dornstadt.de/index.php?id=382
DE,Evangelische Kirchengemeinde Winnenden,3,
DE,Stadt Esslingen,3,
DE,Gemeinde Bempflingen,3,
DE,Stadt Eschborn,3,https://www.eschborn.de/leben-in-eschborn/gesellschaft-soziales-familie/familien/kindertagesstaetten/doernweg-kita/
DE,Stadt Frankfurt,3,https://frankfurt.de/service-und-rathaus/verwaltung/aemter-und-institutionen/kommunale-kinder---jugend--und-familienhilfe/kinderhaeuser/kinderhaus-nordweststadt
DE,St. Jakobus Frankfurt,3,
DE,AWO Kreisverband Siegen-Wittgenstein/Olpe,3,https://awo-siegen.de/familienzentrum-bad-laasphe
DE,Eigenbetrieb Kindertagesstätten Offenbach (EKO),3,https://www.offenbach.de/verzeichnisse/yellowpages/kitas/kita-am-hafen-28.php
DE,Verein zur Unterstützung berufstätiger Eltern e.V.,3,http://www.bvz-frankfurt.de
DE,Internationales Familienzentrum e.V.,3,https://ifz-ev.de/de/kinder/kitaskindertagespflege/kitas/kita-sachsenhausen.html
DE,EBI – Entwicklungs- und Bildungsinitiative e.V.,3,https://www.ebi-online.org/
DE,Gemeinde Grävenwiesbach,3,
DE,Diakonisches Werk für Frankfurt und Offenbach,3,https://www.diakonie-frankfurt-offenbach.de/krabbelstube-moses/
DE,Caritasverband Frankfurt e.V.,3,https://www.caritas-frankfurt.de/ich-suche-hilfe/wege-finden/kinderbetreuung/feuerwache/kindertagesstaette-feuerwache
DE,Europaschule Dr. Obermayr,3,https://krippe-kindergarten.de/hp451/Krippe-Rosengaertchen.htm
DE,Stadt Herborn,3,https://www.kitaherborn.de/
DE,Stadt Wetzlar,3,https://wetzlar.de/leben-in-wetzlar/soziales/kinder-jugendliche/kitas/kita-dalheim.php
DE,Stadt Kirchhain,3,https://www.kirchhain.de/kiga_krabbel_sonnenkinder.htm
DE,Gemeinde Wettenberg,3,
NO,Gjemnes kommune,3,https://gjemnes.kommune.no/tjenester/barnehager/barnehager-i-gjemnes/solsida-barnehage/
NO,Fjord kommune,3,https://fjord.kommune.no/
PL,Miasto Siemiatycze,3,
SE,Nacka kommun,3,https://www.nacka.se/valfard-skola/Svanhojdens-forskola/
DE,Jugendsozialwerk Nordhausen,3,
DE,Stadt Wernigerode,3,
DE,Stadt Bad Harzburg,3,
DE,Martha Waibl,3,https://www.glueckskinderkrippe.de
CH,Stadt Biel/Bienne,3,tbd
CH,Erziehungsdepartement des Kantons Basel-Stadt,3,https://schulen.edubs.ch/ps/peter/Tagesstruktur/tagesstrukturen-ps-peter
PT,Agrupamento de Escolas de Silves,3,
PT,Agrupamento de Escolas de Vila do Bispo,3,
PT,"Agrupamento de Escolas de São Teotónio, Odemira",3,
