org_name,org_type,country,countries,hq_city,hq_address,website,num_settings,num_children,revenue,ownership,decision_maker_name,decision_maker_title,decision_maker_linkedin,other_contacts,general_email,phone,background,confirmation_status,notes,lead_score,sources,region_file,personal_emails_found,email_pattern_observed,email_sources
globegarden (Stiftung globegarden),chain,CH,,Zürich,,https://www.globegarden.org,c. 60-70 Kitas/Kindergärten across German- and French-speaking Switzerland (est. 2025),"c. 4,000+",,non-profit foundation (founder-led),,,,,info@globegarden.org; familienservice@globegarden.org; humanresources@globegarden.org; career@globegarden.org; presse@globegarden.org; firmenservice@globegarden.org,+41 44 536 55 32,"Founded 2008 in Zurich; became Switzerland's largest Kita network with bilingual (German/English or French/English) concept and its own preschool/Kindergarten offering; organised as a Stiftung. Publishes a parent app and central admin platform. Hooks: largest Swiss chain, central HQ in Zurich.",Decision maker NOT confirmed by search in this session (search budget exhausted); verify via Impressum/LinkedIn before outreach.,Site counts from prior knowledge; verify.,5,https://www.kibesuisse.ch; https://www.moneyhouse.ch,dach.json,"sabine.ambord@globegarden.org (Sabine Ambord, External prevention contact); karin.nagy@globegarden.org (Karin Nagy, Payroll administration)",first.last@globegarden.org,https://www.globegarden.ch/footer-copyright/impressum; https://www.globegarden.ch/fileadmin/user_upload/globegarden-geschaeftsleitung-de.pdf
"AcadeMedia Deutschland (brands: Joki Kinderbetreuung, Espira Kinderbetreuung, Kita Luna/KTS Verwaltungs GmbH, Stepke-KiTas)",chain,DE,,München / Berlin,,https://academedia.se,"107 preschools with 8,600 places in Germany (May 2026); pipeline of 2,000-2,500 further places over 3 years","8,600 places",,"listed (AcadeMedia AB, Nasdaq Stockholm)",Dr. Kurt Berlin,Geschäftsführer (KTS Verwaltungs GmbH / Stepke; German preschool platform),,"name: Johannes Nagel; title: Geschäftsführer (KTS Verwaltungs GmbH / Stepke); name: Kristofer Hammar; title: Director of Business Development, AcadeMedia AB",info@academedia.education; hello@academedia.se,+49 (0) 30 219 158 200 (AcadeMedia Education GmbH Berlin); +46 8-794 42 00 (AcadeMedia Sweden HQ); Anja Melchior (Regional Manager Stepke Berlin/Brandenburg) 0160 980 171 44; Moritz Kirchherr (Administration Stepke) 0151 728 508 01,"AcadeMedia, Europe's largest listed education company, entered Germany in 2017 (Joki Kinderbetreuung, Munich) and added Espira, Kita Luna (KTS Verwaltungs GmbH, since 2018) and Stepke-KiTas. As of May 2026 it operates 107 preschools with 8,600 places, growing organically by 10-15 openings a year (7 new units approved Sep 2025, 5 more May 2026). In 2025 it also acquired School International Potsdam and Erfurt (incl. preschool). The German preschool operation benefited from higher voucher funding and reported improved EBITA in FY2025/26. Central German leadership (Berlin/Nagel) plus a Stockholm parent with explicit acquisition strategy make it a top-tier lead for group-wide digital tools. Hooks: standardising parent communication and admin across four brands, new-site openings.",Figures confirmed via AcadeMedia filings (Bigdata.com); MD names confirmed via Kita Luna/Stepke search.,,5,https://app.bigdata.com/documents/DF5C084AAE040C6BFC8642AB4CAED70C?cnum=1; https://app.bigdata.com/documents/2D78ABEEE598DAE22C45E72E980C9507?cnum=1; https://app.bigdata.com/documents/B0C5CE6F4511D07748A60BF4CFA8900B?cnum=29; https://www.kita-luna.de/impressum/; https://www.stepke-kitas.de/ueber-uns/konzept/stepke-kitas-traegerkonzept/,dach.json,,,https://academedia.education/kontakt/; https://academedia.education/impressum/; https://academedia.se/en/about-academedia/contact/; https://www.stepke-kitas.de/ueber-uns/kontakt-verwaltung/; https://www.stepke-kitas.de/impressum/
"Babilou Family Deutschland GmbH (brands: Denk mit! Kita, Little Giants/Kleine Riesen/Petits Géants, Wichtel Akademie, MiniMax Kids)",chain,DE,,München,München (see Impressum babilou-family.de),https://babilou-family.de,"110-120+ private Kitas in Bavaria, Baden-Württemberg, NRW, Saxony-Anhalt, Lower Saxony, Hamburg (2025)","est. 5,000-6,000 places",,"PE/infrastructure-backed (Babilou Family group, France; majority owned by Antin Infrastructure Partners since 2020 - Antin link from prior knowledge)",Christophe Fond,Geschäftsführer (Managing Director Germany),https://de.linkedin.com/company/babilou-family-deutschland-gmbh,name: Benoit Lamezec; title: Geschäftsführer (appointed 29 Aug 2025); name: Patrick Gottesleben; title: Geschäftsführer Little Giants / Giant Leap GmbH & Co. KG; name: Xavier Ouvrard; title: former Geschäftsführer (left 2025),,,"Babilou Family Deutschland is the German platform of the French Babilou Family group and describes itself as market leader in private early-childhood education in Germany. It was built by acquisitions: Little Giants (Giant Leap GmbH & Co. KG, Munich), Wichtel Akademie München (joined 1 March 2020), Denk mit! Kita (56 Kitas in Bavaria/BW) and MiniMax Kids. Combined it runs 110-120+ Kitas, with the largest cluster in Munich. Leadership changed in 2025 with Benoit Lamezec appointed MD alongside Christophe Fond, and Xavier Ouvrard leaving. Multi-brand structure means group-level IT/parent-app decisions are made in the Munich HQ, and brand integration is an obvious hook. Denk mit alone reports 2,604 places and 50+ locations; Wichtel Akademie 19 Kitas.",Confirmed by search (this session); Antin ownership from prior knowledge.,,5,"https://www.companyhouse.de/Babilou-Family-Deutschland-GmbH-Muenchen; https://www.northdata.com/Babilou%20Family%20Deutschland%20GmbH,%20M%C3%BCnchen/HRB%20213864; https://babilou-family.de/; https://www.littlegiants.de/kontakt/impressum/; https://www.wichtel-muenchen.com/en/about-us/milestones; https://www.denk-mit.de/de/ueber-uns/geschichte",dach.json,,,https://babilou-family.com/leadership-community; https://www.linkedin.com/in/cfond/; https://babilou-family.com/en/legal-notices
FRÖBEL Bildung und Erziehung gGmbH,non-profit-group,DE,,Berlin,"Alexanderstraße 9, 10178 Berlin",https://www.froebel-gruppe.de,"200+ Krippen/Kindergärten/Horte (2023-2025) across DE, plus sites in Austria (Vienna) and Poland","approx. 20,000+ (est.)",,non-profit (FRÖBEL e.V. as sole shareholder),Stefan Spieker,Geschäftsführer (CEO),https://de.linkedin.com/company/froebel-bildung-und-erziehung,name: Jakob Fritz; title: Geschäftsführung; name: Oliver Just; title: Geschäftsführung; name: Marek Körner; title: Geschäftsführung; name: Alexandra Mebus-Haarhoff; title: Geschäftsführung; name: Heike Schumann; title: Geschäftsführung,info@froebel-gruppe.de,+49 30 21235-0,"FRÖBEL is Germany's largest non-municipal, non-church Kita operator, rooted in the 1990 founding of the FRÖBEL association in Berlin after reunification. The gGmbH operates well over 200 nurseries, kindergartens and after-school centres in most German Länder and also runs Kitas in Vienna (Austria) and Poland. It is a frequent voice in national policy debates - CEO Stefan Spieker regularly comments on PISA/Kita quality and the Kita-Qualitätsgesetz. FRÖBEL is a member of the Netzwerk Bildung Digital and runs an internal digitalisation programme (tablet-based documentation, own e-learning platform, digital Bildungsdokumentation). Six-person Geschäftsführung with clear functional split, which makes it a strong central-decision target. Hooks: staff shortage, digital documentation/parent communication at scale, multi-Länder compliance.",Confirmed by search (this session).,,5,https://de.wikipedia.org/wiki/Fr%C3%B6bel-Gruppe; https://www.froebel-gruppe.de/verein/gremien; https://www.froebel-gruppe.de/aktuelles/news-single/artikel/froebel-geschaeftsfuehrer-stefan-spieker-zu-pisa-kita-system-staerken-statt-es-zu-schwaechen; https://www.netzwerk-bildung-digital.de/partner/froebel-bildung-und-erziehung-gemeinnuetzige-gmbh/; https://www.kita.de/traeger/21229/kitas,dach.json,"spieker@froebel-gruppe.de (Stefan Spieker, Geschäftsführer / Vorsitzender des Vorstands)",last@domain,https://froebel-gruppe.de/impressum; https://www.froebel-gruppe.de/en/about-froebel/froebel-bildung-und-erziehung-ggmbh
kitea (merger of Kinderzentren Kunterbunt gGmbH + Villa Luna Kindertagesstätten) - Klett Gruppe,chain,DE,,Nürnberg,"Carl-Schwemmer-Straße 9, 90427 Nürnberg (regional office: Zitelmannstraße 22, 53113 Bonn)",https://kitea-kids.de,110+ Kitas in Germany (2026),"approx. 7,890 (2026)",,"corporate-owned (Ernst Klett AG / Klett Gruppe, since 2017)",Dr. Jürgen Reul,Geschäftsführer (Vorsitz) / founder,https://de.linkedin.com/company/kinderzentren-kunterbunt-ggmbh,name: Annette Holtmann; title: Geschäftsführerin,info@kinderzentren.de,+49 911 470500-0,"Kinderzentren Kunterbunt was founded in 1998 in Nuremberg by Dr. Jürgen Reul as a non-profit operator of company-affiliated and public Kitas; it has been part of the Klett education group since 2017. Villa Luna, a bilingual Kita brand founded 2005 in Düsseldorf, was also acquired by Klett. In the first half of 2026 the two were merged under the new brand 'kitea', jointly caring for c. 7,890 children at 110+ sites, keeping the existing leadership (Reul as chairman, Holtmann as co-MD). Kinderzentren Kunterbunt had already standardised IT infrastructure across 103 sites (e.g. a unified print fleet project), signalling central procurement. The rebrand/merger creates a natural window for group-wide software, parent-communication and process harmonisation. Klett backing gives budget and a professional HQ in Nuremberg with a Bonn regional office.",Confirmed by search (this session).,,5,https://www.mynewsdesk.com/de/ernst-klett-ag/pressreleases/kitea-startet-2-kita-traeger-aus-der-klett-gruppe-buendeln-ihre-kraefte-in-der-fruehkindlichen-bildung-3419312; https://www.klett-gruppe.de/newsroom/detailansicht/kitea-startet-2-kita-traeger-aus-der-klett-gruppe-buendeln-ihre-kraefte-in-der-fruehkindlichen-bildung; https://kitea-kids.de/ueber-uns/geschichte/; https://kinderzentren.de/verwaltungs-team/; https://kinderzentren.de/impressum/; https://mr-daten.de/referenzen/einheitliche-druck-umgebung-kinderzentren-kunterbunt-ggmbh/; https://pitchbook.com/profiles/company/57238-12,dach.json,,,https://kitea-kids.de/impressum/; https://kitea-kids.de/en/familienzentrum-kitea-koeln-ehrenfeld/
Clece Escuelas Infantiles / Koala Soluciones Educativas S.A.,public-concession operator (municipal & regional 0-3),ES,,Madrid,Madrid,https://clece.es,113 escuelas infantiles managed (Clece social report),"~9,000 children",,Subsidiary of Clece S.A. (ACS Group); Koala Soluciones Educativas is Clece's education subsidiary,,,,Irene Espinosa - director EI La Pecera (Ceuta); Elena Fernández - director EI Los Olivos (Alcalá de Guadaíra); Idayra Beltrán - pedagogical director EI Sanipeques,info@eikoala.es,983427900,"Clece, the services arm of ACS, is Spain's largest operator of publicly owned escuelas infantiles under administrative concession, running 113 centres for around 9,000 children across regions from Canarias to Cataluña and Ceuta/Melilla. Contracts are won via UTEs (e.g. with Koala Soluciones Educativas, Selectia) from municipalities and autonomous communities. Koala provides the pedagogical model, bilingual programmes and extracurriculars. Because supplies are procured centrally under tender specifications, the Infancia division at HQ is the key buyer.",,Division head not confirmed.,5,https://clece.es/memoriasocial/es/infancia.html; https://www.elespanol.com/branded/clece-escuelas-infantiles/; https://clece.es/es/2021/06/28/ensenar-a-los-ninos-a-desarrollarse-con-actividades-y-metodologias-innovadoras-clave-en-koala-escuelas-infantiles/; https://empresite.eleconomista.es/KOALA-SOLUCIONES-EDUCATIVAS.html,south.json,,,https://empresite.eleconomista.es/KOALA-SOLUCIONES-EDUCATIVAS.html; https://www.einforma.com/informacion-empresa/koala-soluciones-educativas
Nemomarlin Escuelas Infantiles (Nemomarlin Franchise S.L.),private chain / franchise (0-3 bilingual),ES,,Madrid,Madrid (HQ address not confirmed),https://www.escuelanemomarlin.com,"41-43 centres (2025-26, sources vary)","3,000+ pupils (company claim)",,"Private, franchise system; parent Nemomarlin Franchise S.L. (constituted 2008)",Héctor Díaz Reimóndez,Consejero Delegado (CEO) / Administrador Único,,"Noemí García González - Nemomarlin Franchise (LinkedIn, role not confirmed)",info@escuelanemomarlin.com,,"Nemomarlin is Spain's largest branded 0-3 escuela infantil network, born in Madrid in 2002 and franchising since 2009. It operates 41-43 bilingual (Spanish/English) centres authorised by regional education authorities, mainly in Madrid, Catalonia, Andalusia and Galicia, with more than 3,000 pupils. Growth has averaged four openings a year, mixing own centres and franchisees. The company sells a standardised pedagogical plan, extended hours and safety standards. Central purchasing and franchise-wide services make the HQ a single decision point for group-wide suppliers.",,CEO name confirmed in press (Diario de Rivas) and registry (partial 'Hector D...').,5,https://www.escuelanemomarlin.com/; https://quefranquicia.com/montar/nemomarlin-escuelas-infantiles-ensenanza-formacion-abrir/; https://www.iberinform.es/empresa/2511867/nemomarlin-franchise; https://www.diarioderivas.es/escuela-infantil-nemomarlin-rivas-vaciamadrid/; https://es.linkedin.com/company/nemomarlin-franchise,south.json,,,https://escuelanemomarlin.com/; https://rocketreach.co/hector-diaz-reimondez-email_311080037
Babilou Family (Babilou / Evancia),crèche chain (international group),FR,,Bois-Colombes / Courbevoie,"21 avenue Dubonnet, 92400 Courbevoie (Evancia operating entity: Bois-Colombes)",https://www.babilou.fr,"500+ own crèches in France + ~3,200 partner crèches; ~1,200 crèches worldwide (2023-2025)","78,000 children/day worldwide (2025)",,PE-backed / family-controlled (Antin Infrastructure Partners took a majority stake in 2020; Carle family founders retain stake),Xavier Ouvrard,"PDG / CEO, Babilou Family",,Stéphanie Baragnon (Directrice Générale Evancia since Aug 2025); Morgane Weill (DG Evancia per 2026 filing); Remko Berkel (CEO Babilou Family Nederland),,,"Babilou was founded in 2003 by brothers Rodolphe and Edouard Carle and grew into France's largest private crèche network under the operating company Evancia. In 2020 Antin Infrastructure Partners took control, and the group rebranded as Babilou Family with operations in France, Germany, Switzerland, Luxembourg, Belgium, the Netherlands (BLOS), the UAE, Singapore, India and the USA. Babilou is an 'entreprise à mission' positioned around 'Éducation Durable' and accommodates about 78,000 children per day worldwide as of 2025. The French network combines 500+ owned crèches with a 3,200-strong partner network sold to employers as reserved places. Management changes at Evancia in 2025-2026 (new Directrices Générales) suggest an operational re-organisation window. The group has been under sector scrutiny (parliamentary inquiry 2024, quality reforms, 2025 micro-crèche decree) and is investing in quality and digital parent communication. Hook: multi-country group with central purchasing; a supplier win at group level cascades to hundreds of sites.",,,5,https://www.babilou.fr/decouvrez-babilou/qui-sommes-nous; https://babilou-family.com/; https://www.pappers.fr/entreprise/evancia-447818600; https://fr.wikipedia.org/wiki/Babilou,fr_benelux.json,,,https://www.babilou.fr/espace-presse/xavier-ouvrard-nomme-president-directeur-general-de-babilou-family; https://www.babilou.fr/sites/default/files/2021-01/Nomination%20Xavier%20Ouvrard.pdf; https://www.babilou.fr/aide-contact
"Babilou Family (Babilou, Evancia, educcare, Kleine Riesen/Little Giants, Babilou Family Deutschland)",multi-country-platform,FR,FR; DE; BE; LU; CH; IT; ES; AE; SG; IN; US; BR,Paris,"Paris, France (street not confirmed)",https://babilou-family.com/,"~1,200 structures worldwide (2025); >3,700 partner crèches in France","70,000+ families per year","EUR 865m (Babilou Family Holding, FY2023, Pappers)",Antin Infrastructure Partners (majority since Aug 2020); founders Rodolphe & Edouard Carle minority; Cobepa exited 2020,Christophe Fond,Group CEO (since July 2024),https://www.linkedin.com/in/cfond/,"name: Alexandra Schuster; title: CEO Deutschland, Babilou Family Deutschland GmbH (LinkedIn); name: Patrick Gottesleben; title: Geschäftsführer Babilou Family Deutschland (registered Mar 2026); name: Benoit Lamezec; title: Geschäftsführer Babilou Family Deutschland (Aug 2025); name: Michael Bergmann; title: Geschäftsführer littlebigFuture gGmbH (Babilou DE non-profit vehicle)",info@babilou-family.com; presse@babilou-family.com,,"Babilou was founded in 2003 by brothers Rodolphe and Edouard Carle and became the largest private crèche operator in France before starting international expansion in 2013 (Belgium), then Germany, Dubai and Switzerland in 2015, and the US, Asia and Latin America in 2018. In Germany it consolidated educcare, Kleine Riesen/Little Giants, Kids Company and others under Babilou Family Deutschland GmbH (Munich), about 31+ Kitas under the Little Giants brands plus the littlebigFuture non-profit vehicle. Antin Infrastructure Partners bought a majority in August 2020 from Cobepa and TA Associates, framing crèches as infrastructure-like assets. Christophe Fond was appointed CEO in July 2024 and is also a registered Geschäftsführer of the German entity, signalling tighter group control. Babilou Family Holding reported EUR 865m revenue for 2023 and now describes itself as present in 10-12 countries with ~1,200 structures and 13,600 professionals. The group has invested in a proprietary parent app and the Evancia/1001crèches marketplace for employer-funded places, and in Germany it rotated management in 2025-2026 (Lamezec, Gottesleben). French regulatory pressure (IGAS reports on private crèches, 2023-2025) has pushed all majors to invest in quality monitoring and transparency toward parents. Hooks for vendors: multi-country parent communication, occupancy/waiting-list tooling, HR/rostering across 1,200 sites, and Germany-specific Kita admin/billing integration.",confirmed via search,,5,https://www.antin-ip.com/investments/babilou-family; https://www.babilou.fr/decouvrez-babilou/notre-organisation; https://www.pappers.fr/entreprise/babilou-family-holding-889271615; https://www.lesprosdelapetiteenfance.fr/un-nouveau-pdg-nomme-a-la-tete-de-babilou-family/; https://babilou-family.de/; https://www.linkedin.com/in/alexandra-schuster-323641137/; https://www.littlegiants.de/en/about-us/,paneuro.json,,,https://babilou-family.com/en/contact-us; https://babilou-family.com/en/legal-notices; https://babilou-family.com/leadership-community; https://babilou-family.com/press-release-monday-8th-of-july-2024
Grandir Group (Les Petits Chaperons Rouges / Grandir UK / Grandir Deutschland / Liveli),multi-country-platform,FR,FR; GB; DE; CA; US,Paris (Clichy),"Clichy (Hauts-de-Seine), France - exact street not confirmed",https://www.grandir.com/,"1,092 nurseries & preschools (2025, group site)","48,000+ children/day (2025)","not disclosed in search; est. > EUR 800m (2024, prior knowledge - verify)","InfraVia Capital Partners (majority, 2022) alongside founder Jean-Emmanuel Rodocanachi; previously Bpifrance/Ardian-related minority (verify)",Jean-Emmanuel Rodocanachi,Founder & Group CEO,https://fr.linkedin.com/in/rodocanachi,title: CEO Grandir UK (Kiddi Caru / First Place etc.) - not confirmed; title: Geschäftsführer Grandir Deutschland - not confirmed; title: Group CDO/CIO - not confirmed,contact@grandir.com (unverified),,"Grandir was founded in 2000 by Jean-Emmanuel Rodocanachi as Les Petits Chaperons Rouges (LPCR), the first French private crèche network, and rebranded the holding to Grandir in 2018 as it internationalised. Between 2015 and 2020 it bought Kiddi Caru (UK, 2018), Kinderzentren Kunterbunt-style German regional operators, and Canadian/US chains (BrightPath in Canada), building a five-country platform. In 2022 it acquired Sodexo's Crèche Attitude/Liveli (approx. 320 directly-run crèches plus 1,200 partner crèches), cleared by the Autorité de la concurrence without remedies, making it the #1 private crèche operator in France. Also in 2022 InfraVia Capital Partners took a majority stake alongside the founder, positioning childcare as a 'social infrastructure' asset. Grandir UK has grown via serial bolt-ons (First Place Nurseries trio, seven South of England nurseries) to about 99 settings in England by 2025. The group now reports 1,092 nurseries, 14,000 staff and 48,000+ children daily. Digital: LPCR runs a proprietary parent app and centralised CRM/booking; German and UK arms have used different vendors (UK groups typically Famly/Blossom/iConnect - vendor for Grandir UK not confirmed). Hooks for vendors: post-merger harmonisation of parent apps across France (LPCR + Liveli), UK and Germany; occupancy and staffing pressure in the UK; IGAS/regulatory scrutiny of French private crèches since 2023-2024 creating demand for quality-reporting tools. Group decisions are centralised in Paris with strong country MDs; sell at group CDO level for platform deals and at country MD level for pilots.",confirmed via search 2025,,5,https://www.grandir.com/; https://infraviacapital.com/companies/grandir/; https://www.nurseryworld.co.uk/content/news/grandir-acquires-chain-of-three-sites-growing-to-99-nurseries; https://www.autoritedelaconcurrence.fr/en/communiques-de-presse/autorite-de-la-concurrence-clears-acquisition-liveli-daycare-centres-grandir; https://fr.linkedin.com/in/rodocanachi,paneuro.json,,,https://fr.linkedin.com/in/rodocanachi; https://www.grandir.com/; https://fr.wikipedia.org/wiki/Grandir_(entreprise)
Grandir – Les Petits Chaperons Rouges (LPCR),crèche chain (international group),FR,,Clichy (Hauts-de-Seine),"6 allée Jean Prouvé, 92110 Clichy",https://www.lpcr.fr,"800+ own crèches + 2,160 partner crèches in France (2025); Grandir group also operates in UK (Kids Planet? no – Grandir UK), Germany, Canada, USA","25,000+ children/day in France",,founder-led with PE minority (Jean-Emmanuel Rodocanachi; Bpifrance / Vivalto? – verify current cap table),Sacha Tikhomiroff,"Directeur Général, Les Petits Chaperons Rouges",,"Sandra Hazelart (Directrice Générale, Comex France per LPCR site); Jean-Emmanuel Rodocanachi (Président fondateur, Grandir)",,,"Les Petits Chaperons Rouges was created in 2000 and is the French flagship of the Grandir group, the second-largest private crèche operator in France. In 2025 it counts more than 800 owned crèches, 2,160 partner crèches, 9,000 employees and 25,000+ children welcomed daily. LPCR was certified Top Employer in 2025 and has doubled the number of crèches carrying its 'crèche engagée' CSR label. It keeps opening new sites (Saint-Nazaire, Clichy, Nice, Versailles, Couëron in 2024-2025). Grandir also operates internationally (Grandir UK, Germany, North America). The group is investing in staff retention and quality after the 2023-2024 sector controversies and parliamentary inquiry. Hook: strong central marketing/communication function and a large multi-site estate with standardised tooling.",,,5,https://www.lpcr.fr/nous-decouvrir/a-propos-des-petits-chaperons-rouges/; https://www.lpcr.fr/actualites-presse/les-petits-chaperons-rouges-certifies-top-employer-en-2025/; https://fr.linkedin.com/company/les-petits-chaperons-rouges,fr_benelux.json,,,https://fr.linkedin.com/in/stikhomiroff
La Maison Bleue,crèche chain (international group),FR,,Boulogne-Billancourt,"31 rue d'Aguesseau, 92100 Boulogne-Billancourt",https://www.la-maison-bleue.fr,"~369 own crèches in France (2023, IGAS) ; ~2,000 crèches and micro-crèches incl. partner network in France, Switzerland, Luxembourg, UK","~20,000 children/day",,PE-backed (Antin Infrastructure Partners majority since 2021; founders retain stakes),Antonia Ryckbosch,Co-founder & Directrice Générale / Managing Director,,Sylvain Forestier (co-founder & Président),,,"La Maison Bleue was founded in 2004 by Sylvain Forestier and Antonia Ryckbosch and is the fourth-largest crèche group in France by number of sites. It runs around 369 owned crèches in France (59% in Île-de-France, ~10,900 places in 2023) plus a large partner network, and has subsidiaries in Switzerland, Luxembourg and the UK. Antin Infrastructure Partners became majority shareholder in 2021 and the group has made bolt-on acquisitions such as Kids Up. In 2025 IGAS published the first-ever inspection report of a private crèche group, targeting La Maison Bleue, which puts quality, staffing and transparency at the top of the agenda. The group is also expanding in Geneva and Romania. Hook: reputation/quality push after IGAS report creates appetite for tools that improve parent communication and documentation.",,,5,https://igas.gouv.fr/controle-du-groupe-de-creches-privees-la-maison-bleue; https://www.crunchbase.com/person/antonia-ryckbosch; https://www.lemondedudroit.fr/deals/76450-racine-conseille-le-groupe-la-maison-bleue-dans-le-cadre-de-l-acquisition-du-groupe-kids-up.html,fr_benelux.json,,,https://www.crunchbase.com/person/antonia-ryckbosch; https://getprospect.com/business-directory/la-maison-bleue-fr
"Busy Bees Nurseries (Busy Bees Group, incl. Giraffe Childcare IE, Busy Bees Italy, Canada, US, AU, NZ, SG, MY, VN)",multi-country-platform,GB,GB; IE; IT; CA; US; AU; NZ; SG; MY; VN,"Burntwood, Staffordshire","Burntwood, Staffordshire, England",https://www.busybeeschildcare.co.uk/,~910+ nurseries across 10 countries (2023-2025),,"not confirmed (Busy Bees Nurseries Ltd UK revenue ~GBP 400m+, prior knowledge)",Ontario Teachers' Pension Plan (majority since 2013); Temasek (minority since 2017); management minority,Peter Gowers,Group CEO (since 8 July 2025),,name: Robert Walker; title: Chair; name: Simon Irons; title: Former Group CEO (stepped down 2025); name: Marg Randles; title: Co-founder / former Group CEO,hello@busybees.com,01543 678450,"Busy Bees was founded in 1983 in Staffordshire by John and Margaret Randles (with Simon Irons joining as CEO), and became the UK's largest nursery chain. Ontario Teachers' acquired it in October 2013 and, with Temasek joining in 2017, funded international expansion from 230 UK nurseries to about 910 across ten countries by 2022-2023, including Singapore, Malaysia, Vietnam, Australia, New Zealand, Canada, the US (Malvern Group, 2023), Ireland (Giraffe Childcare) and Italy. In May 2025 the board appointed Peter Gowers, ex-Europcar and Travelodge CEO, as Group CEO from July 2025, replacing founder-era CEO Simon Irons - a classic professionalisation move ahead of an eventual exit or refinancing. Busy Bees historically built its own systems (it developed an in-house parent app, 'Busy Bees Bookings' etc.) and its Asian arm uses different platforms, so a group-wide digital rationalisation is plausible under new leadership. Hooks: new CEO with a hospitality/consumer background focused on brand, occupancy and unit economics; UK funded-hours expansion; multi-country IT harmonisation; Ontario Teachers' typical 10-12 year hold suggests exit preparation 2026-2027.",confirmed via search,,5,https://expressandstar.com/news/business/2025/05/19/busy-bees-nurseries-announces-new-group-ceo; https://www.otpp.com/en-ca/about-us/news-and-insights/portfolio-insights/busy-bees-nurseries-partnering-in-global-growth/; https://thesector.com.au/article/global-leadership-change-at-busy-bees; https://en.wikipedia.org/wiki/Busy_Bees_Nurseries,paneuro.json,,,https://busybeestraining.co.uk/contact; https://www.busybeeschildcare.co.uk/contact-head-office; https://www.busybeeschildcare.co.uk/management-team
Vaikystės sodas (UAB Vaikystės sodas) - Globeducate,private kindergarten chain (largest in Lithuania),LT,,Vilnius,Vilnius,https://vaikystes-sodas.lt,"11 kindergartens (2025: 7 Vilnius, 1 Kaunas, 1 Klaipėda, 1 Panevėžys + new Naujamiestis)",,,Founded 2010 by Austėja Landsbergienė; acquired 2025 by Globeducate (Spain/Wendel) via Nuevo Agora Centro de Estudios,Tomas Deržanauskas,Director (UAB director),,Founder Austėja Landsbergienė (sold to Globeducate),info@vaikystes-sodas.lt,+370 699 87949,"Vaikystės sodas is Lithuania's largest private kindergarten network with 11 units for ages 1-6, using a research-based curriculum. Founded in 2010 by Dr Austėja Landsbergienė, it was acquired in 2025 by the Spanish education group Globeducate together with Karalienės Mortos school. FY2024 revenue was EUR 5.67m with EUR 1.365m profit. Tomas Deržanauskas is the company director. The Globeducate ownership opens group-wide procurement across 60+ schools internationally. Top lead in the Baltics.",,,5,https://vaikystes-sodas.lt/kontaktai/; https://www.lrt.lt/en/news-in-english/19/3025329/spain-s-globeducate-to-acquire-lithuanian-private-school-and-kindergarten-network; https://okredo.com/lt-lt/imone/uab-vaikystes-sodas-302602019,other.json,,,https://vaikystes-sodas.lt/kontaktai/; https://okredo.com/en-lt/company/uab-vaikystes-sodas-302602019/manager/tomas-derzanauskas
CreaKids (Dibber Latvia),private kindergarten chain (part of Dibber group),LV,,Riga,Riga,https://www.creakids.lv,"5 branches (Ķengarags, Purvciems, Centrs, Sāga + 5th under development)",,,Owned by Dibber (Norway) group; local company SIA CreaKids 40103321094,Daina Kājiņa,Head of CreaKids / board member,,Hanss Jacobs listed as owner in Latvian registry (Dibber-linked),info@creakids.lv,+371 24603000,"CreaKids is a Riga private preschool network that is part of the Norwegian Dibber early-childhood group. It has several branches (Ķengarags, Purvciems, Centre, Sāga) with a fifth under Daina Kājiņa's leadership. Daina Kājiņa is the head and board member. Dibber also operates kindergartens in Estonia and Lithuania, so a group-level deal is possible. Well-funded international owner. High-priority lead.",,,5,https://www.creakids.lv/; https://www.firmas.lv/lv/uznemumi/creakids/40103321094; https://www.mammamuntetiem.lv/gimene-un-attiecibas/intervijas/48891/creakids-vaditaja-daina-kajina-krize-pirmsskolam-ir-iespeju-un-ieguvumu-laiks,other.json,,,https://katalogs-iksd.riga.lv/lv/Iestade/CREAKIDS; https://www.creakids.lv/; https://www.firmas.lv/lv/uznemumi/creakids/40103321094
Humankind (ex Kinderopvang Humanitas),non-profit kinderopvang chain,NL,,Heerlen,Heerlen,https://www.humankind.nl,"485-550 locations, 20,939 child places (LRK)",,,non-profit (stichting),Robin Alma,Bestuurder,,,info@humankind.nl,,"Kinderopvang Humanitas rebranded as Humankind, kinderopvang en -ontwikkeling, and is the second-largest childcare organisation in the Netherlands and the largest non-profit one. Stichting Humankind manages roughly 485-550 locations with ~21,000 child places nationwide (KDV, peuteropvang, BSO). It periodically transfers or acquires clusters of locations (e.g., Waddinxveen sites to Quadrant Kindercentra). As a stichting it emphasises social mission and affordability. Hook: large non-profit with central IT/pedagogy functions; bestuurder confirmed.",,,5,https://www.kinderopvang-wijzer.nl/stichting-humankind/; https://www.humankind.nl/; https://nl.linkedin.com/company/kinderopvang-humanitas,fr_benelux.json,,,https://www.humankind.nl/contact; https://www.humankind.nl/organisatie; https://www.humankind.nl/actueel/humankind-verwelkomt-nieuwe-bestuurder; https://www.linkedin.com/in/robinalma/
"Partou (Partou Group, incl. KidsFoundation)",kinderopvang chain (largest NL),NL,,Hoofddorp,Hoofddorp,https://www.partou.nl,935 locations (2025 annual report); 7.42% of all NL childcare places (Dec 2025),"~83,000 children in Europe",,PE-backed (Onex Partners and Waterland),,CEO Partou Group (not confirmed); Marcello Iacono = Group CFO,,"Marcello Iacono (Group CFO); Jeanine Lemmens (former KidsFoundation CEO, now Smallsteps)",,,"Partou is the largest childcare organisation in the Netherlands, formed by the 2019 merger of Partou and KidsFoundation (approved by ACM subject to divesting three locations). Its shareholders are Onex (Canada) and Waterland; the group has also expanded into the UK (Partou UK, ex-Just Childcare/All About Children) and Germany. Partou Group reports 935 locations, 14,500+ employees and ~83,000 children across Europe. It holds 7.42% of all Dutch childcare places at end-2025 and continues bolt-on acquisitions. Private-equity ownership of childcare is a political topic in NL (BMK, De Groene), and the 2027 near-free childcare reform is reshaping demand. Hook: group-level procurement of parent app, marketing and site-level tooling; CEO not confirmed.",,decision maker not confirmed by search in this session (search budget exhausted); verify before outreach,5,https://nl.wikipedia.org/wiki/Partou; https://www.acm.nl/nl/publicaties/kinderopvang-kidsfoundation-en-partou-mogen-samengaan-als-zij-drie-locaties-verkopen; https://www.kinderopvang-wijzer.nl/top-100-grootste-kinderopvangorganisaties-december-2025/,fr_benelux.json,,,https://partou.nl/en/executive-board/; https://rocketreach.co/marcello-iacono-email_70168821
"Partou Group (Partou NL, Partou UK, Partou Germany)",multi-country-platform,NL,NL; GB; DE,Amsterdam,"Amsterdam, Netherlands",https://www.partou.nl/,900+ locations NL+UK (2024-2025); 106 UK settings after Just Childcare + All About Children merger (2024),"70,000+ children","not confirmed (est. EUR 700m+, prior knowledge)","Waterland Private Equity (sole PE owner via dedicated Dutch fund since 2022; Onex exited 2022). Formed by merger of Partou and KidsFoundation (2019-2020, EU merger case M.9342)",Jeanine Lemmens,CEO / bestuursvoorzitter Partou (verify still in role 2026),,"name: Samantha Rhodes; title: UK Managing Director, Partou UK - confirmed; name: Rob Kempen; title: Manager M&A, Partou - LinkedIn",online@partou.nl; support@partou.nl,,"Partou is the largest commercial childcare organisation in the Netherlands, formed from Waterland's Partou and Onex's KidsFoundation (Smallsteps, Kindergarden? no - Smallsteps and others), cleared by the European Commission in 2019 as case M.9342. In 2022 Waterland moved the group into a dedicated 'socially responsible' Dutch fund and Onex exited, addressing political concern in the Dutch parliament about private equity in childcare. Partou entered the UK by acquiring Just Childcare (2021) and All About Children (2023), merging them under the Partou UK brand in 2024 with 106 settings led by Samantha Rhodes, and has continued bolt-on acquisitions in 2025. Partou Group also describes a German organisation, though details were not confirmed. In the Netherlands Partou uses a parent app and the 'Konnect' / KidsKonnect-type platforms common in the sector (vendor not confirmed). Dutch policy shift toward near-free childcare (planned 2027, subject to delays) and staff shortages are core strategic themes. Hooks: three-country parent-engagement harmonisation, UK integration of two legacy groups, occupancy planning, and Waterland's build-and-buy approach which values scalable central systems.",confirmed via search (historic),,5,https://nl.wikipedia.org/wiki/Partou; https://www.waterlandpe.com/childcare-organisation-partou-in-socially-responsible-dutch-ownership/; https://ec.europa.eu/competition/mergers/cases1/202504/M_9342_6673636_63_5.pdf; https://www.nurseryworld.co.uk/content/news/nursery-groups-just-childcare-and-all-about-children-merge-under-ownership-of-partou; https://nmt-magazine.co.uk/partou-uk/; https://managementscope.nl/magazine/artikel/5315-partou-kinderopvang-private-equity,paneuro.json,,,https://www.linkedin.com/in/jeanine-lemmens-westerink-78311b7/; https://www.kinderopvangtotaal.nl/jeanine-lemmens-van-partou-over-private-equity-er-wordt-een-valse-tegenstelling-geschetst/; https://www.trustpilot.com/review/partou.nl
Smallsteps,kinderopvang chain,NL,,Amsterdam,Amsterdam,https://www.smallsteps.nl,"668 registered locations (337 KDV, 331 BSO), 32,593 child places (LRK)",,,PE-backed (verify; part of a PE-owned group),Jeanine Lemmens,Algemeen Directeur,,,,,"Smallsteps is one of the largest Dutch childcare chains with 668 LRK-registered locations and ~32,600 child places across 95 municipalities, concentrated in Amsterdam, Leiden and Hengelo. Jeanine Lemmens (formerly KidsFoundation) is Algemeen Directeur. The chain has historically been PE-owned and has been discussed in Dutch media on private equity in childcare. Hook: national footprint with a central parent-app and marketing stack.",,,5,https://www.kinderopvang-wijzer.nl/smallsteps-b-v/; https://www.linkedin.com/company/smallsteps-b-v-,fr_benelux.json,,,https://rocketreach.co/jeanine-lemmens-westerink-email_6622332; https://nl.linkedin.com/company/smallsteps-b-v-
Dibber AS (international HQ),international group,NO,,Oslo / Jessheim,"Jessheim (business address), Oslo (registered seat)",https://dibber.com,"610 kindergartens and schools in 10 countries (2025): NO, SE, FI, DE, PL, LV, UAE, ZA, IN","~45,000",,founder-owned (HJR Holding AS - Sundby family),Hans Jacob Sundby,"CEO & co-founder, Dibber",,Randi Sundby - co-founder,contact@dibberfamily.com,,"Dibber is the international umbrella of the Sundby family's kindergarten business, born from Læringsverkstedet. It runs 610 units in ten countries with 12,000 employees, and expanded to India (Hyderabad launch; named 'preschool chain of the year' in India 2025 per NHO Geneo). Member of NHO Geneo in Norway. Exports the 'Norwegian kindergarten model' internationally. Publishes transparency reports for HJR Holding/Dibber AS. Hook: centralized group functions for procurement and digital platforms across countries.",,verified via WebSearch snippet (2026-09),5,https://www.nhogeneo.no/artikler/2025/dibber-er-karet-til-arets-forskolekjede-i-india/; https://www.barnehage.no/dibber-india-internasjonalt-samarbeid/tar-den-norske-barnehagemodellen-ut-i-verden-norge-kan-vaere-superstolt/268974; https://laringsverkstedet.no/assets/lv/site/uploads/documents/%C3%85penhetsrapport-HJR-Konsern-2.pdf,nordics.json,,,https://www.dibber.com/contact; https://www.dibber.com/about-us
Dibber Group / Læringsverkstedet,multi-country-platform,NO,NO; SE; FI; DK; DE; PL; LV; ZA; IN; HK; AE,Jessheim (Ullensaker),"Jessheim, Norway",https://www.dibber.com/,610 kindergartens and schools in 10 countries (2025); 247 kindergartens + 4 schools in Norway,"~45,000","NOK 7.4bn (Læringsverkstedet, 2023)",Founders Hans Jacob Sundby and Randi Lauvland Sundby (family-owned),Morten Vårdal,"Group CEO, Dibber",,name: Hans Jacob Sundby; title: Founder / owner; name: Randi Lauvland Sundby; title: Founder / owner; title: Global COO (appointed per Dibber press release; name not captured),app@dibber.com,,"Læringsverkstedet was founded in 2003 by the Sundby couple and became Norway's largest private kindergarten operator, notably buying 146 kindergartens in one 2016 deal. Its international brand Dibber (launched 2018) now runs 610 kindergartens and schools with 12,000 employees across Norway, Sweden, Finland, Denmark, Germany, Poland, Latvia, South Africa, India, Hong Kong and the UAE. Revenue was NOK 7.4bn in 2023 and it is repeatedly named among Norway's largest 'welfare profiteers' by critics. Dibber exports a 'Norwegian kindergarten model' (recently awarded preschool chain of the year in India) and has appointed a global COO to standardise operations. Digital: Dibber has built its own 'Dibber app' and parent platform across countries (prior knowledge - verify), reducing appetite for third-party parent apps but creating demand for integrations, analytics and HR tools. Hooks: fast-growing international arm needing multilingual parent communication, a central group structure in Norway that makes single-decision rollouts possible, and continued acquisitions in Germany/Poland/Latvia.",confirmed via search,,5,https://www.dibber.com/pressrelease/dibber-appoints-its-global-coo; https://velferdsstaten.no/2025/08/30/norges-storste-velferdsprofitorer-2-laeringsverkstedet-dibber-hjr-gruppen/; https://no.wikipedia.org/wiki/L%C3%A6ringsverkstedet; https://www.nhogeneo.no/artikler/2025/dibber-er-karet-til-arets-forskolekjede-i-india/; https://www.proff.no/selskap/l%C3%A6ringsverkstedet-gruppen-as/jessheim/barnehager-parker-og-dagmammaer/IDNVEVA10LX,paneuro.json,"morten.vardal@dibberfamily.com (Morten Vårdal, Group CEO, Dibber)",,https://www.linkedin.com/in/mortenvardal/; https://www.dibber.com/pressrelease/dibber-appoints-its-global-coo
Espira Gruppen AS (AcadeMedia Norge),chain,NO,,Oslo,Oslo,https://espira.no,101-107 barnehager (2025),"~9,500",,"listed (AcadeMedia AB, Nasdaq Stockholm)",Marit Lambrechts,"Administrerende direktør, Espira",,,kontakt@espira.no,,"Espira ('Kunnskapsbarnehagen') is Norway's 4th-largest private barnehage operator, owned by listed Swedish education group AcadeMedia since 2014. It runs 101-107 barnehager with ~9,500 children and 2,700+ staff; revenue ~NOK 2.2bn. Passed 100 units by taking over five Albagruppen kindergartens. Listed as 5th-largest welfare-profit operator in 2025 (velferdsstaten.no). Uses Mynewsdesk for press. Hook: part of a listed group with formal procurement; AcadeMedia has ~300 preschools across NO/SE/DE.",,verified via WebSearch snippet (2026-09),5,https://espira.no/om-espira; https://velferdsstaten.no/2025/08/28/norges-storste-velferdsprofitorer-5-espira-academedia-norge-as/; https://www.barnehage.no/alba-espira-oppkjop/espira-bikker-100---overtar-driften-av-fem-nye-barnehager/110743,nordics.json,,,https://www.nhogeneo.no/artikler/2022/espira-blir-medlem-i-nho-geneo/; https://rocketreach.co/marit-lambrechts-email_16781000
FUS barnehagene / Trygge Barnehager AS,chain,NO,,Haugesund,"Haugesund, Norway",https://fus.no,178 barnehager (2025),"13,000+ daily",,"founder-owned (SFR Holding AS: Eli Sævareid 50% via Vanadis AS, Sigurd Steen Aase 50% via Bifrost og Draupne AS)",Eli Sævareid,"Founder & CEO, Trygge Barnehager (owner of FUS)",,Sigurd Steen Aase - co-owner,,,"Trygge Barnehager is an entrepreneur company that has built 500+ barnehager since the 1980s; in 2007 the operations were branded FUS barnehagene, now 178 units and 13,000+ children. In 2022 Trygge Barnehager sold 142 barnehage buildings to a Swedish buyer (sale-and-leaseback) and separated 83 barnehager into own companies. Listed as Norway's 3rd-largest welfare-profit operator by velferdsstaten.no (2025); reported profit of NOK 923m in a prior year. Own tariff area with Utdanningsforbundet. Digital: parent app not confirmed. Hook: large, centrally managed chain with a tight owner-CEO decision path.",,verified via WebSearch snippet (2026-09),5,https://fus.no/om-oss; https://velferdsstaten.no/2025/08/29/norges-storste-velferdsprofitorer-3-fus-trygge-barnehager-sfr-holding-as/; https://www.barnehage.no/barnehager-eiendom-fus/trygge-barnehager-selger-142-barnehagebygg-til-svensk-kjoper/226724,nordics.json,,,https://www.utdanningsforbundet.no/lonn-og-arbeidsvilkar/tariffavtaler/fus-trygge-barnehager/hva-skjer-i-fus; https://velferdsstaten.no/2025/08/29/norges-storste-velferdsprofitorer-3-fus-trygge-barnehager-sfr-holding-as/
Læringsverkstedet AS (Dibber Norway),chain,NO,,Jessheim (Ullensaker),"Jessheim, Norway (business address per proff.no)",https://laringsverkstedet.no,"~250 barnehager in Norway (2025); Dibber group: 247 NO units, 610 units in 10 countries","~45,000 children group-wide (Dibber); NO est. 20,000+",,founder-owned (Hans Jacob & Randi Sundby via HJR Holding AS),Adam Därnemyr,"Daglig leder (CEO), Læringsverkstedet, from 10 Aug 2025 (succeeded Trude Moen Sydtangen)",https://www.linkedin.com/in/adamdarnemyr/,"Hans Jacob Sundby - CEO Dibber (owner); Christine Tømte - Læringsverkstedet (LinkedIn found, role not confirmed)",kontor@laringsverkstedet.no,,"Læringsverkstedet is Norway's largest private barnehage chain (~250 units), founded by Hans Jacob and Randi Sundby in 2003 and now the Norwegian arm of the Sundby-owned Dibber group. Dibber operates 610 kindergartens and schools across 10 countries with ~45,000 children and 12,000 staff. In August 2025 Adam Därnemyr (ex Coor Norge, Property division) took over as daglig leder from Trude Moen Sydtangen. The chain is regularly listed by velferdsstaten.no as Norway's second-largest welfare-profit operator (2025), and it has closed some units (e.g. Bestum, Oslo, July 2025). Group publishes an Åpenhetsloven transparency report (HJR Holding/Dibber AS). Digital: parent-communication app not confirmed by search. Hook: new CEO from facility-management background likely reviewing suppliers and digital tools.",,verified via WebSearch snippet (2026-09),5,https://www.barnehage.no/laeringsverkstedet/blir-daglig-leder-i-laeringsverkstedet/274218; https://velferdsstaten.no/2025/08/30/norges-storste-velferdsprofitorer-2-laeringsverkstedet-dibber-hjr-gruppen/; https://laringsverkstedet.no/nyheter; https://www.proff.no/selskap/dibber-as/jessheim/barnehager-parker-og-dagmammaer/IGIOEZF10LX,nordics.json,,,https://laringsverkstedet.no/en/contact
Norlandia Barnehagene (Norlandia Preschools AS),chain,NO,,Oslo,Oslo,https://norlandiabarnehagene.no,"120+ barnehager in Norway (2025), incl. Kidsa and ex-Gnist units",,,founder-owned (Norlandia Health & Care Group AS - Adolfsen brothers),Kristin Voldsnes,"Divisjonsdirektør (Division Director), Norlandia Barnehagene; also chair of Norlandia Förskolor AB",,"Yngvar Tov Herbjørnssønn - Daglig leder, Norlandia Health & Care Group AS (LinkedIn: https://www.linkedin.com/in/yngvar-tov-herbj%C3%B8rnss%C3%B8nn-03833322/); Kristin.Voldsnes@norlandia.com, +47 416 92 791 (listed as Region Oslo & Øst director)",,+47 416 92 791 (Voldsnes),"Norlandia Barnehagene is part of Norlandia Health & Care Group (Adolfsen family), with 120+ barnehager in Norway plus Sweden and Finland preschool arms. It acquired Gnist Barnehager (2021, from founders and Altor) and rebranded them to Norlandia; Kidsa in Bergen also belongs to the group. Norlandia sold 170 kindergarten properties for NOK 2.7bn to Whitehelm Capital funds. It left PBL and joined NHO Geneo in 2023. Some units use the MyKid parent app (e.g. Norlandia Nissebo). Hook: group-level digital/operations decisions via division director.",,verified via WebSearch snippet (2026-09),5,https://norlandiabarnehagene.no/administrasjon-og-ledelse; https://www.nhogeneo.no/artikler/2023/to-av-norges-storste-barnehageaktorer-melder-seg-inn-i-nho-geneo/; https://www.barnehage.no/gnist-norlandia-oppkjop/na-endrer-gnist-barnehagene-navn-til-norlandia/230343; https://nissebo.norlandiabarnehagene.no/barnehagen-var/om-barnehagen,nordics.json,"kristin.voldsnes@norlandia.com (Kristin Voldsnes, Direktør, Norlandia Barnehagene)",first.last@norlandia.com,https://norlandiabarnehagene.no/sentral-kontaktinfo
KIDS&Co. (Międzynarodowe Dwujęzyczne Przedszkola i Żłobki KIDS&Co.),chain (bilingual corporate/office-park preschools & nurseries),PL,,Warsaw,Warsaw (see kids-co.pl/en/contact),https://kids-co.pl,"34 (2026, per AcadeMedia acquisition announcement); 35 in 10 cities per own site","~3,000 places (2026)",,AcadeMedia AB (Sweden) – acquisition announced Aug 2026; founded 2006 by Karina Trafna,Karina Trafna,Founder & CEO / Prezes Zarządu,,Company LinkedIn: https://pl.linkedin.com/company/przedszkolakidsco,biuro@kids-co.pl; marketing.kids@kids-co.pl,,"KIDS&Co. was founded in 2006 by Karina Trafna and is Poland's largest international bilingual preschool chain. It operates 34-35 preschools and nurseries, mostly inside office buildings in Warsaw, Wrocław, Kraków, Poznań, Łódź, Gdańsk, Gdynia and Katowice, often as corporate kindergartens for tenants (e.g. Franklin Templeton, Quattro Business Park). 2025 net revenue was about PLN 99 million with c. 3,000 childcare places. In August 2026 Swedish listed education group AcadeMedia announced the acquisition of the chain – its first entry into Poland. The group planned to open its first primary school in Warsaw in September 2026. Lead scoring is high because it is the largest, best-capitalised operator and is now part of a group that centralises procurement.",,"Post-acquisition, AcadeMedia group (Stockholm) may own procurement decisions; check for a new country manager.",5,https://www.bankier.pl/wiadomosc/Szwedzki-koncern-kupuje-polska-siec-przedszkoli-Przejal-34-placowki-9179456.html; https://www.inderes.fi/en/releases/academedia-acquires-polish-preschool-group-kidsandco; https://www.forbes.pl/biznes/prywatne-przedszkola-kidsandco-siec-14-przedszkoli-korporacyjnych-kariny-trafny/ss1fqjl; https://kids-co.pl/en/contact/; https://educationinvestor.co.uk/academedia-acquires-kidsco/,cee.json,,,https://kids-co.pl/en/contact/; https://www.ourkids.net/pl/przedszkole-kidsco-warszawa/519; https://pl.linkedin.com/company/przedszkolakidsco
AcadeMedia AB (group),listed education group,SE,,Stockholm,,https://academedia.se,"~300 preschools: Sweden (Pysslingen 86, Vittra 14, Montessori Mondial, Noblaskolan), Norway 104 (Espira), Germany 47 (Joki, Stepke, Espira, Kita Luna)",,,listed (Nasdaq Stockholm; largest owner Mellby Gård),Marcus Strömberg,"VD och koncernchef, AcadeMedia",,,,,"AcadeMedia is the Nordics' largest education group, listed on Nasdaq Stockholm, spanning preschool to adult education. Its preschool segment (~300 units) covers Sweden, Norway (Espira) and Germany. Publishes annual & sustainability reports; press via Cision. Hook: group-wide IT/procurement; preschool segment head not confirmed by search.",,verified via WebSearch snippet (2026-09),5,https://academedia.se/en/om-academedia/vara-utbildningar/forskolor/; https://news.cision.com/se/academedia-ab; https://wp.academedia.se/app/uploads/2023/12/academedia-arsredovisning-2122.pdf,nordics.json,"Katarina.Wilson@academedia.se (Katarina Wilson, COO and deputy CEO); jonas.nordstrom@academedia.se (Jonas Nordström, Head of legal department)",first.last@academedia.se,"https://academedia.se/en/contact; https://mb.cision.com/Main/14380/3886072/2466812.pdf; https://news.cision.com/academedia-ab/r/academedia-group-ceo-returns-after-temporary-sick-leave,c3946352"
Atvexa AB (publ),listed preschool/school group,SE,,Stocksund (Danderyd),,https://www.atvexa.se,"159-167 förskolor + 39 skolor (2024/25); 19 subsidiaries (17 SE, 1 DE, 1 NO)","~17,000 children and pupils",,listed (Nasdaq First North Premier; founders Sara Karlin & Peter Weiderman),Johan Kyllerman,"VD, Atvexa AB",,,,,"Atvexa is Sweden's third-largest independent school group, built by acquiring and keeping independent preschool brands (Inspira, Lyckans etc.). In 2024/25 it acquired five businesses (four SE, one DE) and added two förskolor and two grundskolor. Operates in Sweden, Norway and Germany. Publishes annual reports and responds to government consultations (2025, 2026). Hook: decentralised brands but central M&A/IT.",,verified via WebSearch snippet (2026-09),5,https://www.atvexa.se/wp-content/uploads/Atvexa-arsredovisning-24-25.pdf; https://www.atvexa.se/vara-verksamheter/atvexa-i-sverige; https://www.regeringen.se/contentassets/6da37e3aec2b4860bec444d7f85e7d9c/atvexa-ab.pdf,nordics.json,"johan.kyllerman@atvexa.se (Johan Kyllerman, VD / koncernchef, Atvexa AB)",first.last@atvexa.se,https://mfn.se/a/atvexa/atvexa-utser-johan-kyllerman-till-ny-vd-och-koncernchef; https://www.atvexa.se/kontakt; https://www.atvexa.se/om-atvexa/ledning
KMDS (КМДШ) / Clever Kids by KMDS,private school and kindergarten network,UA,,Kyiv,Kyiv,https://kmds.ua,6 educational institutions in Kyiv and region (2025); Clever Kids kindergartens network,,,"Private (ПЗО КМДШ, EDRPOU 41960979); owner Volodymyr Kozlenko",Volodymyr Kozlenko (Володимир Козленко),Owner / founder,,,info@kmds.ua; pr@kmds.ua; cv@kmds.ua,,"KMDS is a network of licensed private full-day schools with intensive English in Kyiv, founded in 2012 by Kyiv-Mohyla Business School alumni. Its ecosystem covers ages 1.5-18 across 6 institutions with 280 teachers, including the CLEVER KIDS by KMDS kindergarten network (1000+ families) and SENSE by KMDS. Owner Volodymyr Kozlenko remains at the helm. Largest confirmed private K-12+preschool group in Kyiv. Top Ukraine lead.",,,5,https://kmds.ua/; https://kmds.ua/about/; https://kmds.ua/edu360/; https://youcontrol.com.ua/en/catalog/company_details/41960979/,other.json,,,https://kmds.ua/contacts/; https://kmds.ua/team/; https://forbes.ua/profile/kmdsh-kreativna-mizhnarodna-dityacha-shkola-939
Caritas Oberösterreich - Pfarrcaritas-Kindergärten,church-group,AT,,Linz,,https://www.caritas-ooe.at,c. 300 Pfarrcaritas Kindergärten/Krabbelstuben/Horte in Upper Austria,"c. 20,000",,church,,,,,KG410260@pfarrcaritas-kita.at; kg417253@pfarrcaritas-kita.at; KG410246@pfarrcaritas-kita.at; caritas-kindergarten@bad-leonfelden.ooe.gv.at; kindergarten.atzbach@gmx.at,Kindergarten St. Martin Traun +43 676 824 445 22; Vöcklamarkt +43 7682 6787; Kematen 0664 92 77 589; Bad Leonfelden +43 676 87765944,"By far the largest Kindergarten operator in Upper Austria, centrally managed under Caritas OÖ. Hooks: central IT/parent-app decision for 300 sites.",Decision maker NOT confirmed by search in this session (search budget exhausted); verify via Impressum/LinkedIn before outreach.,Site counts from prior knowledge; verify.,4,https://www.statistik.at/statistiken/bevoelkerung-und-soziales/bildung/kindertagesheime-kinderbetreuung,dach.json,,,http://www.traun.ooe.gv.at/Pfarrcaritas_-_Kindergarten_St_Martin; https://www.voecklamarkt.ooe.gv.at/Kindergarten_der_Pfarrcaritas_14; https://www.kematen-krems.ooe.gv.at/Kindergarten_Pfarrcaritas; https://www.bad-leonfelden.ooe.gv.at/Pfarr-Caritas_Kindergarten; https://www.atzbach.ooe.gv.at/Pfarrcaritas_Kindergarten
KIWI - Kinder in Wien,non-profit-group,AT,,Wien,,https://www.kinderinwien.at,c. 100 Kindergärten & Horte in Vienna,"c. 7,500",,non-profit (Verein),,,,,office@kinderinwien.at; bewerbung@kinderinwien.at,01/526 70 07,"Founded 1990s; Vienna's largest private Kindergarten operator after the city and Kinderfreunde, with a professional HQ, strong pedagogical brand and inclusion focus. Hooks: central IT, staff shortage in Vienna.",Decision maker NOT confirmed by search in this session (search budget exhausted); verify via Impressum/LinkedIn before outreach.,Site counts from prior knowledge; verify.,4,https://www.statistik.at/statistiken/bevoelkerung-und-soziales/bildung/kindertagesheime-kinderbetreuung,dach.json,,,https://kinderinwien.at/impressum/; https://kinderinwien.at/kontakt/
St. Nikolausstiftung der Erzdiözese Wien,church-group,AT,,Wien,,https://www.nikolausstiftung.at,c. 90 Catholic Kindergärten & Horte in Vienna,"c. 7,000",,church,,,,,office@nikolausstiftung.at,+43 1 515 52-3838,Foundation of the Archdiocese of Vienna operating the Catholic parish kindergartens in Vienna centrally since 2007. Hooks: central procurement.,Decision maker NOT confirmed by search in this session (search budget exhausted); verify via Impressum/LinkedIn before outreach.,Site counts from prior knowledge; verify.,4,https://www.statistik.at/statistiken/bevoelkerung-und-soziales/bildung/kindertagesheime-kinderbetreuung,dach.json,,,https://nikolausstiftung.at/impressum/; https://www.erzdioezese-wien.at/pages/inst/14425205/impressum; https://www.wien.gv.at/sozialinfo/content/en/10/InstitutionDetail.do?it_1=2099798
Österreichische Kinderfreunde (incl. Wiener Kinderfreunde),non-profit-group,AT,,Wien,,https://kinderfreunde.at,"c. 500+ Kindergärten, Krippen, Horte nationwide (Wiener Kinderfreunde alone c. 160 sites)","c. 30,000",,non-profit (SPÖ-affiliated association),,,,,office@kinderfreunde.at,,"Austria's largest non-church private childcare provider, organised in Landesorganisationen (Wien, NÖ, OÖ, Steiermark etc.). Wiener Kinderfreunde is the biggest single unit. Hooks: Länder-level GF decide; Vienna uses city funding rules.",Decision maker NOT confirmed by search in this session (search budget exhausted); verify via Impressum/LinkedIn before outreach.,Site counts from prior knowledge; verify.,4,https://www.statistik.at/statistiken/bevoelkerung-und-soziales/bildung/kindertagesheime-kinderbetreuung,dach.json,"juergen.wutzlhofer@kinderfreunde.at (Jürgen Wutzlhofer, Bundesgeschäftsführer (older listing; current Bundesgeschäftsführerin reportedly Daniela Gruber-Pruner, Martin Janata joined management))",first.last@kinderfreunde.at,https://kinderfreunde.at/ueber-uns/kontakt/bundesorganisation; https://kinderfreunde.at/impressum/www-kinderfreunde-at; https://kinderfreunde.at/ueber-uns/vorstand
Pop e Poppa (Pop e Poppa SA),chain,CH,,Lausanne,,https://www.popepoppa.ch,c. 40 crèches/garderies in French-speaking Switzerland + some in German CH,,,privately owned (management/investor; not confirmed),,,,,marketing@ppfs.ch,,"Founded 2004 in Lausanne; largest private crèche chain in Romandie, also operates company crèches (e.g. for Nestlé, EPFL). Hooks: bilingual (FR/DE) parent communication.",Decision maker NOT confirmed by search in this session (search budget exhausted); verify via Impressum/LinkedIn before outreach.,Site counts from prior knowledge; verify.,4,https://www.kibesuisse.ch; https://www.moneyhouse.ch,dach.json,,,https://www.popepoppa.ch/legal-notice/; https://www.popepoppa.ch/en/contact/
PASCAL Education,private school group with nurseries/kindergartens,CY,,Nicosia,Nicosia,https://www.pascal.ac.cy,"Multiple campuses (Nicosia, Larnaka, Lemesos) incl. PASCAL Kindergarten/Nursery",,,Private group,,,,,info@pascal.ac.cy; lefkosia.info@pascal.ac.cy; lemesos.info@pascal.ac.cy; larnaka.info@pascal.ac.cy; dpo@pascal.ac.cy; kindergartenlef@pascal.ac.cy; primarylef@pascal.ac.cy; kindergartenlar@pascal.ac.cy; primarylar@pascal.ac.cy; kindergartenlem@pascal.ac.cy; primarylem@pascal.ac.cy,,"PASCAL Education is Cyprus's largest private school group, running Greek and English schools in three cities with pre-school/nursery sections. Group HQ centralises purchasing.",,Not verified by web search this session (search budget exhausted after 24 queries); from prior knowledge - verify before outreach.,4,https://www.pascal.ac.cy,south.json,,,https://www.pascal.ac.cy/admissions/contact-us; https://www.pascal.ac.cy/secretaries; https://www.pascal.ac.cy/privacy-policy
"Babilou Family Deutschland GmbH (educcare, Kleine Riesen/Little Giants, littlebigFuture)",multi-country-platform,DE,DE,Munich,"Munich, Germany",https://babilou-family.de/,31 Little Giants/Kleine Riesen sites + educcare and other brands (total not confirmed; est. 60-80),,,Babilou Family / Antin,Alexandra Schuster,"CEO Deutschland (LinkedIn); registered GF: Patrick Gottesleben (2026), Benoit Lamezec (2025), Christophe Fond",https://www.linkedin.com/in/alexandra-schuster-323641137/,name: Michael Bergmann; title: Geschäftsführer littlebigFuture gGmbH,info@babilou-family.de; datenschutz@babilou-family.de,+49 89 51 26 68 60,"Babilou Family Deutschland is the umbrella for Babilou's German Kita brands (educcare, Kleine Riesen/Little Giants/Petits Géants, Kids Company etc.), headquartered in Munich. It has seen significant management turnover in 2025-2026 with new registered Geschäftsführer, and a non-profit vehicle littlebigFuture gGmbH was set up for publicly funded Kitas. German Kita economics depend on municipal funding agreements, so operators need billing and reporting tools per Bundesland. Hooks: leadership reset, likely systems review, and group mandate from Paris.",confirmed via search,,4,https://babilou-family.de/; https://firmeneintrag.creditreform.de/80331/8171030540/BABILOU_FAMILY_DEUTSCHLAND_GMBH; https://littlebigfuture.de/2025/07/30/gemeinsam-zukunft-bilden/; https://www.littlegiants.de/kitas/,paneuro.json,,,https://babilou-family.de/impressum; https://babilou-family.de/datenschutz; https://de.linkedin.com/company/babilou-family-deutschland-gmbh
Elbkinder - Vereinigung Hamburger Kitas gGmbH,non-profit-group,DE,,Hamburg,Hamburg,https://www.elbkinder-kitas.de,c. 185-190 Kitas (Hamburg's largest Kita operator),"c. 30,000+ children (prior knowledge)",,municipal (owned by Free and Hanseatic City of Hamburg),,,,,info@elbkinder-kitas.de,040 / 42 109-0 (Zentrale); 040 / 42 109-101 (Geschäftsführung),"Elbkinder is Hamburg's largest Kita operator, a city-owned gGmbH with roughly 185 Kitas and tens of thousands of children and staff. It publishes annual 'Daten und Fakten' and runs its own IT/digital projects at scale. Leadership names not confirmed this session. Hooks: very large central IT decisions, public procurement process.",Decision maker NOT confirmed by search in this session (search budget exhausted); verify via Impressum/LinkedIn before outreach.,,4,https://www.elbkinder-kitas.de/de/ueber_uns/unser_unternehmen/daten_fakten/index.html; https://www.elbkinder-kitas.de/de,dach.json,,,https://www.elbkinder-kitas.de/de/ueber_uns/kontakt/index.html; https://www.elbkinder-kitas.de/de/ueber_uns/unser_unternehmen/geschaeftsfuehrung/index.html; https://www.elbkinder-kitas.de/de/ueber_uns/impressum/index.html
Impuls Soziales Management GmbH & Co. KG,chain,DE,,Kassel,"Weserstraße 2a, 34125 Kassel",https://www.e-impuls.de,48-50 betriebliche & öffentliche Kitas nationwide (2025),,,founder-owned (Alfons Scheitz),Alfons Scheitz,Geschäftsführer & Inhaber,https://de.linkedin.com/company/impuls-soziales-management,name: Lisa Egen; title: Geschäftsführerin; name: Dr. Katharina Peters; title: Regionalleitung Mitte/West,,,"Impuls Soziales Management, based in Kassel, is a nationwide operator of about 50 company and public Kitas, serving corporates and municipalities from Bonn through Paderborn to Kassel and beyond. It is owner-led (Alfons Scheitz) with a second MD (Lisa Egen) and regional directors. The company has a YouTube channel and active news feed, indicating marketing capacity. Hooks: corporate-client reporting, regional management structure.",Confirmed by search (this session).,,4,https://www.e-impuls.de/ueber-impuls/; https://www.wer-zu-wem.de/firma/e-impuls.html; https://www.kita.de/traeger/63596/kitas,dach.json,"scheitz@e-impuls.de (Alfons Scheitz, Geschäftsführer & Inhaber)",last@domain,https://www.e-impuls.de/ueber-impuls/team/geschaeftsleitung/; https://www.dnb.com/business-directory/company-profiles/impuls-soziales-management-gmbh--co-kg.df7f1e0e0ca2261d94335ad9063a5cf4
KinderHut GmbH / gGmbH,chain,DE,,Essen,Essen,https://www.kinderhut.de,"28-29 company and company-affiliated Kitas (2025), 400+ staff",,,founder-owned (family: Bremen / Fischer-Bremen),Till Bremen,Geschäftsführer,https://de.linkedin.com/company/kinderhut,name: Brigitte Fischer-Bremen; title: Geschäftsführerin,,,"Kinderhut is an Essen-based family-run operator of betriebliche Kitas (company childcare), grown from 18 to 28-29 sites with over 400 staff. It runs a dedicated recruiting brand 'Ich mach Kita!' and a Hamburg subsidiary (KinderHut Hamburg GmbH). It is a partner of the Essen family alliance. Hooks: corporate-client reporting, recruiting, multi-site admin.",Confirmed by search (this session).,,4,https://www.kinderhut.de/; https://www.northdata.de/?id=4935848762802176; https://www.ichmachkita.de/; https://www.karrieretag.org/aussteller/kinderhut/,dach.json,"till.bremen@kinderhut.de (Till Bremen, Geschäftsführer)",first.last@domain,https://www.kinderhut.de/impressum/; https://www.kinderhut.de/kontakt/; https://www.kinderhut.de/aktuelles/generationswechsel/
Klax Gruppe (Klax Berlin gGmbH),chain,DE,,Berlin,Berlin,https://klax.de,36 Krippen/Kindergärten group-wide (28 in Berlin) + schools; c. 800 staff (2025),"c. 2,500 Kita children",,founder-owned (Antje Bostelmann),Antje Bostelmann,Gründerin & Geschäftsführerin (CEO Klax Gruppe),,,info@klax.de,,"Klax was founded in 1990 in Berlin by Antje Bostelmann and has grown into an international education group (Kitas, schools, Fachschule, Klax Kreativ, activities in Sweden) with revenue above EUR 50m. Klax Berlin gGmbH runs 28 nurseries/kindergartens in Berlin; group-wide 36 Kitas serve c. 2,500 children. Bostelmann is a prolific author on early-childhood pedagogy and digital media in Kitas ('Klax-Pädagogik'), so the group is digitally progressive (portfolio documentation, media education). Hooks: pedagogical documentation, parent portals, international expansion.",Confirmed by search (this session).,,4,https://klax.de/sites/default/files/2025-11/Klax-Presseinfo-2025_1.pdf; https://de.wikipedia.org/wiki/Antje_Bostelmann; https://klax.de/de/ueber-uns/unternehmensportraet; https://www.kita.de/traeger/41365/kitas,dach.json,,,https://klax.de/de/impressum; https://www.antje-bostelmann.de/impressum
Phorms Education SE,international-school-kindergarten,DE,,Berlin,"Gustav-Meyer-Allee 25, 13355 Berlin",https://www.phorms.de,"17 campuses nationwide incl. 10 kindergartens (Berlin x2, Hamburg, Frankfurt x2, Heidelberg, Munich, Neckarsulm/Erlenbach, Heilbronn) + 5 Betriebskitas around Heilbronn",,,privately owned (SE; investors from prior knowledge not confirmed),Thomas Frenzel,"Geschäftsführender Direktor (strategy, business development & IT)",,name: Dilek Aras; title: Geschäftsführende Direktorin (Finance/Controlling); name: Hannah Donati; title: Geschäftsführende Direktorin (Legal/HR); name: Carsten Breyde; title: listed as CEO in some sources,jss.erlenbach@phorms.de; jss.heilbronn@phorms.de,,"Phorms Education operates bilingual (German/English) private kindergartens, primary schools and Gymnasien at 17 sites in Berlin, Hamburg, Baden-Württemberg, Bavaria and Hesse, plus corporate kindergartens (Betriebskitas) around Heilbronn. The executive board of three (Aras, Donati, Frenzel) has been in place since August 2020; Frenzel explicitly owns strategy and IT. Phorms markets corporate childcare to employers (2025 brochure). Hooks: unified parent platform across kindergarten and school, corporate-client offering.",Confirmed by search (this session).,,4,https://www.phorms.de/vorstand/; https://www.phorms.de/fileadmin/Content/1_Umbrella_Phorms/Downloads/Phorms_Education_Betriebskitas_2025.pdf; https://betriebskitas-bawu.phorms.de/karriere/unsere-standorte/,dach.json,,,https://jss-erlenbach.phorms.de/en/legal-notice/
Stepke-KiTas (Step Kids KiTas gGmbH) - AcadeMedia,chain,DE,,Düsseldorf/Wuppertal region (NRW),,https://www.stepke-kitas.de,"c. 30+ KiTas in NRW, Berlin, Brandenburg, Bremen (2025), several new builds in Wuppertal/Münster 2025-2026",,,listed (AcadeMedia AB),Dr. Kurt Berlin,Geschäftsführer,,name: Johannes Nagel; title: Geschäftsführer,info@stepke-kitas.de,,"Stepke-KiTas is a growth-oriented Kita operator active in NRW, Berlin, Brandenburg and Bremen, building new facilities with municipal partners (e.g. 180 new places in Wuppertal 2024-25, Formenwelt and Ronsdorfer Kids opened Q1 2025, Glückspilz Münster March 2025, Schatzkiste ground-breaking Sept 2025, Sommersprosse topping-out Nov 2025). It is part of AcadeMedia's German preschool platform. Frequent new openings mean recurring onboarding of staff and parents. Hooks: new-site rollout tooling, parent communication.",Confirmed by search (this session).,,4,https://www.stepke-kitas.de/standorte/neue-standorte/; https://www.stepke-kitas.de/2025/09/05/spatenstich-markiert-startschuss-fuer-neubau-der-stepke-kita-schatzkiste/; https://www.stepke-kitas.de/2025/11/25/richtfest-der-stepke-kita-sommersprosse-in-wuppertal/,dach.json,,,https://www.stepke-kitas.de/impressum/; https://www.stepke-kitas.de/ueber-uns/kontakt-verwaltung/
educcare Bildungskindertagesstätten gGmbH,chain,DE,,Köln,"Alter Markt, 50667 Köln",https://educcare.de,"c. 50 bilingual Bildungskitas nationwide (Cologne, Rhineland, Stuttgart, Munich, Berlin etc.)",,,founder-owned (non-profit gGmbH),Marcus Bracht,Geschäftsführer,,name: Axel Thelen; title: Geschäftsführer,info@educcare.de,0221 466 194 00,"educcare, founded in Cologne in the early 2000s, operates close to 50 bilingual 'Bildungskindertagesstätten' with about 1,400 employees, many as company Kitas for corporates and universities. It has been certified as a Great Place to Work and positions itself on quality and bilingual education. Managing directors are Marcus Bracht (industrial engineer) and Axel Thelen (business graduate). Hooks: corporate-client reporting, bilingual parent communication, staff retention.",Confirmed by search (this session).,,4,https://www.kita.de/traeger/50036; https://de.wikipedia.org/wiki/Educcare; https://greatplacetowork.de/beste-arbeitgeber/educcare-bildungskindertagesstaetten-ggmbh/; https://educcare.de/wp-content/uploads/2020/12/Faktenblatt_Dezember2020.pdf,dach.json,,,https://educcare.de/en/imprint/; https://educcare.mitarbeiterangebote.de/meta/imprint; https://educcare.de/wp-content/uploads/2023/08/educcare-Pressemappe-2023.pdf
"kitea (Villa Luna Kindertagesstätten + Kinderzentren Kunterbunt, Klett Group)",multi-country-platform,DE,DE,Nuremberg / Stuttgart (Klett),Germany (Nuremberg HQ of Kinderzentren Kunterbunt),https://kinderzentren.de/,"110+ locations, ~7,890 children (merger announced Dec 2025, effective H1 2026)","7,890",,Ernst Klett AG (Klett Group) since 2017 (Kinderzentren Kunterbunt); Villa Luna also Klett,Annette Holtmann,Geschäftsführerin (Villa Luna & Kinderzentren Kunterbunt / kitea),,name: Dr. Jürgen Reul; title: Geschäftsführer Kinderzentren Kunterbunt (since Oct 2023),info@kinderzentren.de,,"Kinderzentren Kunterbunt was founded in 1998 in Nuremberg as a non-profit (gGmbH) Kita operator and joined the Ernst Klett Group in 2017; Villa Luna is Klett's bilingual premium Kita brand. In December 2025 Klett announced the two would merge in H1 2026 under the new brand kitea, creating one of Germany's largest private Kita operators with 110+ sites and ~7,890 children. Management is Annette Holtmann (dual Geschäftsführerin since April 2024) and Dr. Jürgen Reul. Kinderzentren has publicly warned about NRW funding shortfalls threatening thousands of Kitas, showing the sector's financial stress. Klett, an education publisher, brings a digital-content orientation, making kitea receptive to edtech and parent-communication integrations. Hooks: brand merger and systems consolidation in 2026, NRW/Bavaria public-funding reporting, and a group owner with edtech strategy.",confirmed via search,,4,https://www.mynewsdesk.com/de/ernst-klett-ag/pressreleases/kitea-startet-2-kita-traeger-aus-der-klett-gruppe-buendeln-ihre-kraefte-in-der-fruehkindlichen-bildung-3419312; https://kinderzentren.de/; https://kinderzentren.de/tausende-kitas-in-nrw-vor-dem-aus/,paneuro.json,,,https://kinderzentren.de/; https://kitea-kids.de/impressum/; https://www.klett-gruppe.de/newsroom/detailansicht/kitea-startet-2-kita-traeger-aus-der-klett-gruppe-buendeln-ihre-kraefte-in-der-fruehkindlichen-bildung; https://www.mynewsdesk.com/de/ernst-klett-ag/pressreleases/kitea-startet-2-kita-traeger-aus-der-klett-gruppe-buendeln-ihre-kraefte-in-der-fruehkindlichen-bildung-3419312
"pme Familienservice Gruppe (Kita brands incl. Kids & Co., Lernwelten)",chain,DE,,Berlin,Berlin,https://www.familienservice.de,90+ Kitas/Krippen/Horte in Germany; group present at 70+ locations in DE/AT/CH/CZ,"3,000+ children",,founder/management-owned (private; details not confirmed),Dr. Daniel Erler,"CEO (since 1 May 2026, succeeding Alexa Ahmad)",,"name: Alexa Ahmad; title: former CEO (until 2026); name: Lea Sievers; title: Kita-Leitung Kids & Co. Krippe, Frankfurt; name: Christof Blach; title: Kita-Leitung Kids & Co. Unterlindau, Frankfurt",,,"pme Familienservice is Germany's leading work-life-balance provider for employers and runs over 90 childcare facilities (3,000+ children) under brands such as Kids & Co. (Frankfurt Westend, incl. Deutsche Telekom allocation places) and 'Lernwelten'. Leadership changed in May 2026 with Dr. Daniel Erler taking over from Alexa Ahmad. In 2025 its Bremen Kita subsidiary (pme Familienservice Bremen gGmbH, 8 Kitas) filed for insolvency, with the city stepping in - a sign of margin pressure. The group is certified 'audit berufundfamilie' for the 9th time. Hooks: corporate-client reporting, back-up care logistics, cost pressure.",Confirmed by search (this session).,,4,https://familienservice.de/geschaftsfuhrung; https://www.familienservice.de/lernwelten; https://www.familienservice.de/-/insolvenz-kita-bremen-ggmbh; https://www.butenunbinnen.de/nachrichten/pme-insolvenz-bremen-kita-100.html; https://www.familienservice.de/web/kids-co-krippe,dach.json,"daniel.erler@familienservice.de (Dr. Daniel Erler, CEO pme Familienservice Gruppe since 1 May 2026 (previously Leitung Unternehmenskommunikation))",first.last@domain,https://www.familienservice.de/-/daniel_erler_ku-1; https://www.familienservice.de/impressum; https://www.familienservice.de/pressemitteilungen
Kalli-kalli lasteaed,private international kindergarten (2 sites),EE,,Tallinn,"Tiiu 8, Tallinn, Estonia",https://kalli.ee,"2 (2025: Uus-Veerenni Tiiu 8, Ülemiste)",,,Private OÜ,Signe Suurväli,Director (juhataja),,Carol Tarre - Head of operations; associated with International School of Tallinn (IST),,,"Kalli-kalli is a 10-group international private kindergarten in Tallinn's Uus-Veerenni district, with a second site in Ülemiste City. It hosts the international 2-5 year old group linked to the International School of Tallinn (IST). Groups run in Estonian and English. Signe Suurväli is named as director and Carol Tarre as head of operations on the school's site. It is one of the larger private kindergartens in Tallinn by group count. Multi-site with an international clientele makes it a solid mid-tier lead.",,,4,https://kalli.ee/et; https://kalli.ee/kalli-kalli-uus-veerenni; https://kalli.ee/kalli-kalli-ulemiste/meie-inimesed; https://ist.ee/studies/eyp-preschool/,other.json,"signe@kalli.ee (Signe Suurväli, Managing Director / juhataja)",first@domain,https://kalli.ee/our-staff; https://www.ulemistecity.ee/en/service/kalli-kalli-kindergarten/
Chiqui Tin / Chiquitín Centros Infantiles (Chiqui Tin Centros Propios S.L.),private chain / franchise (0-3 + leisure to 6),ES,,Madrid,"C/ Olimpio López 10, Madrid",https://www.chiquitin.es,~42 centres in Spain (franchise directories 2025),,,Private franchise; Chiqui Tin Centros Propios S.L. (2002) plus Escuelas Chiquitin S.L.,,,,,info@chiquitin.es; contabilidad@chiquitin.es; valdemorillo@chiquitin.es,+34 91 382 49 94,"Chiqui Tin is a Madrid-born franchise of escuelas infantiles founded in 2002 that combines authorised 0-3 education with a children's leisure/party space for ages up to 6. Franchise directories list more than forty operating schools, all in Spain, several of them registered with the Comunidad de Madrid as Escuela de Educación Infantil Chiquitín (Hortaleza, Carabanchel, Chamberí). The model targets neighbourhood premises with a mixed nursery + ludoteca revenue base. Ownership sits with the founding family company; franchisees own individual schools.",,Decision maker not confirmed.,4,https://www.franquiciashoy.es/franquicias/franquicias-de-educacion-y-formacion/centros-de-educacion-infantilguarderias/chiqui-tin; https://www.mundofranquicia.com/franquicia/academias-ingles/escuelas-infantiles/chiqui-tin-centro-infantil/; https://www.comunidad.madrid/centros/escuela-educacion-infantil-chiquitin-hortaleza; https://www.einforma.com/informacion-empresa/escuelas-chiquitin,south.json,,,https://escuelachiquitin.com/contacto; https://empresite.eleconomista.es/ESCUELAS-CHIQUITIN.html; https://escuelainfantillasmeninas.org/escuelas/escuela-infantil-las-meninas/contacto
Colegios Brains International Schools (Colegio Brains S.L.),private bilingual school group with nursery schools,ES,,Madrid,Madrid,https://www.colegiobrains.com,"6+ campuses incl. Brains Nursery School Conde de Orgaz, Escuela Infantil Brains Madrid, La Moraleja, Arturo Soria, Las Palmas, Telde",,,"Family-owned (founded by Manuel Sánchez and María Hita, 40+ years); Colegio Brains S.L. (1994)",,,,"Alexandra S. - President (registry, surname masked); Cristian S. - Vice President",admisiones@colegiobrains.com; comunicacion@colegiobrains.com,,"Brains is a 40-year-old Madrid family school group running bilingual international schools from age 1 to 18, including dedicated nursery schools (Conde de Orgaz, Escuela Infantil Brains) and infant sections at La Moraleja and Las Palmas. The founders' family still presides over the company. Early years is a core intake funnel, so the group invests in infant facilities. A strong mid-size private lead.",,President's full surname not confirmed.,4,https://www.colegiobrains.com/; https://www.colegiobrains.com/en/schools/orgaz/; https://www.einforma.com/informacion-empresa/colegio-brains,south.json,"acorrales@colegiobrains.com (A. Corrales, Contact, Arturo Soria campus (Madrid)); csantos@colegiobrains.com (C. Santos, Contact, La Moraleja campus (Alcobendas)); pilarmoreno@colegiobrains.com (Pilar Moreno, Contact, Orgaz campus (Madrid)); gcabrera@colegiobrains.com (G. Cabrera, Contact, Telde / Las Palmas campuses); dfayerman@colegiobrains.com (D. Fayerman, Contact, La Moraleja campus); anavarro@colegiobrains.com (A. Navarro, Contact, La Moraleja campus)",flast@colegiobrains.com (mixed; also firstlast@),https://www.colegiobrains.com/buzon-de-sugerencias/; https://www.colegiobrains.com/en/contact/
Grupo EULEN - EULEN Servicios Sociosanitarios (Gestión de escuelas infantiles),public-concession operator (municipal 0-3),ES,,Madrid,"C/ Valle de Tobalina 56, 28021 Madrid (group HQ, not confirmed)",https://www.eulen.com/es/servicios/sociosanitarios/gestion-escuelas/,"Multiple municipal schools (Barcelona province: Montcada i Reixac, Cervelló, Santa Perpètua, La Roca, Malgrat de Mar and others); total not disclosed",,,"Private, family-owned Grupo EULEN",,,,,dcomercial@eulen.com; protecciondedatos@eulen.com; delegadoprotecciondatos@eulen.com,902 355 366,"EULEN Sociosanitarios has 30+ years in social, health and educational services and manages municipal escuelas infantiles/escoles bressol under concession, notably across the province of Barcelona. It positions its model around children's rights, family involvement and extended-hours services. Tenders are bid nationally from the sociosanitarios division. Being a multi-service group, it centralises purchasing of consumables and equipment.",,Number of centres and decision maker not confirmed.,4,https://www.eulen.com/es/servicios/sociosanitarios/gestion-escuelas/; https://sociosanitarios.eulen.com/servicios-publicos/servicios-educativos-ocio/,south.json,,,https://sociosanitarios.eulen.com/en/contact-us/; https://www.eulen.com/es/servicios/sociosanitarios/gestion-escuelas/
Kid's Garden Escuelas Infantiles (Fomento de Centros de Enseñanza S.A.),private bilingual 0-3 chain within school group,ES,,Madrid,Madrid,https://kidsgarden.edu.es,18 centres in Spain (company site) + centres in Portugal and Netherlands,,,Owned by Fomento de Centros de Enseñanza S.A. (sole administrator); operating S.L. now listed inactive/merged,,,,María del Mar Contreras Luzón - listed representative of Centros Infantiles Kid's Garden S.L. (registry),,914 000 500,"Kid's Garden is the bilingual 0-3 nursery brand of Fomento de Centros de Enseñanza, the large Spanish concertado/private school group. It runs 18 nurseries across Spain (Valladolid, A Coruña, Vigo, Córdoba, Elche, Madrid and others) and has sister centres in Portugal and the Netherlands. Nurseries feed Fomento's primary schools, so procurement is centralised at group level. The separate S.L. vehicle appears absorbed into the parent, making Fomento HQ the decision point.",,Group-level decision maker not confirmed.,4,https://kidsgarden.edu.es/; https://www.iberinform.es/empresa/1447060/centros-infantiles-kid-s-garden; http://www.educateca.com/centros/kids-garden-vigo.asp,south.json,,,https://kidsgarden.edu.es/contacto-institucional/; https://www.fomento.edu/en/the-schools/kids-garden/
Suara Cooperativa,social cooperative operating municipal escoles bressol,ES,,Barcelona,Barcelona,https://suara.coop,21 escoles bressol; 35+ education services; ~200 services overall,,,Worker cooperative (largest care cooperative in Catalonia),,,,Ricard Fernández - Director General (2014 source; may be outdated),suara@suara.coop,93 254 76 90,Suara is Catalonia's largest worker cooperative in the care sector and manages 21 municipal nurseries plus adult schools and other education services under public contracts. It employs thousands of staff and runs about 200 services. Nursery directors are recruited centrally (e.g. Castellar del Vallès). Procurement is coordinated from Barcelona HQ.,,Current DG not confirmed.,4,https://suara.coop/ca/noticies/suara-gestiona-mes-35-serveis-deducacio-incloent-escoles-bressol-escoles-dadults-serveis; https://www.linkedin.com/company/suara-cooperativa; https://nexe.coop/actualitat/la-participaci%C3%B3-en-les-cooperatives-grans-el-cas-de-suara,south.json,,,https://suara.coop/en/contact-us; https://suara.coop/ca/suara-cooperativa; https://suara.coop/en/who-we-are
Pilke päiväkodit Oy,chain,FI,,Helsinki,,https://pilkepaivakodit.fi,~150 päiväkotia (not verified),,,group-owned (part of a Nordic care group - not verified),,,,,pilke@norian.eu,+358 44 901 9898,"One of Finland's two largest private daycare chains, with English-language and science-profile päiväkodit. Not verified in this session.",,from background knowledge only - NOT verified by search in this session; decision maker not confirmed,4,,nordics.json,,,https://pilkepaivakodit.fi/kysymykset/kuka-on-pilkkeen-toimitusjohtaja/; https://pilkepaivakodit.fi/yhteystiedot/laskutustiedot/; https://www.finder.fi/Yksityinen+p%C3%A4iv%C3%A4koti/Pilke+p%C3%A4iv%C3%A4kodit+Oy/Vantaa/yhteystiedot/481676
Touhula Varhaiskasvatus Oy,chain,FI,,Oulu / Helsinki,,https://touhula.fi,~150-170 päiväkotia (largest private chain; not verified for 2025),,,PE-backed (historically; ownership since 2020 restructuring not verified),,,,,,+358 40 528 8811,"Finland's largest private daycare chain, grew rapidly 2015-2019 via acquisitions, restructured in 2020 and continued under new ownership. Not verified in this session.",,from background knowledge only - NOT verified by search in this session; decision maker not confirmed,4,,nordics.json,"kaisa.ilola@touhula.fi (Kaisa Ilola, Toimitusjohtaja (CEO), since 1 Nov 2024)",first.last@domain,https://touhula.fi/en/contact/; https://touhula.fi/uutiset/touhula-paivakotien-toimitusjohtaja-vaihtuu/
Groupe Léa & Léo,crèche chain (regional-to-national),FR,,Hérouville-Saint-Clair (Caen),"7 place de l'Europe, 14200 Hérouville-Saint-Clair",https://www.leaetleo.com,"104 crèches (Nov 2025), 2,448 places","~2,400+",,founder-owned with investor support (verify; acquired Ernestine group),Frédéric Thomas,Président fondateur,,"Anne-Marie Debelle (co-founder, pedagogy)",,,"Léa & Léo was conceived in 2005 by Frédéric Thomas with early-years specialist Anne-Marie Debelle and created in 2007 in Calvados. It grew from 36 crèches in 2019 to 104 crèches by November 2025 (104th opened in Caen), with 2,448 places and headcount nearly doubling to 850. It acquired the Ernestine crèche group and uses geomarketing tools (Smappen) to plan openings. The group is now explicitly moving from a growth phase to a 'maturity' phase, focusing on quality, HR and structuring central functions. It is committed to disability inclusion (Agefiph). Hook: fast-growing, founder-led, Normandy-based group at the stage of standardising tools across 100+ sites.",,,4,https://www.lejournaldesentreprises.com/article/apres-une-poussee-de-croissance-les-creches-lea-leo-veulent-passer-le-cap-de-la-maturite-2132271; https://www.leaetleo.com/actualites/5-questions-a-frederic-thomas-president-fondateur-du-groupe-des-creches-lea-leo/334; https://entreprise-decisions.fr/transaction/groupe-lea-leo-ernestine/,fr_benelux.json,,,
"La Maison Bleue (incl. Kids&Co UK?, Pop e Poppa CH?, Luxembourg)",multi-country-platform,FR,FR; GB; CH; LU,Boulogne-Billancourt,"Boulogne-Billancourt, France",https://www.la-maison-bleue.fr/,~400+ crèches directly managed (prior knowledge - verify),,"not confirmed (est. EUR 300-400m, prior knowledge)","Management (Sylvain Forestier ~60%) with TowerBrook Structured Opportunities and Bpifrance (minority, 2016); check for 2024-2026 refinancing",Sylvain Forestier,Founder & President/CEO,,,,,"La Maison Bleue was founded in 2004 by Sylvain Forestier and Antonia Ryckbosch and grew into the #3 private crèche operator in France. In 2016 TowerBrook Structured Opportunities and Bpifrance took a minority stake in a secondary MBO that saw Activa Capital and EPF Partners exit, with management increasing its holding to about 60%. The group expanded abroad with a first UK acquisition (reported by Nursery World), plus Switzerland and Luxembourg, positioning itself as a francophone-plus-UK platform. In 2024-2025 it was subject to an IGAS inspection report (published June 2025) on the control of private crèche groups, which increased compliance and reporting workloads across the sector. It sells employer-reserved places (crèches d'entreprise) and operates a parent portal/app; software vendors not confirmed. Hooks: sector regulation is driving investment in quality dashboards, incident reporting and parent transparency; multi-country footprint means appetite for a single parent-communication layer. Group decision sits with the founder-CEO and a small Paris HQ team.",confirmed via search (historic); verify still in role 2026,,4,http://www.towerbrook.com/towerbrook-structured-opportunities-announces-investment-in-la-maison-bleue/; https://www.unquote.com/france/official-record/3002181/towerbrook-bpi-take-minority-stake-in-la-maison-bleue; https://www.nurseryworld.co.uk/content/news/french-nursery-group-la-maison-bleue-seals-first-uk-deal; https://www.igas.gouv.fr/sites/igas/files/2025-06/2024-010R%20-%20Rapport%20d%C3%A9finitif%20Maison%20Bleue%20(version%20occult%C3%A9e).pdf,paneuro.json,,,https://theorg.com/org/la-maison-bleue-sas/org-chart/sylvain-forestier; https://getprospect.com/business-directory/la-maison-bleue-fr
Les Chérubins (La Compagnie des Crèches),micro-crèche franchise network,FR,,Strasbourg,Strasbourg (67),https://www.les-cherubins.com,250+ micro-crèches (2025; 34 opened in 2025),"~3,000",,founder-owned franchisor,,Co-founders (first names Martial and Arnaud cited; surnames not confirmed),,"Samuel Graux (franchisee acquiring liquidated micro-crèches, 2025)",angele@les-cherubins.com; rythme@les-cherubins.com; longueil-annel@les-cherubins.com,0972 30 30 55,"Les Chérubins started in Strasbourg in 1999 as a home-childcare service; in 2009 La Compagnie des Crèches was created to develop and manage franchised Les Chérubins micro-crèches. It is now France's largest micro-crèche franchise with 250+ units and ~3,000 children, and opened 34 new units in 2025. Forbes France has profiled it as the 'champion of micro-crèches'. It is rolling out new tools for franchisees and consolidating distressed independent micro-crèches. The 2025 micro-crèche decree (director capped at 2 sites, staffing rules) is a major operational change for the network. Hook: franchisor rolls out centralised tooling to hundreds of franchisees.",,decision maker not confirmed by search in this session (search budget exhausted); verify before outreach,4,https://lexpress-franchise.com/franchise/les-cherubins/actualites/en-2025-34-nouvelles-micro-creches-ont-ete-ouvertes-dans-le-reseau-les-cherubins/; https://www.forbes.fr/business-inside/les-cherubins-champions-des-micro-creches/; https://www.franchise-enfants.fr/news-franchise-enfants-563084-les-cherubins-un-bilan-2025-solide-et-des-ambitions-affirmees-pour-2026.html,fr_benelux.json,,,https://www.les-cherubins.com/contact.html; https://www.les-cherubins.com/
Les Petites Canailles,crèche chain + bilingual schools,FR,,Neuilly-sur-Seine,Neuilly-sur-Seine (92200),https://www.lespetitescanailles.fr,~40 private crèches (Île-de-France),,,founder-owned with minority PE (Société Générale Capital Partenaires),Sébastien Martin,Co-founder & Directeur Général,,Damien Tondelli (co-founder),info@lespetitescanailles.fr,,"Les Petites Canailles was founded in 2010 by Damien Tondelli and Sébastien Martin and runs around forty private crèches concentrated in Île-de-France, plus bilingual schools. Revenue reached about EUR 30m in 2023. Société Générale Capital Partenaires holds a minority stake supporting expansion. The group markets a premium, bilingual positioning to families and employers in western Paris. Hook: premium positioning where parent experience tooling is a differentiator.",,,4,https://capitalpartenaires.societegenerale.com/fr/portefeuille/participation/muid/les-petites-canailles/; https://fr.linkedin.com/company/les-petites-canailles,fr_benelux.json,,,https://www.lespetitescanailles.fr/contact/; https://ecoles.lespetitescanailles.fr/contact/; https://www.linkedin.com/in/s%C3%A9bastien-martin-80960a21/
Liveli by Sodexo (ex Crèche Attitude / Crèches de France),crèche chain (corporate subsidiary),FR,,Boulogne-Billancourt,Boulogne-Billancourt (92100),https://www.liveli.fr,"320+ own crèches + 1,200 partner crèches; target 600 sites in 2025",,,"listed parent (Sodexo SA, Euronext Paris)",Marc Jouannic,"Directeur Général, Liveli",,,recrutement@liveli.fr; privacy.hq.cat@sodexo.com,01 46 94 91 95,"Crèche Attitude was Sodexo's crèche subsidiary; in 2018 it acquired Crèches de France from Groupe SIS and the combined business was rebranded Liveli. Liveli manages more than 320 owned crèches and a 1,200-site partner network, with about 3,300 employees, and stated a target of 600 sites by 2025 in France and abroad. As part of a listed catering/services group it has structured procurement and a strong B2B (employer-reserved places) sales model. Sodexo positions Liveli within its 'quality of life services' offering to corporate clients. Hook: corporate-grade purchasing process and a large parent-facing brand; group DG confirmed via press.",,,4,"https://www.lesprosdelapetiteenfance.fr/creche-attitude-devient-liveli-by-sodexo/; https://www.neorestauration.com/article/sodexo-renforce-son-positionnement-dans-le-secteur-des-creches,42655; https://www.sodexo.com/fr/news/newsroom/2018/creche-de-france-acquisition",fr_benelux.json,,,https://liveli.candidats.talents-in.com/personal-data; https://www.lesprosdelapetiteenfance.fr/creche-attitude-devient-liveli-by-sodexo/; https://www.issworld.com/fr-fr/a-propos/espace-m%C3%A9dias/news/2022/04/nomination-marc-jouannic-et-sylvain-mallet/nomination-marc-jouannic-sylvain-mallet
Rigolo Comme La Vie (IDKIDS group),crèche & micro-crèche network,FR,,Roubaix,Roubaix (59),https://www.rigolocommelavie.org,"57 structures, 1,300 places (2025)","2,800 children",,family-owned corporate parent (IDKIDS / Mulliez family – Okaïdi group),Audric Anselmi,Directeur Général (since Sept 2025),,"Laurent Rousseau (LinkedIn, Rigolo Comme La Vie management)",,,"Rigolo Comme La Vie is the crèche arm of IDKIDS (Okaïdi, Jacadi), the Mulliez-family children's retail group based in Roubaix. It operates 57 crèches and micro-crèches (1,300 places, 2,800 children) across Hauts-de-France, Brittany, Aube and Île-de-France. In 2024-2025 it acquired four crèches, opened new micro-crèches in Ille-et-Vilaine (Bédée) and Vannes, and once opened five sites at once. In September 2025 Audric Anselmi was appointed Directeur Général to drive further growth. The network has a strong parenting/education content positioning inherited from IDKIDS. Hook: new DG, growth mandate, and a retail parent used to brand and customer experience tools.",,,4,https://www.rigolocommelavie.org/2025/09/16/rigolo-comme-la-vie-renforce-son-equipe-de-direction-et-confirme-ses-ambitions-de-croissance-avec-larrivee-daudric-anselmi-en-tant-que-nouveau-directeur-general/; https://www.lejournaldesentreprises.com/breve/rigolo-comme-la-vie-etend-son-reseau-avec-le-rachat-de-quatre-creches-2092927,fr_benelux.json,,,https://www.rigolocommelavie.org/wp-content/uploads/2025/09/Communique-de-presse-nomination-Audric-Anselmi.pdf; https://www.rigolocommelavie.org/espace-presse/
Banana Moon Day Nurseries (franchise),franchise,GB,,Redditch? (Worcestershire) - verify,not confirmed,https://www.bananamoonfranchise.com,"52 nurseries England, Scotland & Wales (2025/26)",,,acquired by The Learning Experience (US franchisor) - brand continues; co-founder MD retained,Mark Bates,Co-founder & Managing Director,,Franchise development team - see meet-the-team page; The Learning Experience (parent) UK lead - not confirmed,,,"Franchised day-nursery brand (BFA member) with 52 franchised nurseries across Britain. Acquired by US franchisor The Learning Experience (TLE) but every nursery continues under the Banana Moon name led by co-founder MD Mark Bates. Publishes franchisee success stories (e.g. Amanda Penny, 2026) and targets first-time operators. Franchise model means head office selects group-wide systems and franchisees adopt them; a franchisor-level deal can roll to 50+ sites. Hooks: TLE ownership, franchise recruitment drive, standardised tech stack.",,MD confirmed via WebSearch snippet this session,4,https://www.nationalworld.com/must-read/banana-moon-nurseries-acquired-learning-experience-8842076; https://www.bananamoonfranchise.com/banana-moon-our-culture/meet-the-team/; https://www.thebfa.org/franchisors/banana-moon-day-nursery/; https://www.bananamoonfranchise.com/2026/04/28/growing-with-a-franchise-amanda-pennys-banana-moon-success-story/,uk_ie.json,,,https://www.bananamoonfranchise.com/banana-moon-our-culture/meet-the-team/mark-bates/; https://www.crunchbase.com/organization/banana-moon-day-nursery-limited
Busy Bees Nurseries,chain,GB,,Burntwood (Staffordshire),"Busy Bees Nurseries Ltd, Grosvenor House, 2 Wolverhampton Road, Burntwood, WS7 3JL (prior knowledge)",https://www.busybeeschildcare.co.uk,"387 sites UK & Ireland (Nov 2025); 364 UK nurseries / 34,173 places in Nursery World 2026 table",34173,,PE/pension-backed (Ontario Teachers' Pension Plan majority; Temasek minority),Christopher McCandless,Chief Executive Officer (appointed Sept 2025),,"Marg Randles (co-founder, Group MD/Chief Operating Officer historically; role not re-confirmed 2025); Group CFO - not confirmed; UK Managing Director - not confirmed","info@busybees.com (generic, not confirmed); enrolments@busybees.com","+44 (0)1543 711 200 (head office, not confirmed)","Founded 1983 by Marg Randles, John Woodward and Lynn Baty in Staffordshire; grew via acquisition (Treetops 2017, etc.) into the UK's largest nursery operator and a global group (Canada, Australia, NZ, Singapore, Malaysia, Italy, Ireland, US). Owned since 2013 by Ontario Teachers' Pension Plan with Temasek as minority investor. Nursery World's 2026 report keeps Busy Bees at no.1 with 364 UK nurseries and 34,173 places; the group reported 387 UK & Ireland sites in Nov 2025 after buying multiple small groups. Christopher McCandless became CEO in September 2025, succeeding long-time chief executive Simon Irons. Busy Bees runs its own in-house parent app and 'Busy Bees Education' curriculum; scale makes it a strategic (slow) but very high-value account. Hooks: new CEO, continued UK bolt-on strategy, Ireland presence (ex-Giraffe Childcare).",,CEO name confirmed via WebSearch snippet this session. Contact details from prior knowledge - NOT confirmed by search this session; verify before outreach,4,https://www.nurseryworld.co.uk/content/news/uks-largest-nursery-provider-busy-bees-grows-to-387-settings; https://www.nurseryworld.co.uk/content/features/nursery-groups-report-2026-new-order-sizing-up-the-uks-largest-nursery-groups; https://www.otpp.com/en-ca/about-us/news-and-insights/portfolio-insights/busy-bees-nurseries-partnering-in-global-growth/; https://find-and-update.company-information.service.gov.uk/company/03454787,uk_ie.json,,,https://www.busybeeschildcare.co.uk/management-team; https://www.busybeeschildcare.co.uk/news-item/139-1727859038
Childbase Partnership,chain,GB,,Newport Pagnell (Milton Keynes),"Childbase Partnership Ltd, 1 Silbury Boulevard? - not confirmed; Newport Pagnell, Bucks (prior knowledge)",https://childbasepartnership.com,44 day nurseries (2025),,,employee-owned (100% EOT since 2017),Emma Rooney,Chief Executive Officer,,"Mike Thompson (founder; former chair - prior knowledge, verify); Head of People - not confirmed",info@childbase.com (not confirmed),+44 (0)1908 224400 (not confirmed),"Founded 1989; the first UK early-years company to move to 100% employee ownership (2017), with 2,300+ colleagues across 44 nurseries in south-east England. Tops Nursery World's Ofsted quality table in 2024, 2025 and 2026 (every nursery Good or Outstanding) and won a Sunday Times Best Places to Work top-10 spot in 2025. Growth is organic and cautious (new-build nurseries), with heavy investment in apprenticeships and staff retention. Quality-obsessed culture makes it an ideal reference customer for pedagogical / assessment tools. Hooks: EOT governance, quality leadership, staff development.",,CEO confirmed via WebSearch snippet this session,4,https://www.nurseryworld.co.uk/content/news/childbase-partnership-takes-top-spot-in-our-nursery-chains-2025-quality-table; https://childbasepartnership.com/employee-ownership/; https://childbasepartnership.com/news/childbase-best-place-to-work/; https://business.itn.co.uk/building-bright-futures-childbase-partnerships-hands-on-approach-to-childcare-apprenticeships/,uk_ie.json,,,https://childbasepartnership.com/contact-us/; https://www.zoominfo.com/c/childbase-partnership-ltd/21958505; https://rocketreach.co/emma-rooney-email_248207453
Family First Nurseries Group,chain,GB,,Northampton? - verify,not confirmed,https://www.familyfirstnurseries.co.uk,"100 nurseries / 7,500+ places (2024)",7500,,PE-backed (August Equity - prior knowledge; verify),Tony Page,Chief Executive Officer (joined Dec 2023),,Chief Operating Officer - not confirmed; Head of Acquisitions - not confirmed,,,"Buy-and-build group formed 2017 (Family First Day Nurseries Ltd, Companies House 10673002) that reached 76 nurseries in 2023 and 100 nurseries / 7,500+ places in 2024 after deals including Cherry Childcare (11 sites). Nursery World reported the appointment of Tony Page as CEO to lead the next growth phase. Believed to be backed by August Equity (verify). Group runs regional brands under a shared central platform; strong candidate for group-wide software and parent-communication rollouts. Hooks: post-100-site integration, new CEO, PE exit horizon.",,CEO confirmed via WebSearch snippet this session; investor from prior knowledge - NOT confirmed by search this session; verify before outreach,4,https://www.nurseryworld.co.uk/news/article/family-first-grows-to-76-nurseries; https://www.nurseryworld.co.uk/news/article/expanding-nursery-group-family-first-appoints-new-ceo; https://www.nurseryworld.co.uk/news/article/family-first-buys-nursery-group-of-11-sites; https://find-and-update.company-information.service.gov.uk/company/10673002,uk_ie.json,,,https://familyfirstnurseries.co.uk/contact-us; https://familyfirstnurseries.co.uk/leadership; https://www.linkedin.com/in/tony-page-30a49910/
Fennies Nurseries,chain,GB,,Croydon (South London),not confirmed,https://www.fennies.com,20 settings (2025) + 9 new locations planned,,,founder-owned (family; debt-funded £45m Shawbrook/Cynergy club facility),Steven Fenn,Chief Executive Officer,,Operations Director - not confirmed; Head of Marketing - not confirmed,info@fennies.com (not confirmed); enquiries@fennies.com; recruitment@fennies.com; talent@fennies.com,0208 770 3222,"Family-founded (Fennies Day Nurseries Ltd, CH 05088188) premium group in Surrey/Kent/South London with 20 settings. Secured a £45m debt facility from Shawbrook and Cynergy Bank (Hazlewoods advised) to open nine new purpose-built nurseries through 2025-26, creating 400+ jobs. Strong on design, food and staff wellbeing (Best Companies listing). Hooks: new-site openings, ownership remains with founders so decisions are quick.",,CEO confirmed via WebSearch snippet this session,4,https://www.shawbrook.co.uk/business/news-case-studies/case-studies/shawbrook-bank-supports-long-term-growth-for-fennies-nurseries/; https://www.hazlewoods.co.uk/insights/corporate-finance/hazlewoods-corporate-finance-supports-shawbrook-with-nursery-group-funding/; https://theorg.com/org/fennies-nurseries/org-chart/steven-fenn,uk_ie.json,,,https://www.fennies.com/contact-fennies; https://www.fennies.com/contact-us; https://leadiq.com/c/fennies-nurseries/5a1d996d2300005a00882e07/email-format
"Grandir UK (Kiddi Caru, Dicky Birds, Co-op Childcare heritage, Hungry Caterpillars etc.)",chain,GB,,Ringwood? / Southampton area - verify,not confirmed,https://www.grandiruk.com,80+ nurseries (2025; company statement),,,"family-owned parent (Grandir / Les Petits Chaperons Rouges, France; Jean-Emmanuel Rodocanachi family with minority investors)",Lydia Hopper,"Chief Executive Officer, Grandir UK",,Operations Director - not confirmed; Head of Marketing - not confirmed,info@grandiruk.com (not confirmed); parentengagement@grandiruk.com,,"Grandir UK is the British arm of French family-owned group Grandir (LPCR), which bought Kiddi Caru in 2019 and subsequently multiple groups (e.g. Dicky Birds, Hungry Caterpillars, Co-operative Childcare sites - verify list). Founded originally 1998 as Kiddi Caru; now 80+ settings across the South West, Midlands, South East and Central England. Named a daynurseries.co.uk Top 20 Nursery Group for 2025 and 2026; continuing to grow in Sussex per company news. CEO Lydia Hopper has a 92% Glassdoor approval. Parent Grandir operates in France, Germany, Canada, US and UK, so central procurement may involve Paris. Hooks: multi-brand integration, French parent with strong digital agenda.",,CEO confirmed via WebSearch snippet this session,4,"https://www.grandiruk.com/news/grandir-uk-continues-to-grow-in-sussex/; https://www.nurseryworld.co.uk/content/news/kiddi-caru-sold-to-european-childcare-provider; https://www.glassdoor.co.uk/Overview/Working-at-Grandir-UK-EI_IE6792518.11,21.htm; https://www.grandiruk.com/blog/grandir-uk-has-been-named-one-of-daynurseries-top-20-nursery-groups-for-2026/",uk_ie.json,,,https://www.facebook.com/grandiruk/
"Grandir UK (Kiddi Caru, First Place Nurseries and others)",multi-country-platform,GB,GB,Peterborough (verify),,https://www.grandiruk.com/,99 nurseries (2025),,,Grandir Group / InfraVia (2018 acquisition of Kiddi Caru),,Managing Director / CEO Grandir UK - not confirmed,,,,,"Grandir UK is the British arm of the French Grandir Group, built on the 2018 acquisition of Kiddi Caru and expanded through a steady programme of bolt-on deals brokered by Christie & Co and others. In 2024-2025 it added First Place Nurseries (three sites in Hertfordshire/Buckinghamshire) and a seven-nursery group in the South of England, taking it to 99 settings. It trades under several legacy brands and has been progressively rebranding to Grandir UK. The UK arm operates in a sector where the 2025 expansion of funded hours to nine months+ drives occupancy but squeezes margins, so operators are investing in occupancy management and parent communication software. Vendor for parent app/nursery management not confirmed (UK peers use Famly, Blossom, iConnect, Nursery in a Box). Hooks: group-level standardisation with the French parent's systems, Ofsted reporting, and integration of acquired sites. Decision-maker names for the UK board were not confirmed this session; check Companies House officers for GRANDIR UK entities.",not confirmed,,4,https://www.grandiruk.com/blog/growing-our-network-first-place-nurseries-join-grandir-uk; https://nmt-magazine.co.uk/grandir-uk-buys-seven-nurseries-in-south-of-england/; https://www.christie.com/news-resources/press-releases/first-place-nurseries-buckinghamshire-hertfordshire-sold/,paneuro.json,,,https://www.grandiruk.com/contact-us/; https://rocketreach.co/grandir-uk-email-format_b79f5d22c5e53f09; https://www.linkedin.com/in/aalayza/
Happy Days Nurseries & Pre-Schools,chain,GB,,Bournemouth? (South West) - verify,not confirmed,https://happydaysnurseries.com,"40 nurseries (2026); target 43+ early 2026, 60-80 long term",,,PE-backed (investor not confirmed; £30m OakNorth debt facility Nov 2025),Kim Herbert,Chief Executive Officer,,Chief Financial Officer - not confirmed; Head of Acquisitions - not confirmed,,,"South West / southern England group (Happy Days Day Nurseries Ltd, Companies House 04330463) with about 1,230 staff. Grew from 30 to 40 nurseries in a year and secured a £30m growth facility from OakNorth Bank in Nov 2025 to fund a buy-and-build strategy across southern England, targeting 60-80 nurseries. CEO Kim Herbert called the funding 'a pivotal moment'. Hooks: aggressive acquisition pipeline, integration tooling, funding in place.",,CEO confirmed via WebSearch snippet this session,4,https://happydaysnurseries.com/news/happy-days-secures-30-million-growth-facility/; https://nmt-magazine.co.uk/happy-days-aims-to-double-in-size-with-30m-loan/; https://www.insidermedia.com/news/north-west/1230-strong-pe-backed-childcare-provider-secures-30m-oaknorth-loan-to-support-buy-and-build-strategy; https://www.nurseryworld.co.uk/content/features/nursery-groups-report-2026-new-order-sizing-up-the-uks-largest-nursery-groups,uk_ie.json,"kim.herbert@happydaysnurseries.com (Kim Herbert, Chief Executive Officer)",first.last@domain,https://happydaysnurseries.com/news/new-acquisitions/; https://happydaysnurseries.com/about-us/meet-the-team/; https://www.linkedin.com/in/kim-herbert-6635305a/
Kids Planet Day Nurseries,multi-country-platform,GB,GB,"Lymm, Cheshire","Lymm, Cheshire WA13 0RZ, England",https://www.kidsplanetdaynurseries.co.uk/,"240-290 nurseries UK (2025, sources vary)",23270,not confirmed (Companies House 06596787),"Founder family (Clare Roberts, John Hoban) with Fremman Capital (2023), Souter Investments and Tresmares Capital",Clare Roberts,CEO & Co-founder,https://uk.linkedin.com/company/kids-planet-day-nurseries (company page),name: Lucy Kaczmarska; title: Chief Operating Officer; name: John Hoban; title: Co-founder / Chairman | John Roberts (co-founder / Chairman - prior knowledge); Chief Operating Officer - not confirmed; Head of Marketing - not confirmed,info@kidsplanetdaynurseries.co.uk (not confirmed),+44 (0)1925 594 300 (not confirmed),"Kids Planet was founded in 2008 by Clare Roberts and her father John Hoban and has become the UK's second-largest nursery group through relentless acquisition, from ~190 sites in 2023 to 240-290 by 2025. Fremman Capital invested in 2023 alongside Souter Investments, funding the buy-and-build. It remains founder-led with a family ethos and a strong central operations team (COO Lucy Kaczmarska). It is UK-only today but its scale and PE backing make it a candidate for a European move or for sale to a pan-European platform. Software: Kids Planet is a known user of a nursery management/parent app (Famly is widely used by UK groups of this size; vendor not confirmed). Hooks: integration of dozens of acquired nurseries per year, funded-hours administration, staff retention tools, and a CEO who is very visible on LinkedIn. | Founded 2008 in Cheshire by Clare Roberts and her father John Roberts; now the UK's second-largest group after overtaking Bright Horizons in Nursery World's 2026 report (271 nurseries, 23,270 places). Completed roughly 40 acquisitions in 2025 alone (small groups and single sites), entered Wales in Jan 2025 with Springfield Day Nurseries (5 sites) and then Ireland via the acquisition of Dublin-based Tigers Childcare (34 settings), taking the group past 300 settings. Backed by Fremman Capital; extremely acquisitive buy-and-build model with a centralised head office in Lymm. Uses a group-wide parent app (Famly is widely reported at KP sites - verify). Hooks: fastest-growing group in UK/IE, integration of dozens of acquired sites per year, Ireland entry.",confirmed via search,CEO confirmed via WebSearch snippet this session,4,https://www.kidsplanetdaynurseries.co.uk/about-us/; https://www.souterinvestments.com/portfolio/kids-planet; https://pitchbook.com/profiles/company/120933-73; https://find-and-update.company-information.service.gov.uk/company/06596787/filing-history | https://www.nurseryworld.co.uk/content/news/kids-planet-expands-internationally-with-acquisition-in-ireland; https://www.nurseryworld.co.uk/content/features/nursery-groups-report-2026-new-order-sizing-up-the-uks-largest-nursery-groups; https://www.kidsplanetdaynurseries.co.uk/news-and-events/2024-a-year-in-review/; https://www.nurseryworld.co.uk/content/news/kids-planet-moves-ahead-of-bright-horizons-in-our-annual-roundup-of-the-uks-largest-nursery-groups,paneuro.json,,,https://www.kidsplanetdaynurseries.co.uk/clare-roberts; https://www.kidsplanetdaynurseries.co.uk/about-us/
Kindred Nurseries (Kindred Education),chain,GB,,Ely / Cambridgeshire? - verify,not confirmed,https://www.kindrednurseries.co.uk,51 nurseries (2025),,,PE-backed (new private equity backing 2024/25 - investor name not confirmed),Ruth Pimentel,Chief Executive Officer,,Chief Operating Officer - not confirmed; Head of Quality - not confirmed,enquiries@kindrednurseries.co.uk; dpo@kindrednurseries.co.uk; recruitment@kindrednurseries.co.uk,,"Kindred grew from a regional East of England group into 51 settings across London, the South, East and Midlands after 2025 acquisitions of The Big Top Nursery Group, Building Blocks Nursery and Mary Poppins Nursery (Cattaneo advised). Named Nursery Group of the Year (Nursery World Awards) and profiled by Famly, indicating Famly may be its parent app (verify). Secured new private-equity backing to fund expansion (NMT). Hooks: active acquirer, award-winning quality, Famly user.",,CEO confirmed via WebSearch snippet this session,4,https://www.cattaneo.co.uk/2025/08/31/kindred-makes-three-acquisitions/; https://nmt-magazine.co.uk/kindred-to-expand-with-new-private-equity-backing/; https://www.famly.co/blog/early-years-voices-kindred-nursery-group-of-the-year; https://www.nurseryworld.co.uk/content/news/kindred-education-buys-three-new-nurseries,uk_ie.json,,,https://kindrednurseries.co.uk/privacy-policy; https://kindrednurseries.co.uk/
London Early Years Foundation (LEYF),non-profit-group,GB,,London,"LEYF, 121 Marsham Street, London SW1P 4LX (prior knowledge)",https://www.leyf.org.uk,40+ nurseries across 12-13 London boroughs (2025),,,non-profit (charitable social enterprise),Dr June O'Sullivan OBE,Chief Executive,,Deputy CEO / Director of Operations - see https://www.leyf.org.uk/about/meet-the-team/ (names not confirmed); Head of Marketing - not confirmed,info@leyf.org.uk (not confirmed),+44 (0)20 7834 8679 (not confirmed),"Charitable social enterprise (roots in 1903 Westminster Health Society) running 40+ nurseries with a cross-subsidy model for disadvantaged children. Led since 2006 by Dr June O'Sullivan OBE, a prominent sector voice (WISE100 Social Business Woman of the Year 2025). Ranked 2nd/3rd for quality in Nursery World's 2025/2026 tables and won a King's Award for Enterprise (Sustainable Development) 2025. Publishes an annual report; runs its own apprenticeship academy and LEYF pedagogy. Hooks: sustainability, social impact, research partnerships, London expansion.",,CEO confirmed via WebSearch snippet this session,4,https://www.leyf.org.uk/wp-content/uploads/2026/04/1215_LEY002X_LEYF_ARA-2025_buzz-signed.pdf; https://www.leyf.org.uk/about/meet-the-team/; https://en.wikipedia.org/wiki/June_O%27Sullivan; https://www.nurseryworld.co.uk/content/features/nursery-groups-report-2026-growth-and-caution,uk_ie.json,,,https://www.leyf.org.uk/about/meet-the-team/june-osullivan/; https://www.leyf.org.uk/about/meet-the-team/
Monkey Puzzle Day Nurseries (franchise),franchise,GB,,Watford? (Hertfordshire) - verify,not confirmed,https://monkeypuzzledaynurseries.com,70+ settings (2025); +25-30 planned by 2028,,,founder-owned (Mark & Rebecca Crosby returned to day-to-day leadership 2025) with executive chairman,Richard Blunden,Chief Executive Officer,,Mark Crosby (co-founder); Rebecca Crosby (co-founder); Executive Chairman - announced via BFA (name not confirmed); Jessie Haggerty (Franchise/Property Acquisitions Manager),info@monkeypuzzledaynurseries.com,01442 878887,"UK's largest childcare franchise network with 70+ settings; BFA member. Founders Mark and Rebecca Crosby returned to lead day-to-day operations in 2025 alongside CEO Richard Blunden and a newly appointed executive chairman. Plans to add 25-30 nurseries by 2028 and celebrated a 'summer of new settings'. As a franchisor, group-level software/parent-app decisions cascade across all franchisees. Hooks: growth plan, founder re-engagement, property pipeline.",,CEO/founders confirmed via WebSearch snippet this session,4,https://www.thebfa.org/news/monkey-puzzle-day-nurseries-celebrates-a-summer-of-new-settings/; https://elitefranchisemagazine.co.uk/franchise-diaries/item/founders-return-to-lead-the-charge-at-monkey-puzzle-day-nurseries; https://www.thebfa.org/news/monkey-puzzle-day-nurseries-signals-a-new-era-with-announcement-of-executive-chairman-2/; https://www.therequirementlist.com/blog/qa-with-jessie-property-acquisitions-monkey-puzzle,uk_ie.json,,,https://monkeypuzzledaynurseries.com/enquire-now/; https://leadiq.com/c/monkey-puzzle-day-nurseries-ltd/5ea2b94a60fe562750a26e4d/email-format; https://www.zoominfo.com/p/Harry-Long/9023103825
Partou UK,multi-country-platform,GB,GB,Manchester area (verify),,https://partou.co.uk/,106 settings (2024) plus 2025 acquisitions,,,Partou Group / Waterland,Samantha Rhodes,UK Managing Director,,title: Operations Director (appointed 2024-2025; name not captured),customerservice@partou.co.uk,,"Partou UK was created in 2024 by merging Just Childcare (64 settings, North West/Yorkshire/South West) and All About Children (40+ settings, South East/Midlands/London), both bought by Waterland-backed Partou. Samantha Rhodes, formerly Just Childcare CEO, leads the combined 106-setting group, which made its first post-rebrand acquisition in 2025 and won multiple industry awards. The merger implies a systems consolidation across two legacy estates (vendors not confirmed). Hooks: integration programme, alignment with Dutch parent's platforms, and continued M&A.",confirmed via search,,4,https://nmt-magazine.co.uk/partou-uk/; https://partou.co.uk/our-history/; https://businessinthemidlands.co.uk/partou-expands-uk-nursery-portfolio-with-first-post-brand-launch-acquisition/; https://find-and-update.company-information.service.gov.uk/company/07223697,paneuro.json,,,https://nmt-magazine.co.uk/partou-samantha-rhodes-retires/; https://partou.co.uk/news-and-blogs/creating-a-shared-vision-within-partou/; https://www.trustpilot.com/review/partou.co.uk
Partou UK (formerly Just Childcare + All About Children),chain,GB,,"Manchester area (Just Childcare HQ, Bolton/Manchester) - verify",not confirmed,https://partou.co.uk,"100+ nurseries / 8,181 places (NW 2026, 4th largest)",8181,,PE-backed (Waterland Private Equity via Partou Netherlands),Samantha Rhodes,"Managing Director / CEO, Partou UK",,"Jeanine Lemmens-Westerink (Group CEO, Partou NL); UK Operations Director - not confirmed; Head of Marketing - not confirmed",hello@partou.co.uk (not confirmed),,"Partou, the largest Dutch childcare group (Waterland-backed), bought Just Childcare (founded 2004 by David & Jacqueline Johnson) and All About Children (founded 2010 by Russell Ford & Marcia Viccars) and merged them under the Partou brand in 2023. Now 4th-largest UK group with 8,181 places; continued bolt-ons (e.g. an 8-setting group in the North West). Samantha Rhodes, ex-CEO of Just Childcare, leads the UK business. Published a 2024 Social Responsibility Report. As a subsidiary of a Dutch group, tech stack decisions may be influenced by NL parent (Partou uses its own parent app in NL). Hooks: brand integration, group-wide systems harmonisation post-merger.",,UK lead confirmed via WebSearch snippet this session,4,https://www.nurseryworld.co.uk/content/news/nursery-groups-just-childcare-and-all-about-children-merge-under-ownership-of-partou; https://nmt-magazine.co.uk/partou-uk/; https://www.insidermedia.com/news/north-west/eight-setting-nursery-snapped-up-by-partou; https://www.nurseryworld.co.uk/content/features/nursery-groups-report-2026-new-order-sizing-up-the-uks-largest-nursery-groups,uk_ie.json,,,https://nmt-magazine.co.uk/partou-samantha-rhodes-retires/; https://partou.co.uk/news-and-blogs/creating-a-shared-vision-within-partou/
Storal (Storal Learning / Storal Nurseries),chain,GB,,London / Northampton? - verify,not confirmed,https://www.storal.com,"56 nurseries / 5,301 places (NW 2025, 10th largest)",5301,,PE-backed (investment obtained for growth - investor name not confirmed; Children 1st acquisition),Sarah Mackenzie,Chief Executive Officer,,Chief Operating Officer - not confirmed; Head of Marketing - not confirmed,hello@storal.com (not confirmed),,"Storal (formerly Storal Learning, Companies House 02434041 legacy entity) doubled in size by acquiring the long-established Children 1st Day Nurseries group (Christie & Co deal) and is now the 10th-largest UK group with 56 nurseries and 5,301 places. Sarah Mackenzie joined as CEO. NMT reported Storal obtained investment for future growth (investor name to confirm). Positioned as a quality-led, ownership-of-brand group across Midlands and South. Hooks: integrating Children 1st estate, systems harmonisation, growth funding.",,CEO confirmed via WebSearch snippet this session,4,https://www.nurseryworld.co.uk/news/article/sarah-mackenzie-starts-new-role-as-ceo-of-storal-learning; https://www.christie.com/news-resources/press-releases/children-first-day-nurseries-sold-storal/; https://nmt-magazine.co.uk/storal-obtains-investment-for-future-growth/; https://www.nurseryworld.co.uk/content/features/nursery-chains-2025-making-a-move-the-25-largest-nursery-groups-by-size-and-quality,uk_ie.json,,,https://x.com/sarah1mackenzie
The Old Station Nursery Group (part of La Maison Bleue),chain,GB,,Faringdon (Oxfordshire),not confirmed,https://www.theoldstationnursery.co.uk,78-79 nurseries (2025),,,"PE-backed (La Maison Bleue, France - backed by Antin / TowerBrook - prior knowledge)",Adelle Taylor,Chief Executive Officer,,Sarah Steel OBE (Founder & Chair; also Chair of NDNA) - https://www.linkedin.com/in/sarah-steel-obe-65b269a/; Operations Director - not confirmed,info@theoldstationnursery.co.uk (not confirmed),,"Founded 2002 by Sarah Steel in Faringdon; joined French group La Maison Bleue in 2022 and has since grown by acquisition (e.g. My First Friends) to 78-79 nurseries, earning a daynurseries.co.uk Top 20 Group award for 2026. Sarah Steel stepped up to Chair (and became Chair of the National Day Nurseries Association) with Adelle Taylor appointed CEO; Steel received an OBE from King Charles in Nov 2025. Group has a strong training arm and public-affairs profile through NDNA. Hooks: French parent group systems, rapid acquisition integration, sector-influential chair.",,CEO and Chair confirmed via WebSearch snippet this session,4,https://www.theoldstationnursery.co.uk/journal/the-old-station-nursery-group-proudly-welcomes-new-ceo-adelle-taylor/; https://www.theoldstationnursery.co.uk/journal/the-old-station-nursery-group-joins-la-maison-bleue/; https://www.nurseryworld.co.uk/content/news/sarah-steel-of-the-old-station-nursery-receives-her-obe; https://www.theoldstationnursery.co.uk/about/,uk_ie.json,,,https://www.theoldstationnursery.co.uk/journal/the-old-station-nursery-group-proudly-welcomes-new-ceo-adelle-taylor/; https://www.theoldstationnursery.co.uk/about/
Tigers Childcare (acquired by Kids Planet 2026),chain,IE,,Dublin,"Dublin, Ireland (not confirmed)",https://www.tigerschildcare.com,34 settings (at acquisition by Kids Planet),,,acquired - now part of PE-backed Kids Planet (Fremman Capital),,,,Karen Clince (founder - prior knowledge; post-deal role not confirmed); Kids Planet Ireland MD - not confirmed,info@tigerschildcare.com; accounts@tigerschildcare.com; careers@tigerschildcare.com; leopardstown@tigerschildcare.com; douglas@tigerschildcare.com; enfield@tigerschildcare.com; naas@tigerschildcare.com,+353 (0)1 685 5544,"Dublin-based group of 34 settings (creches and school-age services) that became Kids Planet's first international acquisition, taking the UK group past 300 settings. Founded by Karen Clince (prior knowledge). Integration into Kids Planet systems will follow. Hooks: post-acquisition integration; Ireland Core Funding / ECCE scheme reporting.",,Acquisition confirmed via WebSearch snippet this session; founder name from prior knowledge - NOT confirmed by search this session; verify before outreach,4,https://www.nurseryworld.co.uk/content/news/kids-planet-expands-internationally-with-acquisition-in-ireland; https://rainmakers.thebusinessdesk.com/p/kids-planet-makes-move-for-irish,uk_ie.json,,,https://tigerschildcare.com/contact-us/; https://tigerschildcare.com/wp-content/uploads/2022/11/EYC-Information-Pack.pdf
Hjallastefnan ehf,chain (pedagogical model),IS,,Garðabær / Reykjavík,,https://hjalli.is,~15-20 leikskólar and grunnskólar (not verified),,,founder-owned (Margrét Pála Ólafsdóttir - not verified),,,,,hjallastefnan@hjalli.is,,"Iceland's best-known private preschool operator, built on the gender-separated Hjalli model, running leikskólar and primary schools under contract with municipalities. Not verified in this session.",,from background knowledge only - NOT verified by search in this session; decision maker not confirmed,4,,nordics.json,,,https://hjalli.is/hjallastefnan-ehf; https://hjallastefnan.is/starfsfolk/midstod/; https://1819.is/hjallastefnan/
CADIAI Cooperativa Sociale,social cooperative operating nidi and scuole dell'infanzia,IT,,Bologna,Bologna,https://www.cadiai.it,,,,Social cooperative (type A),,,,,info@cadiai.it; crs@cadiai.it,+39 051 5283511,"CADIAI is one of Bologna's largest social cooperatives, managing municipal and corporate nidi d'infanzia and scuole dell'infanzia alongside elder and disability services. It operates dozens of early-childhood services in Emilia-Romagna under public contracts and project-finance schemes (Karabak consortia). Purchasing is centralised in Bologna.",,Not verified by web search this session (search budget exhausted after 24 queries); from prior knowledge - verify before outreach.,4,https://www.cadiai.it,south.json,,,https://www.cadiai.it/contatti; https://www.cadiai.it/cooperativa/; https://www.legacoop.bologna.it/cooperative/c_a_d_i_a_i__cooperativa_sociale_39/
Codess Sociale,social cooperative operating nidi and scuole dell'infanzia,IT,,Padova,Padova,https://www.codess.org,,,,Social cooperative,,,,,presidenza@codess.org; direzione@codess.org; info@codess.org,+39 049 807 34 62,"Codess Sociale is one of Italy's largest social cooperatives with an education area managing nidi and scuole dell'infanzia across Veneto and other regions, plus health and elder care. Central procurement in Padova.",,Not verified by web search this session (search budget exhausted after 24 queries); from prior knowledge - verify before outreach.,4,https://www.codess.org,south.json,,,https://www.codess.org/contatti/; https://www.codess.org/codess/societa-trasparente/
Coopselios,social cooperative operating nidi and scuole dell'infanzia,IT,,Reggio Emilia,Reggio Emilia,https://www.coopselios.com,,,,Social cooperative,,,,,info@coopselios.com; coopselios-re-reception@postecert.it,+39 0522 378610,"Coopselios is a major Emilian social cooperative with a large education division running nidi and scuole dell'infanzia in Emilia-Romagna, Lombardy, Veneto, Lazio and beyond, rooted in the Reggio approach. It also runs corporate nurseries. HQ in Reggio Emilia coordinates procurement.",,Not verified by web search this session (search budget exhausted after 24 queries); from prior knowledge - verify before outreach.,4,https://www.coopselios.com,south.json,,,https://www.coopselios.com/contatti/; https://www.coopselios.com/governance/
Pro.Ges. Società Cooperativa Sociale,social cooperative operating nidi and scuole dell'infanzia,IT,,Parma,Parma,https://www.proges.it,,,,Social cooperative,,,,,proges@proges.it; ufficiosoci@proges.it; servizioclienti@proges.it,+39 0521 600611,"Pro.Ges is a large Parma-based cooperative with a childhood division managing nidi, scuole dell'infanzia and corporate nurseries across northern and central Italy, plus elder care. Central procurement in Parma.",,Not verified by web search this session (search budget exhausted after 24 queries); from prior knowledge - verify before outreach.,4,https://www.proges.it,south.json,,,https://proges.it/cooperativa-proges-contatti/; https://soci.proges.it/contatti/; https://www.legacoopemiliaromagna.coop/cooperativa/proges-societa-cooperativa-sociale/
Reggio Children S.r.l. / Fondazione Reggio Children - Centro Loris Malaguzzi,"influencer organisation (Reggio Emilia Approach), training and products",IT,,Reggio Emilia,"Via Bligny 1/a, Reggio Emilia",https://www.reggiochildren.it,,,,"Mixed public-private company + foundation (Comune di Reggio Emilia, Istituzione Scuole e Nidi)",,,,,info@reggiochildren.it,+39 0522 513752,"Reggio Children promotes and licenses the Reggio Emilia Approach worldwide, runs the Loris Malaguzzi International Centre, and co-develops educational products (e.g. with PlayPlus/Play+). It is the gateway to the municipal nidi/scuole of Reggio Emilia and to an international network of Reggio-inspired schools. High influence, low direct purchasing.",,Not verified by web search this session (search budget exhausted after 24 queries); from prior knowledge - verify before outreach.,4,https://www.reggiochildren.it,south.json,,,https://www.reggiochildren.it/contattaci/; https://www.reggiochildren.it/en/contact-us/; https://www.frchildren.org/en/contact-us
Karalienės Mortos mokykla (Globeducate),private school network with kindergarten groups,LT,,Vilnius,Vilnius,https://karalienesmortosmokykla.lt,Vilnius + Kaunas campuses (2025),,,Globeducate (acquired 2025) - founded 2013 by Austėja Landsbergienė,,School director,,Founder: Dr Austėja Landsbergienė,info@kmmokykla.lt,+370 630 07474,"Karalienės Mortos mokykla is a private school network founded in 2013 by Austėja Landsbergienė in Vilnius and Kaunas, with preschool/pre-primary groups and a proprietary contextual education system. In 2025 it was sold with Vaikystės sodas to Globeducate. Post-acquisition management not confirmed. Sister organisation to Vaikystės sodas; approach jointly. High priority.",,,4,https://karalienesmortosmokykla.lt/en; https://www.15min.lt/verslas/naujiena/bendroves/tarptautinis-tinklas-perka-austejos-landsbergienes-mokyklu-ir-darzeliu-tinkla-663-2707638,other.json,,,https://karalienesmortosmokykla.lt/kontaktai/; https://www.info.lt/imones/Karalien%C4%97s-Mortos-mokykla-UAB/2330297
Zemenīte ABC (SIA Zemenīte ABC),private kindergarten chain,LV,,Riga,Riga,https://zemenite.lv,"5 branches in Riga (2025: Centrs, Āgenskalns, Ziepniekkalns, Iļģuciems + 1)",,,"Private SIA, founded 19.07.2012",Inga Dimante-Ansone,Head / Director (vadītāja),,,zemenite_abc@inbox.lv,,"Zemenīte ABC is a Riga private preschool chain with five branches across the Centre, Āgenskalns, Ziepniekkalns and Iļģuciems districts. The company SIA Zemenīte ABC was founded in July 2012. Inga Dimante-Ansone is listed as head. It also contracts with Mārupe municipality for co-financed places. Among the larger local (non-Dibber) chains in Riga. Strong lead for multi-site photo services.",,,4,https://zemenite.lv/lv; https://www.zl.lv/lv/uznemums/zemenite-abc-sia-privata-pirmsskolas-izglitibas-iestade--326025/; https://bernuinfo.lv/privatie-bernudarzi-riga/item/zemenite-abc.html,other.json,,,https://esiskolotajs.lu.lv/vakances/privata-pirmsskolas-izglitibas-iestade-zemenite-abc-s132; https://www.marupe.lv/sites/default/files/inline-files/Zemenite%20ABC_1.pdf
BLOS kinderopvang (Babilou Family Nederland),kinderopvang chain,NL,,Nieuwegein,Nieuwegein,https://www.blos.nl,300-316 locations,,,PE-backed (Babilou Family / Antin),Remko Berkel,CEO Babilou Family Nederland,,,info@blos.nl,06-42904968 (Berkel en Rodenrijs location),"BLOS kinderopvang is the Dutch arm of Babilou Family, with 300+ locations and 2,500+ employees, headquartered in Nieuwegein. It grows through acquisitions of local organisations (e.g., De Grabbelton) and standardises back-office on AFAS. Remko Berkel is named as CEO of Babilou Family Nederland. Hook: international parent with group procurement; local CEO confirmed.",,,4,https://nl.linkedin.com/company/bloskinderopvang; https://www.afas.nl/klantverhaal/blos-kinderopvang; https://www.degrabbelton.nl/nieuws/kinderopvang-de-grabbelton-wordt-blos-kinderopvang,fr_benelux.json,"e.debruin@blos.nl (Evelien de Bruin, Locatiemanager, BLOS Berkel en Rodenrijs)",f.lastname@blos.nl,https://www.blos.nl/nl/buitenschoolse-opvang-berkel-en-rodenrijs; https://www.blos.nl/nl/vestigingen; https://www.linkedin.com/company/bloskinderopvang
CompaNanny,premium kinderopvang chain,NL,,Amsterdam,Amsterdam,https://www.compananny.com,55+ locations (2025),,,PE-backed (verify current owner),,CEO,,,info@compananny.nl,020 - 417 01 17,"CompaNanny is a premium childcare chain with 55+ locations and ~1,500 staff, opening new sites in 2025 (Apeldoorn, Ede Reehorst, Amsterdam Bajeskwartier). It targets higher-income urban families with extended hours and bilingual options. Leadership not confirmed in this session.",,decision maker not confirmed by search in this session (search budget exhausted); verify before outreach,4,https://www.compananny.com/over-compananny/; https://bajeskwartier.com/nl/blog/algemeen/2025/03/compananny-opent-kinderopvang/,fr_benelux.json,,,https://www.compananny.com/en/contact/; https://leadiq.com/c/compananny-nederland-bv/5a1d98632300005a0087124b
Kibeo,non-profit kinderopvang chain,NL,,Goes,"Stationspark 5, 4462 DZ Goes",https://www.kibeo.nl,"~250 locations (367 LRK registrations), 79 in Zeeland",,,non-profit (stichting),Elly Brand,Directeur-bestuurder,,,info@kibeo.nl,+31 (0)113 760 250,"Kibeo grew from 5 to ~250 locations across Zeeland, South Holland, West Brabant and Gelderland and is one of Zeeland's largest employers with 2,000+ staff. It launched a new language programme in 2025 and keeps Goes as its home base. Bestuurder confirmed via search.",,,4,https://www.omroepzeeland.nl/nieuws/17773307/kinderopvang-kibeo-groeit-van-5-naar-225-vestigingen-maar-goes-blijft-de-thuisbasis; https://kinderopvanggids.nl/organisatie/stichting-kibeo-9355,fr_benelux.json,,,https://www.kibeo.nl/en/contact/; https://www.kibeo.nl/en/about-kibeo/
Kind & Co Ludens,non-profit kinderopvang chain,NL,,Utrecht,Utrecht region,https://www.kindenco.nl,top-5 by places (Dec 2025 Top 100),,,non-profit (stichting),,Bestuurder,,,info@kindencoludens.nl,030 695 84 69,"Kind & Co Ludens is the merged organisation of KMN Kind & Co and Ludens, ranked among the top five Dutch childcare organisations by number of places in the December 2025 Top 100. It operates KDV, peuteropvang and BSO across Utrecht and the central Netherlands as a non-profit. Leadership not confirmed in this session.",,decision maker not confirmed by search in this session (search budget exhausted); verify before outreach,4,https://www.kinderopvang-wijzer.nl/top-100-grootste-kinderopvangorganisaties-december-2025/,fr_benelux.json,,,https://kindencoludens.nl/nl/contact; https://kindencoludens.nl/nl/onze-organisatie
Kindergarden (Bright Horizons),premium kinderopvang chain,NL,,Amsterdam,Amsterdam,https://www.kindergarden.nl,72+ locations,,,"listed parent (Bright Horizons Family Solutions, NYSE: BFAM)",Nicole Krabbenborg,Algemeen Directeur,,,contact@kindergarden.nl,020 423 54 22,"Kindergarden has been part of Bright Horizons since 2011 and operates 72+ KDV/BSO locations, recently taking over three sites in Hoofddorp, Lisserbroek and Nieuw-Vennep. It launched WorkFamily Solutions (employer benefits) in NL and partners with international childcare providers. Certified Great Place to Work for Women 2025. Hook: US-listed parent with global vendor standards; local director confirmed.",,,4,https://www.kindergarden.nl/over-ons/onze-organisatie; https://persportaal.anp.nl/artikel/5beb8240-a097-422d-a1d4-bac55b979cca/kindergarden-neemt-drie-vestigingen-in-hoofddorp-lisserbroek-en-nieuw-vennep-over,fr_benelux.json,,,https://www.kindergarden.nl/contact; https://www.kindergarden.nl/over-ons/managementteam
Samenwerkende Kinderopvang,kinderopvang group (holding of regional brands),NL,,,,https://www.samenwerkendekinderopvang.nl,top-5 by places (Dec 2025 Top 100),,,PE-backed (verify current investor),,CEO,,,info@samenwerkendekinderopvang.nl; opleidingen@samenwerkendekinderopvang.nl; recruitment@samenwerkendekinderopvang.nl,088-2523636,Samenwerkende Kinderopvang is a holding that groups several regional childcare brands and ranks in the top five of the Dutch market by places (December 2025). It has grown through acquisitions of regional organisations. Ownership and leadership not confirmed in this session.,,decision maker not confirmed by search in this session (search budget exhausted); verify before outreach,4,https://www.kinderopvang-wijzer.nl/top-100-grootste-kinderopvangorganisaties-december-2025/,fr_benelux.json,,,https://samenwerkendekinderopvang.nl/contact/; https://rocketreach.co/samenwerkende-kinderopvang-email-format_b43b3d5fc190ac0f
Wij zijn JONG,non-profit kinderopvang chain,NL,,Nieuwegein,Nieuwegein,https://www.wijzijnjong.nl,"186-240 locations (sources vary, 2025)",,,non-profit (stichting),,Bestuurder,,,info@wijzijnjong.nl; stage@wijzijnjong.nl,(040) 294 89 40,"Wij zijn JONG is a top-5 Dutch childcare organisation with roughly 200-240 locations and 3,000+ professionals, active in Utrecht province and beyond. It operates as a stichting focused on child development ('werken aan de toekomst van kinderen'). It appears in the Kinderopvang-Wijzer Top 100 (December 2025) among the largest groups. Leadership not confirmed in this session.",,decision maker not confirmed by search in this session (search budget exhausted); verify before outreach,4,https://www.wijzijnjong.nl/; https://www.kinderopvang-wijzer.nl/locaties/wij-zijn-jong/; https://www.werkenbijkinderopvang.nl/de-top-100-grootste-kinderopvangorganisaties-van-nederland-stand-december-2025/,fr_benelux.json,,,https://www.wijzijnjong.nl/contact; https://www.wijzijnjong.nl/pers/jaco-donselaar-nieuwe-bestuurder-wij-zijn-jong
Norlandia Health & Care Group AS,"parent group (care, preschools NO/SE/FI)",NO,,Oslo,,https://nhcgroup.no,"Preschools: 120+ NO, 100+ SE, Finland (Norlandia Päiväkodit)",,,founder-owned (Kristian & Roger Adolfsen),Yngvar Tov Herbjørnssønn,"Daglig leder (CEO), Norlandia Health & Care Group AS",https://www.linkedin.com/in/yngvar-tov-herbj%C3%B8rnss%C3%B8nn-03833322/,,NHC.Innboks@norlandia.com,,"Parent company for Norlandia's preschool, elderly-care and patient-hotel businesses in the Nordics. Org.nr 917 933 367. Preschool division led by Kristin Voldsnes. Group-level procurement and IT decisions made here.",,verified via WebSearch snippet (2026-09),4,https://nhcgroup.no/kontakt; https://www.proff.no/selskap/norlandia-health-care-group-as/oslo/skoler-og-undervisning/IF6IHX310KR,nordics.json,,,https://nhcgroup.no/kontakt; https://nhcgroup.no/en/contact; https://www.linkedin.com/in/yngvar-tov-herbj%C3%B8rnss%C3%B8nn-03833322/
"Norlandia Preschools / Norlandia Health & Care Group (Kidsa Barnehager, Norlandia Förskolor, Norlandia Päiväkodit, Norlandia Przedszkola, Norlandia Kinderopvang)",multi-country-platform,NO,NO; SE; FI; NL; PL; DE,Oslo,"Oslo, Norway",https://www.norlandia.com/,433 preschool units (31 Mar 2025); 435 at YE2023,,NHC Group bond-reporting; preschools segment several NOK bn (see Q1 2025 interim report),Hospitality Invest AS (Adolfsen Group - Kristian & Roger Adolfsen); NHC Group bonds listed (NO0013513598),Yngvar Tov Herbjørnssønn,CEO Norlandia / Chair Norlandia Preschools AS,,name: Johnny Sundal; title: CEO Norlandia Eiendom AS; board Hospitality Invest,NHC.Innboks@norlandia.com,,"Norlandia is the care-and-preschool arm of the Adolfsen brothers' Hospitality Invest group, operating preschools since 1997 in Norway and expanding to Sweden, Finland, the Netherlands (Norlandia Kinderopvang), Poland (Norlandia Przedszkola) and Germany. In 2021 it acquired Gnist Barnehager (from Altor) and in 2022-2023 sold preschool real estate to Kinland (Whitehelm/Patrizia-backed) in sale-and-leaseback deals. Norlandia Health & Care Group reports quarterly to bondholders; preschools numbered 435 units at end-2023 and 433 at 31 March 2025, indicating a plateau with selective portfolio pruning. Norwegian political pressure on 'welfare profiteers' (velferdsprofitører) and Swedish court cases on new preschools (Stockholm, 2025) shape its strategy. Norlandia uses Kidplan-type Nordic preschool apps in Norway (vendor not confirmed) and different tools per country. Hooks: six-country footprint with fragmented software, bond-market pressure to show efficiency, and a group CIO function in Oslo. Contact via NHC Group IR or Norlandia Preschools AS (org.nr 986 554 270).",confirmed via search (board/CEO reference 2025),,4,https://hospitalityinvest.no/wp-content/uploads/2025/09/HI-Annual-Report-2024.pdf; https://feed.stamdata.com/documents/NO0013513598_CI_01_20250603.pdf; https://altor.com/gnist-to-become-part-of-norlandia-preschools; https://kinland.no/kinland-acquires-preschool-portfolio-from-ppg-and-norlandia/; https://www.proff.no/selskap/norlandia-preschools-as/oslo/barnehager-parker-og-dagmammaer/IGBDA5A10LX,paneuro.json,,,https://nhcgroup.no/en/contact; https://www.marketscreener.com/insider/YNGVAR-TOV-HERBJORNSSONN-A2ELXP/; https://www.healthcarebusinessinternational.com/interview-yngvar-tov-herbjornssonn-ceo-of-norlandia/
PBL - Private Barnehagers Landsforbund,association / employer org,NO,,Bodø,"Prinsens gate 91, 8003 Bodø",https://pbl.no,"1,695 member barnehager, ~28,650 employees (start 2025)",,,non-profit (member association),Jørn-Tommy Schjelderup,"Administrerende direktør, PBL",,Eirik Husby - styreleder,,+47 75 55 37 00,"PBL is the interest and employer organisation for private barnehager in Norway (1,695 members). Runs PBL Mentor (Kidplan parent app and HR tools) via its commercial arm, making it both a channel partner and a gatekeeper. Norlandia and Læringsverkstedet left PBL for NHO Geneo in 2023. Hook: partnership/member-offer channel to reach 1,600+ independent barnehager.",,verified via WebSearch snippet (2026-09),4,https://pbl.no/om-pbl/fakta-om-pbl; https://www.barnehage.no/ledelse-pbl-private-barnehager/den-nye-pbl-direktoren-er-langt-fra-ny-i-gamet-slik-beskriver-han-seg-selv/231233; https://www.mentorpluss.no/barnehage/kidplan,nordics.json,"jorn@pbl.no (Jørn-Tommy Schjelderup, Administrerende direktør, PBL)",first@domain,https://www.pbl.no/kontakt-oss/pbl/jorn-tommy-schjelderup/
Stiftelsen Kanvas,non-profit foundation chain,NO,,Oslo,,https://www.kanvas.no,67 barnehager in 12 municipalities (2025),,,non-profit (foundation),Robert Ullmann,"Daglig leder (CEO), Stiftelsen Kanvas",,,,,"Kanvas is Norway's largest non-profit kindergarten foundation, founded 1986, running 67 barnehager with ~1,300-1,785 employees. In 2025 Oslo municipality contracted Kanvas to operate four additional barnehager. Regulatory change in 2025 exempted Kanvas from the 'own legal entity per barnehage' requirement. Active on Mynewsdesk and LinkedIn. Hook: ideelle actor favored by municipalities; central pedagogy and digital teams.",,verified via WebSearch snippet (2026-09),4,https://no.wikipedia.org/wiki/Stiftelsen_Kanvas; https://aktuelt.oslo.kommune.no/stiftelsen-kanvas-skal-drifte-fire-barnehager-i-oslo; https://www.barnehage.no/rettssubjekt-kravet/endrer-forskrift-kanvas-omfattes-av-unntak/267900,nordics.json,"ru@kanvas.no (Robert Ullmann, Daglig leder)",initials@domain,https://www.kanvas.no/bli-kanvas-barnehage/
"Happy Kids (Przedszkola i Żłobki Happy Kids, Kraków)",regional chain (public-subsidised + private language preschools),PL,,Kraków,"Kraków (ul. Armii Krajowej 12 corporate kindergarten; other sites incl. ul. Lema, ul. Piltza, ul. Halszki)",https://przedszkole-happykids.pl,"9 (6 public, 2 private preschools + 1 nursery) per own site (2025/26)",,,"Private, founder-led (Dagmara Osman)",Dagmara Osman,Founder / Director (dyrektor),,,,,"Happy Kids is a Kraków network of language preschools founded in 2011 (operations from January 2012) by Dagmara Osman. It runs six public (municipally-funded) preschools, two private preschools and a nursery, with sports-language and arts-language profiles. It has a corporate-kindergarten line: since 2013 it has operated an IBM staff kindergarten near IBM's Kraków office. The network positions itself on holistic development and healthy lifestyle. It is a mid-sized, owner-managed operator with a single decision maker.",,"Not to be confused with Fundacja Happy Kids (Łódź, foster-care homes) or Happy Kids Osowa (Gdańsk, independent).",4,https://przedszkole-happykids.pl/poznaj-happy-kids/; https://przedszkolnepomysly.pl/przedszkola/krakow/1666-niepubliczne-przedszkole-happy-kids; https://przedszkole-happykids.pl/piltza/przedszkola-firmowe/,cee.json,"s.osman@przedszkole-happykids.pl (Sara Osman-Wyszyńska, Director / Owner (facility director; organisation run by Dagmara Osman))",f.last@przedszkole-happykids.pl,https://przedszkole-happykids.pl/lema/kadra-pedagogiczna-2/; https://przedszkole-happykids.pl/lema/o-przedszkolu/; https://mapa.targeo.pl/sara-osman-happy-kids-ul-dr-jana-piltza-41-30-392-krakow~11338357/przedsiebiorstwo-firma/adres
Pod Magnolią – Niepubliczne Przedszkola Językowe,chain + franchise,PL,,Katowice,"Katowice (e.g. Chorzowska 148, 40-121 Katowice)",https://podmagnolia.pl,10 (8 own + 2 franchise) per franchising.pl profile,,,"Private, owner Justyna Pacuła (brand est. 2008)",Justyna Pacuła,Owner (właścicielka),,,chorzowska@podmagnolia.pl; kobierzynska@podmagnolia.pl; puszkarska@podmagnolia.pl; 2pulku@podmagnolia.pl; czyzynska@podmagnolia.pl; wieniawskiego@podmagnolia.pl,,"Pod Magnolią is a Silesian network of English-immersion preschools founded in 2008 in Katowice. It operates ten sites – eight company-owned and two franchised – and actively recruits franchisees across Poland (entry fee c. PLN 50k, monthly fee from PLN 5k). Daily English is taught by qualified teachers. Some sites operate as publicly-funded (publiczne) preschools. Owner Justyna Pacuła is the named decision maker in franchise press coverage.",,KRS listing names 'Justyna Kudła' as the decision-maker – may be the same person under a different surname; verify.,4,https://www.dobrepomyslynabiznes.pl/franczyza/pod-magnolia-niepubliczne-przedszkola-jezykowe; https://franchising.pl/artykul/10934/przedszkole-we-franczyzie/; https://www.krs-online.com.pl/firma/2688373-pod-magnolia-niepubliczne-przedszkole-jezykowe,cee.json,"e.tomankiewicz@podmagnolia.pl (E. Tomankiewicz, Contact, Chorzowska branch); malgorzata.bystranowska@podmagnolia.pl (Małgorzata Bystranowska, Contact, 2 Pułku branch); j.nawrot@podmagnolia.pl (J. Nawrot, Contact, Wieniawskiego branch (HQ address))",f.last@podmagnolia.pl (also first.last@),https://podmagnolia.pl/chorzowska/kontakt/; https://podmagnolia.pl/2-pulku/en/contact/; https://podmagnolia.pl/wieniawskiego/en/contact/; https://mapa.targeo.pl/5771907255/nip/firma
Warsaw Montessori Family (Casa dei Bambini Warsaw Montessori School),independent group (nursery→high school),PL,,Warsaw,,https://wmf.edu.pl,"Multiple campuses: Casa dei Bambini (Badowska), toddler community, elementary, middle, high school, Montessori Farm School (est. 2022)",,,"Private, founder-owned (Casa dei Bambini Warsaw Montessori School, KRS 14964)",Małgorzata (Małgosia) Tarnowska,Owner & Founder; AMI Montessori Guide,,,,,"Warsaw Montessori Family is Warsaw's leading bilingual Montessori group, covering infants/toddlers, Casa (kindergarten), elementary, middle and an IB high school, plus a residential Montessori Farm School opened in 2022. It was founded and is owned by AMI-trained guide Małgosia Tarnowska. Team pages list per-campus heads. Premium, English-speaking, owner-led.",,,4,https://casabadowska.wmf.edu.pl/en/the-letter-from-malgosia-tarnowska-the-owner-and-founder-of-warsaw-montessori-family/; https://wmf.edu.pl/en/; https://rejestr.io/krs/14964/casa-dei-bambini-warsaw-montessori-school,cee.json,"malgosia@warsawmontessori.edu.pl (Małgorzata (Małgosia) Tarnowska, Owner & Founder; AMI Montessori Guide)",,https://wmf.edu.pl/en/contact/; https://elementaryschool.wmf.edu.pl/en/team/
Santa Casa da Misericórdia de Lisboa (SCML) - Creches,public-interest institution operating creches/jardins de infância,PT,,Lisbon,"Largo Trindade Coelho, Lisboa",https://www.scml.pt,,,,Public-interest charity under state tutelage,,,,,secretaria-geral@scml.pt; cbei.janelasverdes@scml.pt; ci.santosonovo@scml.pt,+351 213 235 000,"SCML is Lisbon's largest social institution and runs a network of creches and jardins de infância across the city, plus support to other IPSS. It is a major buyer of early-years equipment and consumables. Education/childhood is coordinated by its Departamento de Ação Social e Saúde.",,Not verified by web search this session (search budget exhausted after 24 queries); from prior knowledge - verify before outreach.,4,https://www.scml.pt,south.json,,,https://scml.pt/en/contacts/; https://scml.pt/en/social-action/childhood-youth-and-family/care-services-and-facilities/; https://scml.pt/media/tag/creche/
Happy Kids (Privatna predškolska ustanova Happy Kids),private kindergarten chain,RS,,Belgrade,Belgrade,https://happykidsvrtic.rs,"9+ objects across Belgrade (2025: Novi Beograd, Zvezdara, Dušanovac, etc.)",,,Private,Tatjana Rackov Sinadinović,Founder and Director,,,,+381 64 110 1524 (Tatjana Rackov Sinadinović direct); 061 151 4130 (presentation booking),"Happy Kids is a Belgrade private preschool chain with at least nine numbered locations (Happy Kids 4 Novi Beograd, 6 Zvezdara, 9 Dušanovac, etc.). Founded and directed by Tatjana Rackov Sinadinović. One of the larger private chains in Serbia. Strong lead for multi-site services.",,,4,https://happykidsvrtic.rs/nas-cv/; https://happykidsvrtic.rs/happy-kids-9/; https://happykidsvrtic.rs/happy-kids-4/,other.json,"tanja.rackov@yahoo.com (Tatjana Rackov Sinadinović, Founder and Director)",,https://www.linkedin.com/in/tatjana-rackov-sinadinovi%C4%87-6669bb84/; https://happykidsvrtic.rs/zakazite-prezentaciju-sa-nasom-direktorkom-tatjanom-rackov-sinadinovic/
"AcadeMedia AB (Pysslingen Förskolor, Espira, Joki, Stepke, Kita Luna, Noblaschool, Montessori Mondial)",multi-country-platform,SE,SE; NO; DE,Stockholm,"Stockholm, Sweden",https://academedia.se/,"~370 preschools group-wide (prior knowledge); 47 in Germany (Joki 7, Stepke 29+8 mobile, Espira, Kita Luna)",,"SEK ~19bn group (FY2024/25, prior knowledge - verify)",Nasdaq Stockholm listed (ACAD); Mellby Gård largest shareholder; EQT exited post-2016 IPO,Marcus Strömberg,President & CEO AcadeMedia,,title: Head of Preschool segment / VD Pysslingen - not confirmed; title: CEO AcadeMedia PreSchools GmbH (Munich) - Lars Falke & Hans K. Hammar removed as MDs April 2026 per Northdata,,,"AcadeMedia is Northern Europe's largest listed education company, spanning preschool to adult education; its preschool segment includes Pysslingen (Sweden), Espira (Norway, acquired 2014) and a German cluster built since 2016 through Joki (Munich), Stepke (Berlin/NRW), Espira Germany (2018) and Kita Luna. It reported 47 German preschools and continues to buy small German operators. The German business is run through AcadeMedia PreSchools GmbH in Munich, whose registered managing directors changed in April 2026. AcadeMedia operates a central IT and uses standardised systems per country (Sweden uses SchoolSoft/Tempus-type tools; vendors not confirmed). Swedish policy debate on profit limits and the 2025-2026 government inquiries into private welfare operators are ongoing risks; Atvexa's and AcadeMedia's submissions to the Utbildningsdepartementet show active lobbying. Hooks: listed company with formal procurement, German expansion needing Kita-specific admin/billing, and a preschool segment head who can approve multi-country pilots.",prior knowledge - verify (confirmed as CEO in 2017 source),,4,"https://academedia.se/en/about-academedia/our-education/preschool/; https://view.news.eu.nasdaq.com/view?id=b83cc4242c93e54f7414e9c3980878d4d&lang=en; https://www.northdata.com/AcadeMedia%20PreSchools%20GmbH,%20M%C3%BCnchen/HRB%20222151; https://www.academedia.com/",paneuro.json,,,https://www.crunchbase.com/organization/academedia-ab/profiles_and_contacts; https://academedia.se/nyheter/vd-marcus-stromberg-vara-satsningar-ar-viktigare-an-nagonsin/
Dibber Sverige AB,chain (Dibber),SE,,Stockholm / Sollentuna,,https://dibber.se,"100+ förskolor, grundskolor, anpassade grundskolor and öppna förskolor",,,"founder-owned (Dibber / HJR Holding, NO)",Johannes Stiigh,"VD (extern), Dibber Sverige AB (per 2025 bokslut); earlier source names Mari Puoskari",,,,,"Dibber Sverige is the Swedish arm of Norway's Dibber group, built by acquiring chains such as Helianthus, Tussi and preschools in Norrköping and Helsingborg. 100+ units. Runs a 2025-2026 language initiative across its förskolor. Leadership change noted between sources (Puoskari -> Stiigh).",,verified via WebSearch snippet (2026-09),4,https://www.bolagsfakta.se/5591153803-Dibber_Sverige_AB; https://dibber.se/nyhet/spraksatsning-i-dibbers-forskolor-2025-2026/; https://sv.wikipedia.org/wiki/Dibber_Sverige,nordics.json,,,https://rocketreach.co/johannes-stiigh-email_137965716; https://www.dnb.com/business-directory/company-profiles/dibber-sverige-ab.600f6538405b158b7805c36f94f30ae4
Norlandia Förskolor AB,chain (Norlandia),SE,,Skene (Mark) / Stockholm,"Skene (registered, org.nr 556729-3765)",https://norlandiaforskolor.se,100+ förskolor (2025),,,"founder-owned (Norlandia Health & Care Group, NO)",,VD not confirmed,,Kristin Voldsnes - styrelseordförande (chair),dataskyddsombud@norlandia.com,,"Norlandia Förskolor has operated in Sweden since 2010 and now has 100+ förskolor and ~627 employees, making it the largest preschool company by revenue nationally and in Västra Götaland. Chaired by Norlandia's Norwegian preschool director Kristin Voldsnes. Swedish VD not confirmed by search.",,verified via WebSearch snippet (2026-09); VD not confirmed,4,https://norlandiaforskolor.se/om-oss; https://www.bolagsfakta.se/5567293765-Norlandia_Forskolor_AB; https://www.markposten.se/arsredovisningar/arsredovisningen-klar-sa-gick-det-for-norlandia-forskolor.e5f05602-2dd9-558a-9a42-7afe1d9f83fb,nordics.json,"torbjorn.carlbom@norlandia.com (Torbjörn Carlbom, Communications manager (press))",first.last@norlandia.com,https://norlandiaforskolor.se/kontakt
Pysslingen Förskolor AB,chain (AcadeMedia),SE,,Stockholm,,https://pysslingen.se,86 förskolor in 18 municipalities (2025),,,listed (AcadeMedia AB),,Verksamhetschef/segmentchef not confirmed,,"Petter Sylvan - styrelseordförande, Pysslingen Förskolor AB; Jonas Nordström - styrelseledamot",sjostaden@pysslingen.se; malarhojdsparken@pysslingen.se; knatteborgen@pysslingen.se,08-402 75 78 (Mälarhöjdsparken),"Pysslingen, founded 1984, was Sweden's first private preschool company and merged with AcadeMedia in 2011. Today 86 förskolor in 18 municipalities under AcadeMedia Förskolor Holding AB (org.nr 556629-2537). Operational head not identified by search; board chair Petter Sylvan. Hook: standardised pedagogy and central digital tools across 86 units.",,verified via WebSearch snippet (2026-09); operational VD not confirmed,4,https://www.bolagsfakta.se/5566292537-Pysslingen_Forskolor_AB; https://skolkoll.se/huvudman/pysslingen-forskolor-ab-292537/; https://medarbetare.academedia.se/forskola,nordics.json,"tina.persson@pysslingen.se (Tina Persson, Skolchef, Mälarhöjdsparken); helena.naslund@pysslingen.se (Helena Näslund, Skolchef, Lyckan)",first.last@pysslingen.se,https://pysslingen.se/malarhojdsparken/kontakt/; https://pysslingen.se/lyckan/kontakt/; https://pysslingen.se/sjostaden/kontakt/
Tellusbarn / Tellusgruppen AB,chain (listed),SE,,Stockholm,,https://tellusbarn.se,"28 förskolor, ~2,000 places, 11 municipalities in Stockholm & Uppsala län",,,"listed (Tellusgruppen AB, Nasdaq First North; founder Bijan Fahimi)",Bijan Fahimi,"VD, Tellusgruppen (parent of Tellusbarn)",,,info@tellusbarn.se; info@tellusgruppen.se,,"Tellusbarn is the preschool subsidiary of Tellusgruppen, a small listed education/care group founded and led by Bijan Fahimi. 28 förskolor with ~2,000 places in Stockholm and Uppsala counties. Hook: listed small-cap actively growing via acquisitions; founder-CEO reachable.",,verified via WebSearch snippet (2026-09),4,https://tellusgruppen.se/tellusbarn/; https://tellusbarn.se/vara-forskolor/,nordics.json,"bijan.fahimi@tellusgruppen.se (Bijan Fahimi, VD, Tellusgruppen)",,https://tellusgruppen.se/kontakt/; https://tellusgruppen.se/en/om-oss/ledning/; https://mfn.se/a/tellusgruppen/nu-fokuserar-vi-pa-lonsamhet-intervju-med-bijan-fahimi-efter-tellusgruppens-q3-rapport-2024
Inštitut montessori (Zavod za pomoč staršem pri razvoju otrok),private Montessori kindergarten group,SI,,Ljubljana,"Ulica Ferda Kozaka 49, 1000 Ljubljana",,"3 kindergarten units + 1 primary (2025: Oranžna hiša otrok Dravlje, Zelena hiša otrok Podutik, Rumena hiša otrok Dravlje)",,,Private zavod,Melita Kordeš Demšar,Direktorica (mag.),,,info@institut-montessori.si,0590 767 00,"Inštitut montessori runs three Montessori kindergarten units (Oranžna, Zelena, Rumena hiša otrok) and a private Montessori primary school in Ljubljana. Mag. Melita Kordeš Demšar is the director. Multi-unit private operator, likely with municipal concession funding. Strong Slovenian lead.",,,4,https://www.bizi.si/INSTITUT-MONTESSORI/poslovne-enote/,other.json,,,https://institut-montessori.si/kontakt/; https://institut-montessori.si/zaposleni-2/; https://www.linkedin.com/in/kordes-demsar-melita-2b71a37b/
Bahçeşehir Koleji (Bahçeşehir Uğur Eğitim Kurumları),K-12 school chain with kindergartens,TR,,Istanbul,Istanbul,https://www.bahcesehir.k12.tr,"150+ campuses nationally (background knowledge, verify)",,,Private - Bahçeşehir Uğur Eğitim Kurumları (founder Enver Yücel),,Genel Müdür,,Founder/Chair: Enver Yücel (public figure),kurumsal@bahcesehir.k12.tr,444 51 22; fax +90 212 465 87 15,"Bahçeşehir Koleji is a leading Turkish private K-12 chain with anaokulu units across Istanbul and Turkey, part of Bahçeşehir Uğur Eğitim Kurumları founded by Enver Yücel. Very large multi-campus footprint. Decision maker not confirmed via search; verify on website/registry before outreach. High-value group target.",,,4,https://www.bahcesehir.k12.tr,other.json,,,https://bahcesehir.k12.tr/iletisim; https://bahcesehir.k12.tr/genel-mudur
Doğa Koleji (anaokulu),K-12 school chain with kindergartens,TR,,Istanbul,Istanbul,https://www.dogakoleji.k12.tr,"100+ campuses nationally, dozens in Istanbul (background knowledge, verify)",,,Private group (ownership changed in 2019-2020; verify current owner),,Genel Müdür,,,info@dogakoleji.k12.tr,444 36 42,"Doğa Koleji is one of Turkey's largest private school chains with kindergarten (anaokulu) sections at most campuses, many on Istanbul's European side. Ownership changed in recent years. Decision maker not confirmed via search; verify on website/registry before outreach. Very large multi-site target; approach via HQ marketing.",,,4,https://www.dogakoleji.k12.tr,other.json,,,https://www.dogakoleji.k12.tr/iletisim; https://www.zoominfo.com/p/Burcu-Alp/5794983189
Bright Horizons Family Solutions (UK: Bright Horizons UK; NL: Kindergarden),multi-country-platform,US,US; GB; NL; IN; AU,"Newton, Massachusetts","2 Wells Avenue, Newton, MA 02459, USA (prior knowledge)",https://www.brighthorizons.com/,"~1,000+ centres worldwide; 300+ UK settings; ~50 Kindergarden NL (verify)",,"USD ~2.7bn (FY2024, NYSE: BFAM, prior knowledge - verify)",NYSE-listed (BFAM); formerly Bain Capital,Stephen Kramer,CEO (Bright Horizons Family Solutions),,"name: Philip Smith; title: UK Managing Director (since early 2025) - confirmed; name: Nicole Krabbenborg; title: Managing Director, Kindergarden Netherlands - confirmed",comms.team@brighthorizons.com,,"Bright Horizons is the US-listed leader in employer-sponsored childcare, present in the UK since 2000 (via Nurseryworks/Teddies/Asquith acquisitions) and in the Netherlands since acquiring Kindergarden in 2016. Its UK arm has 300+ settings and appointed Philip Smith as UK Managing Director in early 2025; he has publicly emphasised visiting settings and operational quality. In the Netherlands, Kindergarden is run by Nicole Krabbenborg and competes with Partou and Humankind for premium urban childcare. Bright Horizons' model bundles back-up care, employer contracts and its own digital platform (Bright Horizons app, 'My Bright Day' family-engagement app in the US; UK uses a group-selected system). The company is well-capitalised and centralises technology decisions in the US, so European sales must align with the global product organisation. Hooks: UK funded-entitlement expansion (Sept 2025), Dutch 'nieuw financieringsstelsel' (childcare almost free from 2027, delayed) driving demand, and the group's stated strategy to grow UK/NL occupancy. Lead score 4: large but hard to displace incumbent global systems.",prior knowledge - verify,,4,https://nmt-magazine.co.uk/feature/bright-spark/; https://www.nurseryworld.co.uk/articles/bright-horizons-appoints-new-md; https://en.wikipedia.org/wiki/Bright_Horizons; https://www.brighthorizons.co.uk/about/newsroom,paneuro.json,"iserpa@brighthorizons.com (Ilene Serpa, VP of Communications (2015 press release))",flast@brighthorizons.com,https://careers.brighthorizons.com/uk/en/contact-us; https://www.prnewswire.com/news-releases/bright-horizons-names-chief-development-officer-stephen-kramer-president-300196161.html; https://www.zoominfo.com/p/Stephen-Kramer/786898162
Agora International School Andorra (Globeducate),international school with infant/early years,AD,,La Massana,"La Massana, Andorra",https://www.agoraandorra.com,1 (2025),,,Globeducate,,,,,info@agorainternationalandorra.com,+376 838 366,"Agora Andorra is Globeducate's Andorran school with infant/early-years stages. Same group as Vaikystės sodas (Lithuania), enabling a cross-country group conversation. Decision maker not confirmed via search; verify on website/registry before outreach.",,,3,https://www.agoraandorra.com,other.json,,,https://andorra.agorainternationalschool.es/en/contact-and-admissions/contact; https://www.globeducate.com/our-schools/agora-internationsl-school-andorra/aisa
"Hilfswerk Österreich - Kinderbetreuung (NÖ, Kärnten, Salzburg, Steiermark)",non-profit-group,AT,,Wien / St. Pölten,,https://www.hilfswerk.at,several hundred Kindergärten/Kindergruppen/Horte via Landesverbände (NÖ Hilfswerk largest),,,non-profit (ÖVP-affiliated),,,,,office@hilfswerk.at; office@ooe.hilfswerk.at,01 / 40 57 500; Kinderbetreuung hotline 0800 800 820,Major welfare organisation; childcare is run by Landes-Hilfswerke. Hooks: Länder-level GF.,Decision maker NOT confirmed by search in this session (search budget exhausted); verify via Impressum/LinkedIn before outreach.,Site counts from prior knowledge; verify.,3,https://www.statistik.at/statistiken/bevoelkerung-und-soziales/bildung/kindertagesheime-kinderbetreuung,dach.json,,,https://www.hilfswerk.at/oesterreich/impressum/
Kindercompany (Wien),chain,AT,,Wien,,https://www.kindercompany.at,"c. 40 sites (Kindergärten, Krippen, Horte) in Vienna","c. 3,000",,privately owned,,,,,office@kindercompany.at,+43 1 961 9444,"One of Vienna's largest private commercial Kindergarten chains, offering bilingual groups. Hooks: private operator with central management.",Decision maker NOT confirmed by search in this session (search budget exhausted); verify via Impressum/LinkedIn before outreach.,Site counts from prior knowledge; verify.,3,https://www.statistik.at/statistiken/bevoelkerung-und-soziales/bildung/kindertagesheime-kinderbetreuung,dach.json,,,https://www.kindercompany.at/zentrale/; https://www.kindercompany.at/kontakt-platzanfragen/
WIKI Kinderbetreuungs GmbH (Steiermark),non-profit-group,AT,,Graz,,https://www.wiki.at,"c. 100+ Kinderkrippen, Kindergärten, Horte in Styria","c. 6,000",,non-profit,,,,,office@wiki.at,0316 / 426565,Largest private childcare operator in Styria. Hooks: central management in Graz.,Decision maker NOT confirmed by search in this session (search budget exhausted); verify via Impressum/LinkedIn before outreach.,Site counts from prior knowledge; verify.,3,https://www.statistik.at/statistiken/bevoelkerung-und-soziales/bildung/kindertagesheime-kinderbetreuung,dach.json,,,https://www.familienberatung.gv.at/beratungsstellen/rechtstraeger/traeger/wiki-kinderbetreuungs-gmbh/; https://www.karriere.at/standort/wiki-kinderbetreuungs-gmbh
"Wiener Kindergärten (MA 10, Stadt Wien)",municipal,AT,,Wien,,https://www.wien.gv.at/bildung/kindergarten,c. 350 municipal Kindergärten/Horte,"c. 30,000",,municipal,,,,,post@ma10.wien.gv.at; sst12@ma10.wien.gv.at; sst16@ma10.wien.gv.at; sst22@ma10.wien.gv.at,+43 1 277 55 55,"Vienna's municipal kindergarten department, largest single operator in Austria. Hooks: public tender only.",Decision maker NOT confirmed by search in this session (search budget exhausted); verify via Impressum/LinkedIn before outreach.,Site counts from prior knowledge; verify.,3,https://www.statistik.at/statistiken/bevoelkerung-und-soziales/bildung/kindertagesheime-kinderbetreuung,dach.json,,,https://www.wien.gv.at/english/education-research/service-centres-kindergarten.html; https://www.wien.gv.at/pdf/ma10/infoblatt-servicestellen-de.pdf
QSI International School of Sarajevo,international school with preschool,BA,,Sarajevo,Sarajevo,https://sarajevo.qsi.org,1 (2025),,,Quality Schools International (non-profit network),,Director,,,sarajevo@qsi.org,+387 33 424 450,"QSI Sarajevo is part of the Quality Schools International network and runs a preschool section. QSI also operates schools in Podgorica, Skopje, Tirana and Chișinău, so a network-level approach could cover several Balkan capitals. Decision maker not confirmed via search; verify on website/registry before outreach.",,,3,https://sarajevo.qsi.org,other.json,"leah-jamele@sarajevo.qsi.org (Leah Jamele, School Director)",first-last@sarajevo.qsi.org,https://www.state.gov/qsi-international-school-of-sarajevo-fact-sheet; https://www.qsi.org/connect/contact
Small Foot AG,chain,CH,,Zürich,,https://www.smallfoot.ch,c. 15 Kitas in Zurich region,,,founder-owned,,,,,traegerschaft@small-foot.ch,+41 41 210 21 20,Zurich Kita chain founded 2007 with nature-pedagogy and 'family-like' concept; expanding in Zurich/Zug. Hooks: growth-stage private chain.,Decision maker NOT confirmed by search in this session (search budget exhausted); verify via Impressum/LinkedIn before outreach.,Site counts from prior knowledge; verify.,3,https://www.kibesuisse.ch; https://www.moneyhouse.ch,dach.json,,,https://www.small-foot.ch/about/; https://www.moneyhouse.ch/en/company/small-foot-ag-4257128881
globegarden,multi-country-platform,CH,CH,Zurich,"Zurich, Switzerland",https://www.globegarden.ch/,87 Kitas (2025) + 10 planned = 97,,"not disclosed; sale value reported CHF 200-300m (FuW, 2025)",100% family-owned (founders Christina Mair & Nikolaus Mair? verify); sale to private equity reported imminent late 2025,,CEO / Geschäftsleitung - names not confirmed via search,,,,,"globegarden is Switzerland's largest private Kita network, founded in 2008 in Zurich and now operating 87 bilingual Kitas with over 1,000 staff, adding nine sites in 2025 and planning ten more. It is repeatedly ranked a Leading Employer Switzerland and has strengthened its Geschäftsleitung in 2025 to prepare for growth. Finanz und Wirtschaft reported in 2025 that private-equity buyers were circling with a CHF 200-300m price tag, and Republik ran a critical piece on 'Kinderbetreuung im Renditerausch' in December 2025. Some Swiss cities now report an oversupply of Kita places, increasing competition and the value of occupancy/marketing tools. Software vendor not confirmed (Swiss Kitas often use kitaplus-style or Famly-type apps). Hooks: an impending PE transaction typically triggers systems upgrades; strong marketing/brand orientation; single-country but a likely buyer of DACH assets.",not confirmed,,3,https://www.fuw.ch/schweiz-private-equity-zeigt-interesse-an-globegarden-und-evalueserve-111453921228; https://www.presseportal.ch/de/pm/100073724/100941617; https://www.republik.ch/2025/12/18/kinderbetreuung-im-renditerausch; https://de.wikipedia.org/wiki/Globegarden,paneuro.json,,,
Sunny Canadian International School (kindergarten – elementary – high school),independent international school with kindergarten,CZ,,Jesenice u Prahy,,https://www.sunnycanadian.cz,1 campus (kindergarten + school),,,"Private, founder-owned",,,,,receptionES@sunnycanadian.cz; admissions@sunnycanadian.cz; hr@sunnycanadian.cz; activities@sunnycanadian.cz; zs@sunnycanadian.cz,,Sunny Canadian International School in Jesenice south of Prague is a Czech-English bilingual school that started as a kindergarten and grew into a K–12 campus. It is one of the largest private kindergarten-to-high-school operators around Prague. Founder/executive names not confirmed this session.,,Organisation known from prior knowledge only; NOT verified by web search in this session (search budget exhausted). Verify before outreach. Decision maker not confirmed in this session (search budget exhausted); verify via website/LinkedIn/registry.,3,https://www.sunnycanadian.cz,cee.json,"kosova@sunnycanadian.cz (Kosova (first name not shown), Kindergarten Principal); koznarova@sunnycanadian.cz (Koznarova (first name not shown), Elementary and High School Principal); marzian@sunnycanadian.cz (Marzian, Vice Principal of English Studies)",surname@sunnycanadian.cz,https://www.sunnycanadian.cz/en/sunny/contact
Denk mit! Kinderbetreuungseinrichtungen GmbH & Co. KG (Babilou brand),chain,DE,,München,München,https://www.denk-mit.de,56 Kitas in Bavaria & Baden-Württemberg (21 in Munich) (2025/26),"2,604 places",,PE-backed (Babilou Family / Antin),,,,name: Christophe Fond; title: MD Babilou Family Deutschland (group level),info@denk-mit.de; elternberatung@denk-mit.de; bewerbung@denk-mit.de,+49 89 5126686-78,"Denk mit! Kita is a South-German Kita chain that became part of Babilou Family Deutschland. It operates 56 facilities (over 50 in Bavaria and Baden-Württemberg) with 2,604 places and runs its own career site with active recruiting for 2026/27. Brand-level leadership is not confirmed; decisions on software are likely taken at Babilou group level. Hooks: staffing, parent communication across a large Munich cluster.",Sites confirmed by search; brand MD Decision maker NOT confirmed by search in this session (search budget exhausted); verify via Impressum/LinkedIn before outreach.,,3,https://www.denk-mit.de/de/ueber-uns/geschichte; https://www.denk-mit.de/de; https://denk-mit.de/standorte/index.html,dach.json,,,https://www.denk-mit.de/ueber-uns/index.html; https://www.kita.de/traeger/97505; https://stadt.muenchen.de/service/info/denk-mit-kinderhaus/1085836/
Elly & Stoffl (E & S Bildungs- und Betreuungskonzepte GmbH),chain,DE,,München,"Röntgenstraße 15, München",https://www.ellyundstoffl.de,"8 bilingual premium Kitas in Munich (Bogenhausen, Schwabing, Cosimapark, Laim, Solln, Theresienhöhe, Harlaching, Nymphenburg)",,,founder/privately owned,,,,,info@ellyundstoffl.de,+49 89 6666339910,"Elly & Stoffl is a bilingual premium Kita brand with eight exclusive Munich locations, each operated through separate GmbHs (e.g. Elly & Stoffl Laim GmbH, Schwabing GmbH) under E & S Bildungs- und Betreuungskonzepte GmbH. High-fee private model with strong parent-experience focus. Hooks: premium parent communication, multi-entity admin.",Sites confirmed by search; Decision maker NOT confirmed by search in this session (search budget exhausted); verify via Impressum/LinkedIn before outreach.,,3,https://branchenbuch.portal.muenchen.de/mhp/1261283/; https://www.kita.de/kita/97631; https://www.mux.de/Elly-Stoffl-GmbH,dach.json,,,
Ernst Klett AG (Klett Group),investor,DE,DE,Stuttgart,"Stuttgart, Germany",https://www.klett-gruppe.de/,,,,Family-owned publisher,,Vorstand responsible for Kita segment - not confirmed,,name: Annette Holtmann; title: GF kitea/Villa Luna/KiKu; name: Dr. Jürgen Reul; title: GF Kinderzentren Kunterbunt,,,"Klett owns Kinderzentren Kunterbunt (since 2017) and Villa Luna, merging them into kitea in 2026 (110+ sites). As an education publisher it is a strategic, not financial, owner and has edtech ambitions. Sector partner: kitea. Hooks: content/app bundling.",not confirmed,,3,https://www.mynewsdesk.com/de/ernst-klett-ag/pressreleases/kitea-startet-2-kita-traeger-aus-der-klett-gruppe-buendeln-ihre-kraefte-in-der-fruehkindlichen-bildung-3419312,paneuro.json,"k.hecker@klett-gruppe.de (Karen Hecker, Leiterin Unternehmenskommunikation / Pressekontakt); d.barsch@klett-gruppe.de (D. Barsch, Unternehmenskommunikation)",f.last@klett-gruppe.de,https://www.mynewsdesk.com/de/ernst-klett-ag/contact_people
FRÖBEL e.V. / FRÖBEL Bildung und Erziehung gGmbH,multi-country-platform,DE,DE; AU; PL; TR,Berlin,"Berlin, Germany",https://www.froebel-gruppe.de/,"~250 Kitas in Germany plus Australia, Poland, Turkey (prior knowledge - verify)",,,Non-profit association (gemeinnützig),,Geschäftsführer - not confirmed this session,,,info@froebel-gruppe.de,,"FRÖBEL is Germany's largest non-profit Kita operator with roughly 250 Kitas and international subsidiaries in Australia, Poland and Turkey (prior knowledge; not searched this session due to budget). As a gemeinnützig body it is procurement-driven and price-sensitive but centralised in Berlin, making it a large single-decision account for Kita software. It has invested in its own digital strategy and pedagogical documentation tools. Hooks: multi-country non-profit with central IT; verify leadership and vendor before outreach.",not confirmed,,3,,paneuro.json,,,https://www.froebel-gruppe.de/en/legal; https://www.froebel-gruppe.de/en/about-froebel/froebel-bildung-und-erziehung-ggmbh
Infanterix Multilinguale Krippen & Kindergärten (Infanterix GmbH / Infanterix Bayern GmbH),chain,DE,,München,München,https://www.infanterix.de,"12+ multilingual Kitas in Munich, Augsburg, Germering (2025)",,,founder/privately owned,Dr. Sonja Christina Bürger,Geschäftsführerin,https://de.linkedin.com/company/infanterix-multilinguale-krippen-&-kinderg%C3%A4rten,,info@infanterix.de,+49 89 97394699,"Infanterix is an established Munich operator of multilingual (German/English/French/Spanish) Krippen and Kindergärten with at least 12 sites (Blumenau, Harras, Schwabing, Westpark, Neuhausen x2, Aubing x2, Moosach, Neuperlach, Augsburg, Germering). It is listed by the City of Munich as a childcare provider and is led by a single MD, Dr. Sonja Christina Bürger, which simplifies decision-making. Hooks: multilingual parent communication, Munich staffing market.",Confirmed by search (this session).,,3,https://firmeneintrag.creditreform.de/81373/8170829295/INFANTERIX_BAYERN_GMBH; https://www.kitanetz.de/traeger/traeger-ausgabe1.php?t_trid=3743; https://stadt.muenchen.de/service/info/infanterix-harras/1085567/,dach.json,,,https://www.infanterix.de/en/impressum/; https://www.infanterix.de/en/ueber-uns/ansprechpartner/
Johanniter-Unfall-Hilfe e.V. - Kitas,non-profit-group,DE,,Berlin,,https://www.johanniter.de,c. 380 Kitas nationwide,"c. 25,000",,non-profit (church-affiliated),,,,,info@johanniter.de; kita.adlershof@johanniter.de,+49 30 26997-0 (Bund); 030 / 8169010 (RV Berlin),One of the largest single non-profit Kita operators with more central structures than AWO/DRK; strong growth via new-build Kitas. Hooks: central digital strategy.,Decision maker NOT confirmed by search in this session (search budget exhausted); verify via Impressum/LinkedIn before outreach.,Site counts from prior knowledge / directory listings; verify.,3,https://www.pflegemarkt.com/fachartikel/liste-der-groessten-kita-traeger-2023-in-deutschland/; https://www.kita.de/traeger/,dach.json,,,https://www.johanniter.de/johanniter-unfall-hilfe/impressum/; https://www.adlershof.de/en/companies-institutes/directory/firma/detail/johanniter-unfall-hilfe-e-v-regionalverband-berlin-kita-adlershof
KiTa Zweckverband im Bistum Essen,church-group,DE,,Essen,,https://www.kita-zweckverband.de,c. 260 Catholic Kitas in the Ruhr diocese,"c. 18,000",,church,,,,,info@kita-zweckverband.de,0201 3616927-110,"Germany's largest single Catholic Kita operator, central HQ in Essen with unified IT. Hooks: very large central IT/parent-app decision.",Decision maker NOT confirmed by search in this session (search budget exhausted); verify via Impressum/LinkedIn before outreach.,Site counts from prior knowledge / directory listings; verify.,3,https://www.pflegemarkt.com/fachartikel/liste-der-groessten-kita-traeger-2023-in-deutschland/; https://www.kita.de/traeger/,dach.json,,,https://www.kita-zweckverband.de/impressum
Kinderland PLUS gGmbH,non-profit-group,DE,,Poing/Ebersberg region (Bavaria),,https://www.kinderland-plus.de,"c. 40+ Kitas in Upper Bavaria (Ebersberg, Emmering, Kösching, Mainburg, Markt Schwaben etc.) (est.)",,,non-profit,Eva Harmat,Geschäftsführerin,,name: Herbert Matzner; title: Geschäftsführer,info@kinderland-plus.de; geschaeftsfuehrung@kinderland-plus.de,,"Kinderland PLUS operates Kitas for municipalities in the Munich metropolitan region, led by Eva Harmat and Herbert Matzner who carry economic and pedagogical responsibility. It is a typical municipal-contract Träger with many small-town sites. Hooks: municipal reporting, staff scheduling across dispersed sites.",MDs confirmed by search; site count estimate.,,3,https://www.kinderland-plus.de/de/geschaeftsstelle; https://www.kinderland-plus.de/de/traegerschaften,dach.json,,,https://www.kinderland-plus.de/de/impressum; https://www.kinderland-plus.de/de/geschaeftsstelle
Kita Luna (KTS Verwaltungs GmbH) - AcadeMedia,chain,DE,,München,München,https://www.kita-luna.de,c. 20+ Kitas in Munich area (est.),,,listed (AcadeMedia AB) since 2018,Dr. Kurt Berlin,Geschäftsführer,,name: Johannes Nagel; title: Geschäftsführer,verwaltung@kita-luna.de; info@kita-luna.de,+49 (0) 89 416162710,"Kita Luna is a Munich Kita operator run through KTS Verwaltungs GmbH and part of AcadeMedia since 2018. It shares management with Stepke-KiTas (Berlin/Nagel), suggesting a consolidated German management layer. Positioned as an employer brand with active recruiting. Hooks: integration with AcadeMedia's German platform.",Confirmed by search (this session); site count estimate.,,3,https://www.kita-luna.de/impressum/; https://www.kita.de/traeger/97846/kitas; https://de.linkedin.com/company/kita-luna,dach.json,,,https://www.kita-luna.de/impressum/
Kita kinderzimmer (Hamburg),chain,DE,,Hamburg,Hamburg,https://www.kita-kinderzimmer.de,35+ Kitas in Hamburg (2025),,,privately owned / investor-backed (not confirmed),,,,,kitaplatz@kmk-kinderzimmer.de; info@kita-kinderzimmer.de,040 8740 6666,"kinderzimmer is one of Hamburg's fastest-growing private Kita chains, with over 35 locations in the city built since the mid-2010s. Known for design-led, standardised facilities and strong digital marketing. Ownership and leadership not confirmed in this session. Hooks: standardised operations, parent app rollout.",Sites confirmed by search; Decision maker NOT confirmed by search in this session (search budget exhausted); verify via Impressum/LinkedIn before outreach.,,3,https://www.kita-kinderzimmer.de/kita-standorte/; https://www.hamburg.de/branchenbuch/hamburg/eintrag/101041567/,dach.json,,,https://www.kita-kinderzimmer.de/impressum/; https://www.kita-kinderzimmer.de/kontakt/
"Little Giants / Kleine Riesen / Petits Géants (Giant Leap GmbH & Co. KG, Babilou brand)",chain,DE,,München,München,https://www.littlegiants.de,"c. 15-20 bilingual Kitas (Hamburg, Esslingen, Essen, Aschaffenburg, Düsseldorf, Hannover, Köln, Kuppenheim, Magdeburg, München, Münster, Nürnberg, Trossingen)",,,PE-backed (Babilou Family / Antin),Patrick Gottesleben,Geschäftsführer,,name: Christophe Fond; title: Geschäftsführer,info@littlegiants.de,,"Little Giants is a bilingual (German/English/French) Kita brand with sites across Germany, administered from Munich and part of Babilou Family Deutschland. It also has an associated charity, Little Giants Care e.V. Managing directors are Patrick Gottesleben and Christophe Fond. Bilingual, premium positioning implies parent-facing digital expectations. Group-level decisions sit with Babilou.",Confirmed by search (this session).,,3,https://www.littlegiants.de/kontakt/impressum/; https://www.littlegiants.de/kitas/; https://www.littlegiants.de/ueber-uns/,dach.json,,,https://www.littlegiants.de/kontakt/impressum/; https://www.littlegiants.de/en/contact/imprint/; https://www.littlegiants.de/ueber-uns/team/
Outlaw gGmbH,non-profit-group,DE,,Münster,,https://www.outlaw-ggmbh.de,c. 100+ Kitas & youth facilities across DE (est.),,,non-profit,,,,,info@outlaw-ggmbh.de,0251 3835660,"Outlaw is among the largest private Kita operators by facility count (ranked in pflegemarkt lists), active in NRW, Berlin, Saxony, Hamburg etc., and vocal in the NRW KiBiz reform debate. Hooks: multi-Land compliance, rapid growth.",Decision maker NOT confirmed by search in this session (search budget exhausted); verify via Impressum/LinkedIn before outreach.,Site counts from prior knowledge / directory listings; verify.,3,https://www.pflegemarkt.com/fachartikel/liste-der-groessten-kita-traeger-2023-in-deutschland/; https://www.kita.de/traeger/,dach.json,,,https://www.outlaw-ggmbh.de/impressum; https://www.outlaw-ggmbh.de/kontakt
Städtische Kindertageseinrichtungen München (Referat für Bildung und Sport),municipal,DE,,München,,https://stadt.muenchen.de,c. 450 municipal Kitas,"c. 35,000",,municipal,,,,,beschluss.kita.rbs@muenchen.de,+49 89 233-84099,"Germany's largest municipal Kita operator; uses the city 'kita finder+' platform. Hooks: very large scale, public tender.",Decision maker NOT confirmed by search in this session (search budget exhausted); verify via Impressum/LinkedIn before outreach.,Site counts from prior knowledge / directory listings; verify.,3,https://www.pflegemarkt.com/fachartikel/liste-der-groessten-kita-traeger-2023-in-deutschland/; https://www.kita.de/traeger/,dach.json,,,https://stadt.muenchen.de/service/info/geschaeftsbereich-kita-geschaeftsstelle-personal/1099431/; https://stadt.muenchen.de/service/info/referat-fur-bildung-und-sport/10223446/
Wichtel Akademie München GmbH (Babilou brand),chain,DE,,München,München,https://www.wichtel-muenchen.com,19 Kinderkrippen & Kindergärten in Munich,,,PE-backed (Babilou Family / Antin) since 1 March 2020,Christophe Fond,Geschäftsführer,,name: Benoit Lamezec; title: Geschäftsführer; name: Cornelia Möhrlen; title: former Geschäftsführerin (2020 handover from founder Patrick Smague),info@wichtel-muenchen.com; service@wichtel-muenchen.com; anmeldung@wichtel-muenchen.com; bewerbung@wichtel-muenchen.com,+49 89 143 44-300 (Eltern-Hotline); fax +49 89 14344-111,Wichtel Akademie was founded by Patrick Smague and grew to 19 Munich Kitas for children 6 months to 6 years before joining Babilou Family Deutschland in March 2020. The founder withdrew and handed management to Cornelia Möhrlen; today Fond and Lamezec are registered MDs. It is one of the densest private networks in Munich. Hooks: integration into Babilou group systems.,Confirmed by search (this session).,,3,https://www.wichtel-muenchen.com/en/about-us/milestones; https://www.kita.de/traeger/97498; https://www.linkedin.com/company/wichtel-akademie-m%C3%BCnchen-gmbh,dach.json,,,https://www.wichtel-muenchen.com/de/impressum-0; https://www.wichtel-muenchen.com/en/about-us/contact-us
pme Familienservice Gruppe,multi-country-platform,DE,DE; AT; CH,Berlin,"Berlin, Germany",https://www.familienservice.de/,"90+ Kitas/Krippen/Horte (2025), minus 8 Bremen Kitas transferred 2026","3,000+",,Privately held (founder Gisela Erler family; verify),Dr. Daniel Erler,"Geschäftsführer (since 1 May 2026, succeeding Alexa Ahmad)",,name: Alexa Ahmad; title: Former Geschäftsführerin (until Apr 2026),,,"pme Familienservice, founded in 1991 in Berlin, is Germany's leading employer-sponsored family-services provider (EAP, childcare brokerage, elder care) and runs 90+ company Kitas for corporate clients across Germany, with activities in Austria and Switzerland. Its Bremen subsidiary filed for insolvency in November 2025 and its eight Kitas were transferred to Johanniter in March 2026, illustrating funding pressure on employer-linked Kitas. On 1 May 2026 Dr. Daniel Erler took over from Alexa Ahmad as head of the group. The company holds the audit berufundfamilie certificate and sells to HR departments of large employers, so its Kita software must integrate with B2B client reporting. Hooks: new leadership, portfolio review after Bremen, and a B2B/employer channel that values parent-facing digital services.",confirmed via search,,3,https://www.familienservice.de/standorte; https://www.butenunbinnen.de/nachrichten/pme-insolvenz-bremen-kita-100.html; https://www.familienservice.de/-/insolvenz-kita-bremen-ggmbh; https://www.familienservice.de/artikel?id=3836109,paneuro.json,"daniel.erler@familienservice.de (Dr. Daniel Erler, Geschäftsführer / CEO since 1 May 2026)",first.last@domain,https://www.familienservice.de/-/daniel_erler_ku-1; https://www.familienservice.de/impressum
Børneringen,association (self-owned institutions),DK,,Copenhagen,,https://borneringen.dk,,,,non-profit,,,,,borneringen@borneringen.dk,+45 38 16 23 06,"Paraplyorganisation for selvejende daginstitutioner primarily in Copenhagen area, providing administration and pedagogical support. Not verified in this session.",,from background knowledge only - NOT verified by search in this session; decision maker not confirmed,3,,nordics.json,,,https://www.borneringen.dk/532/kontakt; https://www.krak.dk/b%C3%B8rneringen+valby/67220454/firma
FOBU (Foreningen af selvejende og private daginstitutioner),association,DK,,Copenhagen,,https://fobu.dk,,,,non-profit,,,,,info@fobu.dk,3324 8100,Association/administration body for private and self-owned daycare institutions (successor lineage of Frie Børnehaver og Fritidshjem). Not verified in this session.,,from background knowledge only - NOT verified by search in this session; decision maker not confirmed,3,,nordics.json,,,https://fobu.dk/om-fobu/kontakt/; https://fobu.dk/om-fobu/medarbejdere/
Landsorganisationen Danske Daginstitutioner (LDD),association (self-owned institutions),DK,,Copenhagen area,,https://ldd.dk,,,,non-profit,,,,,ldd@ldd.dk,+45 32 95 32 30,"Umbrella/administration organisation for selvejende and private daginstitutioner across Denmark, offering admin, payroll and consulting to member institutions. Not verified in this session.",,from background knowledge only - NOT verified by search in this session; decision maker not confirmed,3,,nordics.json,,,https://danskedaginstitutioner.dk/kontakt/; https://www.proff.dk/firma/landsorganisationen-danske-daginstitutioner/aller%C3%B8d/kontor-og-teletjenester/0F1OXQI07SL
Menighedernes Daginstitutioner (MDI),association (church-affiliated institutions),DK,,Copenhagen,,https://mdi.dk,,,,non-profit,,,,,info@fobu.dk,3324 8100,Umbrella for church-affiliated self-owned daginstitutioner in Denmark; provides administration and leadership development. Not verified in this session.,,from background knowledge only - NOT verified by search in this session; decision maker not confirmed,3,,nordics.json,,,https://indsamling.folkekirken.dk/organisationer/fobu-tidligere-mdi; https://fobu.dk/om-fobu/fobus-historie/
International School of Estonia (ISE),international school with Early Years,EE,,Tallinn,"Juhkentali 18, Tallinn (verify)",https://ise.edu.ee,1 (2025),,,"Non-profit, board-governed",,Director / Head of Early Years,,Early Years programme (ages 3-6); state.gov fact sheet lists governance,office@ise.edu.ee; admissions@ise.edu.ee; director@ise.edu.ee,+372 666 4380,"ISE is Estonia's first IB World School, offering PYP from Early Years (ages 3-6) through the Diploma Programme. It is non-profit and governed by a board, with US State Department fact sheets published annually. The Early Years section is a small preschool inside the main campus. Decision maker not confirmed via search; verify on website/registry before outreach. Good target for premium school-photography given expatriate parent base. Single site but high-fee.",,,3,https://ise.edu.ee/; https://ise.edu.ee/learning/early-years-kindergarten/; https://www.state.gov/international-school-of-estonia-fact-sheet/,other.json,,,https://ise.edu.ee/contact/; https://www.state.gov/international-school-of-estonia-fact-sheet/
International School of Tallinn (IST),international school (EYP preschool via Kalli-kalli),EE,,Tallinn,"Ülemiste City, Tallinn",https://ist.ee,1 campus + partner kindergarten (2025),,,Private,,Director,,Staff page ist.ee/about-ist/our-staff,director@ist.ee,,"IST is an English-language international school in Ülemiste City for ages 3-19, with the preschool group hosted at partner kindergarten Kalli-kalli. It offers an Early Years Programme (EYP). The director's welcome page exists but the name was not captured in search snippets. Decision maker not confirmed via search; verify on website/registry before outreach. Coordinated outreach with Kalli-kalli is advisable. Mid-size international lead.",,,3,https://ist.ee/about-ist/our-staff/; https://ist.ee/about-ist/directors-welcome; https://ist.ee/studies/eyp-preschool/,other.json,"director@ist.ee (Olavi Otepalu, Director)",,https://ist.ee/contact/contacts/
Rocca al Mare Kool (Veskimöldre lasteaed),private school group with kindergarten,EE,,Tallinn,Tallinn,https://ram.ee,1 kindergarten + school (2025),,,Private (Rocca al Mare Kool AS),,,,,info@ramlasteaed.ee; post@ramkool.edu.ee,+372 57560010 / 57560017,Rocca al Mare School is a well-known private school in Tallinn that operates the Veskimöldre kindergarten listed among Tallinn private kindergartens. The group is a premium private education provider. Decision maker not confirmed via search; verify on website/registry before outreach. A school-level marketing/communications contact would be the route. Mid priority.,,,3,https://www.neti.ee/teema/HARIDUS_JA_KULTUUR/Haridus/Lasteaiad/,other.json,,,https://piksel.ee/arno/rae/ee/lasteaiad/vaata/167; https://ramkool.edu.ee/lasteaed/vastuvott/; https://ramkool.edupage.org/contact/
Arasti Barca M.A. S.L.,public-concession operator of escuelas infantiles,ES,,Santander / Madrid,,https://www.arastibarca.com,,,,Private,,,,,info@arasti.com; administracion@arasti.com; cadiz@arasti.com; santiago@arasti.com; coruna@arasti.com; igualdad@arasti.com,+34 947 257 690,"Arasti Barca is a Cantabrian company that manages publicly owned escuelas infantiles under concession, with a significant presence in the Comunidad de Madrid's public 0-3 network and in Cantabria. It appears among the gestoras listed in Madrid open data. Centralised HR and purchasing.",,Not verified by web search this session (search budget exhausted after 24 queries); from prior knowledge - verify before outreach.,3,https://datos.madrid.es/dataset/300307-0-escuelas-infantiles-empresas,south.json,"pilar@arasti.com (Pilar (surname not shown), contact listed on arasti.com)",firstname@arasti.com,https://www.arasti.com/contacto/; https://www.arasti.com/quienes-somos/
Cavall de Cartró Serveis Educatius,private operator of municipal escoles bressol,ES,,Barcelona,Barcelona,https://www.cavallcartro.cat,Multiple municipal nurseries across Catalonia (list on site); count not confirmed,,,Private Catalan company (15+ years),,,,,cavalldecartro@cavallcartro.cat,+34 937 793 305,"Cavall de Cartró manages municipal nurseries and educational projects throughout Catalonia, for example Escola Bressol Municipal Mestre Jané in Sant Feliu de Codines. It also runs Espai Obert family programmes. The company publishes a map of its centres online. A mid-size concession operator worth qualifying.",,Decision maker not confirmed.,3,https://www.cavallcartro.cat/; https://www.cavallcartro.cat/centres-escoles-bressol-llars-infants-llistat,south.json,,,https://www.cavallcartro.cat/contacte; https://empresite.eleconomista.es/SERVEIS-EDUCATIUS-CAVALL-CARTRO.html
Cognita Schools Spain,international school group with early years,ES,,Madrid,,https://www.cognita.com,,,,"Private (Cognita, backed by Jacobs Holding)",,,,,spain@cognita.com; admisionescem@cognita.com,+34 93 647 70 00,"Cognita operates a cluster of bilingual/international schools in Spain (e.g. Colegio Europeo de Madrid, Hastings School, El Limonar International School) all with nursery/early-years sections. Purchasing is coordinated regionally from Madrid.",,Not verified by web search this session (search budget exhausted after 24 queries); from prior knowledge - verify before outreach.,3,https://www.cognita.com,south.json,,,https://www.cognita.com/contact-us/; https://www.colegioeuropeodemadrid.com/en/contact-us/; https://rocketreach.co/cognita-schools-email-format_b5cd6d1ef42e0b11
Grupo Educare,private school group (infantil to bachillerato),ES,,"La Navata (Galapagar), Madrid","La Navata, Madrid",https://www.grupoeducare.es,"5 schools (Peñalar, Valdefuentes, Peñalvento, Torrevilano, Montesclaros), each with escuela infantil",,,Private company,,,,,info@grupoeducare.es; dpd@grupoeducare.es,918595811,"Grupo Educare promotes and manages private/concertado schools in the Madrid region, all offering early-years cycles from 0-1 years. Its five campuses sit in Torrelodones, Sanchinarro, Colmenar Viejo, Ensanche de Vallecas and Cerceda. Management is centralised in La Navata. Not linked to any 'Britannia' brand as far as could be verified.",,Decision maker not confirmed.,3,https://www.linkedin.com/company/grupo-educare,south.json,,,https://grupoeducare.es/; https://grupoeducare.es/politica-privacidad/
Inspired Education Group - Spain,international school group with early years,ES,,Madrid,,https://www.inspirededu.com,,,,Private (Inspired Education Holdings),,,,,,,"Inspired runs King's College schools, Colegio San Patricio and others in Spain, each with early-years/nursery provision from age 1-2. Regional leadership in Madrid oversees procurement standards across the Iberian cluster (also Redbridge in Portugal).",,Not verified by web search this session (search budget exhausted after 24 queries); from prior knowledge - verify before outreach.,3,https://www.inspirededu.com,south.json,,,https://rocketreach.co/maximiliano-martin-email_87482788; https://www.highperformr.ai/company/inspired-ed
Kids&Us (Kids & Us English S.L.),language-school franchise for ages 1-18 (NOT a 0-3 daycare operator),ES,,Manresa (Barcelona),"Manresa, Barcelona",https://www.kidsandus.es,700+ centres in 11-13 countries (2025); ~500 in Spain,"190,000+ students",,Private; founded 2003 by Natalia Perarnau and Quim Serracanta; PE-backed (Corpfin Capital),Ana Rojo Guisasola,CEO,https://www.linkedin.com/in/ana-rojo-guisasola-2b242316/,Natalia Perarnau - founder; Marta Illa - director Kids&Us Manresa,info@kidsandus.es; lasrosas@kidsandus.es,900 37 37 92,"Kids&Us is an English-teaching franchise founded in Manresa in 2003 whose method starts at age one; it is not a full-day nursery operator but partners with escuelas infantiles to deliver English inside them. It has grown past 700 centres in Europe, Asia and Latin America with 190,000 students and plans 300 more academies by 2028. Ana Rojo (ex-Douglas) leads the company as CEO under Corpfin Capital ownership. Relevant as a channel partner to nurseries rather than an end operator.",,"Checked as requested: language provider, not daycare operator.",3,https://cronicaglobal.elespanol.com/business/20250609/escuelas-ingles-kidsus-aceleran-crecimiento-nuevas-academias/1003742664305_0.html; https://www.corpfincapital.com/en/ana-rojo-de-douglas-a-kidsus/; https://kidsandusalcorcon.com/kidsus-en-tu-escuela/,south.json,,,https://www.kidsandus.es/es/contacto; https://las-rosas.kidsandus.es/es/contacto/
Kidsco (corporate nurseries),private operator of company/on-site nurseries,ES,,Madrid,,https://www.kidsco.es,,,,Private,,,,,info@kidsco.es,+34 917 080 206,"Kidsco designs and operates workplace nurseries for large employers and public bodies in Spain, and also runs its own escuelas infantiles. Its B2B model concentrates purchasing decisions in a single HQ.",,Not verified by web search this session (search budget exhausted after 24 queries); from prior knowledge - verify before outreach.,3,https://www.kidsco.es,south.json,,,https://www.kidsco.es/donde-estamos
Montessori Village (Montessori Village S.L.),private Montessori 0-12 network/franchise,ES,,Madrid,Madrid,https://www.montessorivillage.es,"Multiple centres across Spain (Las Tablas, Colmenar Viejo and others); count not confirmed",,,Private; founder-led; franchise network,,,,'Mónica' - founder and director (surname not confirmed),hello@montessorivillage.es; comunicacion@montessorivillage.es; piovera@montessorivillage.es; alcala@montessorivillage.es; sarria@montessorivillage.es; lamoraleja@montessorivillage.es,,"Founded in Madrid in 2011, Montessori Village has become the only Spanish franchise network of Montessori infant schools, covering Nido (0-18m), Infant Community, Children's House and Workshop stages. Centres are semi-autonomous but supported by a central administrative and pedagogical management group. The founder Mónica remains director. Attractive for Montessori-specific materials and bilingual programmes.",,Founder's surname not confirmed.,3,https://www.montessorivillage.es/quienes-somos/; https://franquicias.montessorivillage.es/; https://www.einforma.com/informacion-empresa/montessori-village,south.json,,,https://www.montessorivillage.es/contacto/
Dibber Finland (Dibber Päiväkodit),chain (Dibber),FI,,Helsinki,,https://dibber.fi,,,,"founder-owned (Dibber / HJR Holding, NO)",,,,,,,Finland is confirmed among Dibber's ten countries. Unit count and country MD not verified.,,country presence verified; details from background knowledge only - NOT verified by search in this session; decision maker not confirmed,3,https://www.barnehage.no/dibber-india-internasjonalt-samarbeid/tar-den-norske-barnehagemodellen-ut-i-verden-norge-kan-vaere-superstolt/268974,nordics.json,,,https://www.asiakastieto.fi/yritykset/fi/dibber-early-education-finland-oy/31149019/rekisteritiedot; https://www.dibber.com/contact
HEI Schools,franchise / international preschool concept,FI,,Helsinki,,https://heischools.com,,,,founder-owned with University of Helsinki partnership (not verified),,,,,info@heischools.com,+358 40 8600277,"Finnish early-education concept licensed internationally (Asia, Middle East, Americas) with a few own units in Finland. Not verified in this session.",,from background knowledge only - NOT verified by search in this session; decision maker not confirmed,3,,nordics.json,"heikki.vartia@heischools.com (Heikki Vartia, Director of Partnerships); aditi.katara@heischools.com (Aditi Katara, Partnerships Manager - Toolkit Curriculum); sami.makinen@heischools.com (Sami Makinen, Director of Partnerships); milla.kokko@heischools.com (Milla Kokko, ); inkeri.aimonen@heischools.com (Inkeri Aimonen, )",first.last@domain,https://www.heischools.com/company/contact-us/; https://www.zoominfo.com/pic/hei-schools/449191694; https://www.finder.fi/Koulutukset+ja+koulutuspalvelut/Helsinki+International+Schools+Group+Oy/Helsinki/yhteystiedot/3102309
Norlandia Päiväkodit Oy,chain (Norlandia),FI,,Helsinki,,https://norlandia.fi,,,,"founder-owned (Norlandia Health & Care Group, NO)",,,,,hallinto@norlandia.com,010 8367200,Finnish preschool arm of Norlandia; group confirmed to operate in Finland. Unit count and Finnish MD not verified.,,from background knowledge only - NOT verified by search in this session; decision maker not confirmed,3,https://nhcgroup.no/kontakt,nordics.json,,,https://www.finder.fi/Yksityinen+p%C3%A4iv%C3%A4koti/Norlandia+P%C3%A4iv%C3%A4kodit+Oy/Espoo/yhteystiedot/346361
Antin Infrastructure Partners,investor,FR,FR; GB; US,Paris,"Paris, France",https://www.antin-ip.com/,,,EUR ~30bn AUM (prior knowledge),Euronext Paris listed,Alain Rauscher,"Co-founder, Chairman & CEO (prior knowledge - verify)",,title: Partner leading Babilou Family investment - not confirmed,media@antin-ip.com; shareholders@antin-ip.com; antinip@brunswickgroup.com,,"Antin acquired a majority of Babilou Family in August 2020 from Cobepa and other investors, its first social-infrastructure deal in childcare. It has supported Babilou's CEO change (Christophe Fond, 2024) and German management reshuffle. Sector partner: Babilou Family. Hooks: Antin's portfolio operations team and a likely refinancing/exit window 2026-2028.",prior knowledge - verify,,3,https://www.antin-ip.com/investments/babilou-family; https://www.antin-ip.com/media/our-news/babilou-family-welcomes-new-key-shareholder-accelerate-its-development; https://www.cobepa.com/en/News/Cobepa-closed-the-sale-of-Babilou-Family-to-Antin-Infrastructure-Partners,paneuro.json,,,https://www.antin-ip.com/media/press; https://www.antin-ip.com/who-we-are/team/people/alain-rauscher; https://live.euronext.com/en/products/equities/company-news/2026-01-20-antin-announces-new-roles-within-its-senior-leadership
Cap Enfants,crèche operator (bilingual/musical concept),FR,,Gennevilliers,Gennevilliers (92),https://www.capenfants.com,8 crèches,"~1,700 children over its history",,founder-owned,Claudia Kespy-Yahi,Fondatrice & Présidente,https://www.linkedin.com/in/claudiakespyyahi/,,contact@capenfants.com,+33 (0)1 70 61 67 61,"Cap Enfants was founded in 2005 by Claudia Kespy-Yahi around a patented 'Bulle Musicale' multisensory and multilingual pedagogy. It runs eight crèches in the Paris region for employers and local authorities. The founder is a visible public figure (X, LinkedIn, Alan testimonial) and a patron of student solidarity at CY Cergy Paris Université. The company sells its pedagogy as a differentiator to corporate clients. Hook: small, innovation-friendly, founder reachable directly.",,,3,https://www.capenfants.com/qui-sommes-nous/; https://fr.wikipedia.org/wiki/Cap_Enfants; https://www.linkedin.com/in/claudiakespyyahi/,fr_benelux.json,"cyahi@capenfants.com (Claudia Kespy-Yahi, Fondatrice & Présidente); claudia@ff-entreprises-creches.com (Claudia Kespy-Yahi, Fondatrice & Présidente (Fédération française des entreprises de crèches))",flast@capenfants.com,https://rocketreach.co/claudia-kespy-yahi-email_92262014; https://contactout.com/Claudia-Kespy-yahi-37128822; https://www.capenfants.com/mentions-legales/
Crescendo (Groupe SOS),non-profit crèche network,FR,,Paris,"10 rue Vicq d'Azir, 75010 Paris",https://www.crescendo.asso.fr,56-65 crèches (2025) + parenting centres,,,"non-profit (association, member of Groupe SOS)",Céline Legrain,Directrice Générale,,Laetitia Lagarde (Directrice Générale Adjointe),crescendo@groupe-sos.org,+33 1 58 82 29 81,"Crescendo is the early-childhood association of Groupe SOS, France's largest social-enterprise group. It runs 56-65 'solidarity' crèches, mostly in Paris and Île-de-France under public delegation contracts, plus parent-child centres, a PMI centre and insertion sites. Its annual reports (2023, 2024) are public and detail its social-inclusion mission, including places reserved for families in insertion. It recruits heavily and publishes activity reports each year. Hook: mission-driven, publicly funded, procurement often via Groupe SOS central services.",,,3,https://www.groupe-sos.org/structure/crescendo/; https://www.groupe-sos.org/wp-content/uploads/2020/12/Rapport-Crescendo_2024-VF.pdf,fr_benelux.json,,,https://www.crescendo.asso.fr/contact/; https://www.crescendo.asso.fr/actualites/12668/
Fédération Française des Entreprises de Crèches (FFEC),trade association (channel partner),FR,,Paris,Paris,https://www.ff-entreprises-creches.com,"members operate ~3,000+ crèches",,,non-profit (federation),,Président(e) / Délégué(e) général(e),https://www.linkedin.com/company/federation-francaise-des-entreprises-de-creches,,contact@ff-entreprises-creches.com,01 41 03 14 80; Elsa Hervy 06 38 54 49 73,"FFEC is the trade body of private crèche companies in France (Babilou, LPCR, La Maison Bleue, People&Baby, Liveli, Léa & Léo and many SMEs). It lobbies on the 2025 reforms (micro-crèche decree, quality controls) and runs events attended by group executives. Useful as a channel to reach many operators at once. Leadership not confirmed in this session.",,decision maker not confirmed by search in this session (search budget exhausted); verify before outreach,3,https://www.linkedin.com/company/federation-francaise-des-entreprises-de-creches,fr_benelux.json,"elsahervy@ff-entreprises-creches.com (Elsa Hervy, Déléguée Générale)",firstlast@ff-entreprises-creches.com,https://ff-entreprises-creches.com/contact/; https://ff-entreprises-creches.com/app/uploads/2024/09/2024-09-30-ffec-actions-plfss-2025.pdf; https://ff-entreprises-creches.com/presse/2023-04-igas/
InfraVia Capital Partners,investor,FR,FR,Paris,"Paris, France",https://infraviacapital.com/,,,EUR ~14bn AUM (prior knowledge),Independent PE/infra manager,Vincent Levita,Founder & CEO (prior knowledge - verify),,title: Partner responsible for Grandir - not confirmed,contact@infraviacapital.com,,"InfraVia is a Paris-based infrastructure and 'social infrastructure' investor that agreed exclusivity to invest in Grandir in 2022 and now backs its five-country expansion. Its thesis treats early-years care as a long-duration, regulated, essential-services asset. Sector partner: Grandir (portfolio page). Hooks: value-creation teams at infra funds push portfolio companies toward digitalisation and data reporting; a vendor endorsement at fund level can cascade to Grandir's 1,000+ sites.",prior knowledge - verify,,3,https://infraviacapital.com/companies/grandir/; https://infraviacapital.com/infravia-enters-into-an-exclusive-agreement-to-invest-in-grandir/,paneuro.json,"vlevita@infraviacapital.com (Vincent Levita, Founder & CEO, InfraVia Capital Partners)",flastname@infraviacapital.com,https://infraviacapital.com/companies/vincent-levita/; https://infraviacapital.com/team/; https://mergr.com/investor/infravia-capital-partners/team/vincent-levita; https://infraviacapital.com/legals/
People&Baby,crèche chain,FR,FR; CH; ES; IT; LU,Paris,"9 avenue Hoche, 75008 Paris (verify)",https://www.people-and-baby.com,~530 crèches (April 2025) minus 44 closures announced for Sept 2025,,not confirmed (see Pappers SIREN 479182750),"PE/creditor-owned (Alcentra became shareholder via accelerated safeguard, Nov 2024)",Philippe Tapié,CEO (post-2024 restructuring management),,"Odile Broglin (co-founder, former DG); Christophe Durieux (co-founder, former Président) | name: Odile Broglin; title: Co-founder",accueil@people-and-baby.com,+33 1 58 05 18 70 (HQ); Bruno Degaichi +33 6 62 66 03 85; Dimitri Mede +33 6 01 64 36 65,"People&Baby was founded in 2004 by Christophe Durieux and Odile Broglin and became France's third-largest private crèche network. It was at the centre of the 2023-2024 sector controversies and parliamentary inquiry. In November 2024 it entered accelerated safeguard proceedings, through which the debt fund Alcentra became its shareholder and the founders exited operational control. In April 2025 the group announced the closure of 44 of its ~530 crèches, and in December 2025 it placed its subsidiary People & Baby Développement under court protection (redressement judiciaire) due to a multi-million tax liability inherited from prior management. The group says it is pursuing a transformation plan under new management. Hook: new leadership and restructuring create vendor review opportunities, but budget constraints are tight; decision maker not confirmed. | People&Baby was founded in 2004 by Odile Broglin and Christophe Durieux and became one of France's four big private crèche groups, with international sites in Switzerland, Spain, Italy and Luxembourg. It was at the centre of the 2023 'Les Ogres' scandal and parliamentary inquiry into private crèches, which damaged its reputation and finances. In November 2024 it entered an accelerated safeguard procedure through which Alcentra, holder of its debt, became shareholder; in April 2025 it announced closure of 44 of 530 crèches, and in December 2025 its subsidiary People&Baby Développement was placed under court protection over an inherited tax debt. Philippe Tapié was president as of 2024. The group is therefore in restructuring mode: capex is constrained, but there is demand for tools that prove quality and compliance to regulators and employer clients. Software vendors not confirmed. Hooks: cost-out, consolidation of systems, and possible disposal of foreign subsidiaries (Switzerland/Spain) to other platforms in 2026. Lead score is low-medium because of financial distress.",confirmed via search (2024),decision maker not confirmed by search in this session (search budget exhausted); verify before outreach,3,https://fr.wikipedia.org/wiki/People_and_baby; https://www.people-and-baby.com/la-filiale-people-baby-developpement-en-redressement-judiciaire-lactivite-se-poursuit-normalement; https://www.lesprosdelapetiteenfance.fr/people-baby-va-fermer-44-creches-a-la-rentree/ | https://fr.wikipedia.org/wiki/People_and_baby; https://www.people-and-baby.com/la-filiale-people-baby-developpement-en-redressement-judiciaire-lactivite-se-poursuit-normalement; https://www.pappers.fr/entreprise/people-and-baby-479182750,fr_benelux.json,"Bruno.DEGAICHI@people-and-baby.com (Bruno Degaichi, Regional contact (Centre-Ouest, PACA, Est, Ile-de-France)); Dimitri.MEDE@people-and-baby.com (Dimitri Mede, Regional contact (Auvergne-Rhône-Alpes, Sud-Ouest, Normandie))",First.Last@people-and-baby.com,https://www.people-and-baby.com/contacts; https://www.people-and-baby.com/en/contact; https://www.people-and-baby.com/Communique/philippe-tapie-nouveau-president-people-baby
Bright Horizons Family Solutions UK,chain,GB,,Northampton / London,"2 Crown Court, Rushden? - not confirmed; UK office Northampton (prior knowledge)",https://www.brighthorizons.co.uk,"264 nurseries (2026, company); ~300+ settings cited by NMT",,,"listed (Bright Horizons Family Solutions Inc., NYSE: BFAM)",Philip Smith,"Managing Director, UK",,Executive Director of Operations - new hire reported by NMT (name not confirmed); Head of Marketing UK - not confirmed,info@brighthorizons.co.uk (not confirmed),+44 (0)333 240 1090 (not confirmed),"UK arm of US-listed Bright Horizons; grew via acquisitions of Teddies, kidsunlimited (2013), Asquith (2017), Yellow Dot etc. Pushed into third place by Kids Planet in Nursery World's 2026 report; runs 264 nurseries plus employer-sponsored back-up care and work+family benefits (which is a core differentiator). Continues to open/acquire (Beaconsfield, Leytonstone, Camberley planned 2026). Philip Smith is UK MD and has toured ~125 nurseries in his first 10 months. Group has significant central IT/digital function in the US; UK decisions on nursery software usually run through group procurement. Hooks: employer-partnership model, corporate clients, quality drive (Ofsted), new operations director.",,MD confirmed via WebSearch snippet this session,3,https://www.nurseryworld.co.uk/content/features/nursery-groups-report-2026-growth-and-caution; https://www.nurseryworld.co.uk/articles/bright-horizons-appoints-new-md; https://nmt-magazine.co.uk/bright-horizons-hires-new-executive-director-of-operations/; https://www.brighthorizons.co.uk/about/expanding-our-portfolio,uk_ie.json,,,https://www.brighthorizons.co.uk/about/uk-leadership-team/phil-smith; https://www.nurseryworld.co.uk/content/features/nursery-groups-report-2026-people-places
Fremman Capital,investor,GB,GB; ES; FR; DE,London,,https://www.fremman.com/,,,,Independent PE (pan-European mid-market),,Partner on Kids Planet - not confirmed,,,info@fremman.com; investorrelations@fremman.com,+44 (0) 20 7458 4626,"Fremman Capital invested in Kids Planet in 2023 alongside Souter Investments and Tresmares, funding growth to 240-290 UK nurseries. Fremman is pan-European (London, Madrid, Paris, Munich), so a cross-border childcare platform is plausible. Sector partner: Kids Planet.",not confirmed,,3,https://pitchbook.com/profiles/company/120933-73; https://www.souterinvestments.com/portfolio/kids-planet,paneuro.json,,,https://fremman.com/contact-us/; https://leadiq.com/c/fremman-capital/602410ba411f372b40c94414/email-format
ICP Education (Oakley Capital) - Grandir? no; UK nursery platform,multi-country-platform,GB,GB,,,,,,,Oakley Capital (investment in ICP Education Holding Ltd),,CEO - not confirmed,,,,,"Oakley Capital announced an investment in ICP Education Holding Limited, a UK nursery group platform, marking Oakley's entry into UK early-years consolidation (the search surfaced only the announcement page). The platform is expected to pursue a buy-and-build strategy similar to Kids Planet/Fremman and Storal/Graphite. Details on brands, site count, CEO and systems were not confirmed this session and should be checked on Oakley's site and Companies House. Hooks: new PE platform at the start of its integration cycle - ideal timing for a group-wide software standard.",not confirmed,,3,https://www.oakleycapital.com/news-and-insights/investment-in-icp-education,paneuro.json,,,https://www.oakleycapital.com/news-and-insights/investment-in-icp-education; https://www.kirkland.com/news/press-release/2021/06/kirkland-advises-oakley-capital-on-investment-in-i
Kindred Education / Kindred Nurseries,multi-country-platform,GB,GB,London (verify),,https://www.kindrednurseries.co.uk/,50 settings in England (2025),,,Livingbridge (2024 investment),Laura Wardley-Smith,CEO (verify; Ruth Pimentel resigned 3 Sept 2025),,name: Ruth Pimentel; title: Former CEO (to Sept 2025),enquiries@kindrednurseries.co.uk,,"Kindred Education (Companies House 09753655) is a London and South East nursery group that won EducationInvestor recognition in 2025 with 50 settings. Livingbridge invested in 2024 to accelerate acquisitions; Kindred made three acquisitions in summer 2025 advised by Cattaneo. Leadership changed in September 2025 when Ruth Pimentel resigned, with Laura Wardley-Smith identified as CEO. Kindred emphasises a premium, family-focused brand and will be harmonising systems across acquired nurseries (vendor not confirmed). Hooks: new CEO, PE-backed growth, and UK funded-hours administration.",confirmed via search (verify current),,3,https://www.livingbridge.com/portfolio/kindred; https://www.cattaneo.co.uk/2025/08/31/kindred-makes-three-acquisitions/; https://open.endole.co.uk/insight/company/09753655-kindred-education-limited; https://educationinvestorawards.com/winner-kindred/,paneuro.json,,,https://www.nurseryworld.co.uk/content/features/nursery-groups-report-2026-people-places; https://uk.indeed.com/cmp/Kindred-Nurseries/reviews
Little Barn Owls Nursery & Farm School,independent,GB,,Horsham (West Sussex),not confirmed,https://www.littlebarnowls.co.uk,3 settings (prior knowledge),,,founder-owned,Hayley Peacock,Founder & CEO (prior knowledge),,,info@littlebarnowls.co.uk,,Multi-award-winning Reggio-inspired nursery and farm school; Nursery World Nursery of the Year winner. Verify.,,from prior knowledge - NOT confirmed by search this session; verify before outreach,3,https://www.littlebarnowls.co.uk,uk_ie.json,,,https://littlebarnowls.co.uk/why-join-us/; https://www.linkedin.com/in/hayley-peacock-49098115/; https://hayleypeacockeducation.co.uk/
Little Dukes (Dukes Education),chain,GB,,London,not confirmed,https://www.dukeseducation.com/nurseries,new entry at 24th in NW 2025 table; c.30 nurseries (verify),,,PE-backed (Dukes Education; founder Aatif Hassan; Providence? - verify),None confirmed,,,"Aatif Hassan (Founder & Chairman, Dukes Education - prior knowledge); Managing Director, Little Dukes - not confirmed",info@dukeseducation.com,+44 (0) 203 696 5300,"Nursery arm of premium schools group Dukes Education, combining acquired London nursery brands (e.g. Riverside Nursery Schools, Hopes and Dreams, Miss Daisy's, Broomfield House etc. - verify). Entered Nursery World's top-25 by size in 2025 and ranked 2nd/3rd for Ofsted quality in 2025/2026 with all settings Good or Outstanding. Sits within a group of 40+ schools and colleges, offering a nursery-to-sixth-form pathway. Hooks: premium positioning, group-wide quality drive, education-group procurement.",,Decision maker not confirmed,3,https://www.nurseryworld.co.uk/content/features/nursery-chains-2025-making-a-move-the-25-largest-nursery-groups-by-size-and-quality; https://www.nurseryworld.co.uk/content/features/nursery-groups-report-2026-growth-and-caution; https://www.nurseryworld.co.uk/content/news/childbase-partnership-takes-top-spot-in-our-nursery-chains-2025-quality-table,uk_ie.json,,,https://dukeseducation.com/contact/; https://dukeseducation.com/sarah-paine-little-dukes-nurseries/
Little Forest Folk,independent,GB,,London,not confirmed,https://www.littleforestfolk.com,c.6 forest nurseries (prior knowledge),,,founder-owned,Leanna Barrett,Co-founder & CEO (prior knowledge),,,,,Pioneering full-time outdoor forest nurseries in London founded 2015 by Leanna and James Barrett; frequently cited in press and Ofsted Outstanding. Verify current leadership.,,from prior knowledge - NOT confirmed by search this session; verify before outreach,3,https://www.littleforestfolk.com,uk_ie.json,,,https://www.parenta.com/2017/06/30/little-forest-folk-finding-joy-in-the-great-outdoors/; https://www.education-cities.com/little-forest-folk/
Little Pioneers (Midcounties Co-operative Childcare),chain,GB,,Warwick (Midcounties Co-operative HQ),not confirmed,https://www.littlepioneers.coop,c.40+ nurseries (prior knowledge; some sites sold to Grandir UK - verify),,,co-operative (member-owned Midcounties Co-operative),,,,,info@littlepioneers.coop; careers@littlepioneers.coop,0800 954 0669,"Childcare division of The Midcounties Co-operative, rebranded from Co-operative Childcare to Little Pioneers. Runs nurseries and out-of-school clubs across the Midlands, South and London, with co-operative values and strong employer benefits. Reported disposal of some sites to Grandir UK - verify. Decision making sits with the Co-op's Head of Childcare.",,from prior knowledge - NOT confirmed by search this session; verify before outreach,3,https://en.wikipedia.org/wiki/Midcounties_Co-operative; https://www.littlepioneers.coop,uk_ie.json,,,https://www.littlepioneers.coop/contact-us/; https://rocketreach.co/justine-cope-email_224610151; https://leadiq.com/c/little-pioneers/5a1d95d22300005b00847e53/email-format
Mama Bear's Day Nurseries,chain,GB,,Bristol / South West,not confirmed,https://www.mamabear.co.uk,"c.30 nurseries in Bristol, Somerset, Devon (prior knowledge)",,,founder-owned (family),,,,,info@mamabear.co.uk; opsdirector@mamabear.co.uk,+44 117 958 2030,Family-run South West group known for its 'Mama Bear' brand and pre-schools; one of the larger regional independents. Verify current MD and count.,,from prior knowledge - NOT confirmed by search this session; verify before outreach,3,https://www.mamabear.co.uk,uk_ie.json,,,https://mamabear.co.uk/index.php/contact-us?nursery=downend-road---downend; https://mamabear.co.uk/policies
N Family Club,chain,GB,,London,not confirmed,https://nfamilyclub.com,"50 nurseries (2025) - London, Home Counties, Cambridge, Sussex, West Midlands; US expansion announced",,,"PE/VC-backed (Gresham House £37.5m minority; Pembroke VCT, Kartesia, Steyn Group, Gemini) - B Corp",Phil Sunderland,Founder & Chief Executive Officer,,Chief Operating Officer - not confirmed; Head of Brand/Marketing - not confirmed; Chief Technology/Product Officer - N builds its own parent app (verify),hello@nfamilyclub.com (not confirmed),+44 (0)20 3865 7402,"Founded 2017 by Phil Sunderland to 'rethink early years'; premium, design-led nurseries with a strong employer brand (N Leadership Conference, shareholder scheme letting nursery managers become partners). Certified B Corp. Raised £37.5m from Gresham House plus Pembroke VCT/Kartesia; now 50 nurseries and announced US expansion in 2025. Known for in-house tech (N app for parents) so third-party software sales are harder, but partnerships on content/assessment/marketing are plausible. Hooks: US launch, brand-driven growth, tech-forward culture.",,CEO confirmed via WebSearch snippet this session,3,https://greshamhouse.com/news-media/gresham-house-invests-37-5mn-into-n-family-club-nurseries/; https://www.nurseryworld.co.uk/content/news/n-family-club-announces-us-expansion; https://nurseryworld.co.uk/news/article/n-family-club-launches-new-shareholder-scheme; https://www.bcorporation.net/en-us/find-a-b-corp/company/n-family-holdings-ltd/,uk_ie.json,"olivia@nfamilyclub.com (Olivia (surname not shown), Contact listed for N Family Club (role not shown))",first@nfamilyclub.com,https://nfamilyclub.com/getintouch/; https://nfamilyclub.com/contact-us/; https://www.crunchbase.com/person/phil-sunderland-cf9f
Storal (Storal Learning Ltd),multi-country-platform,GB,GB,Birmingham (verify),,https://www.storal.com/,"53 nurseries in England after Children 1st acquisition (2024-2025); 5,000+ places","~5,000 places",,Graphite Capital (2023 investment); OakNorth debt,Sarah Mackenzie,CEO (since 2022),,,,,"Storal is a mid-sized English nursery group (Storal Nurseries Ltd, Companies House 02434041) that brought in Sarah Mackenzie as CEO in 2022 and secured Graphite Capital investment in 2023 to fund a buy-and-build. In late 2024 it acquired Children 1st Day Nurseries with OakNorth financing, roughly doubling to 53 nurseries and 5,000+ places. Storal positions itself on curriculum quality and staff development. As a PE-backed consolidator it is likely to standardise nursery management and parent-app software across acquired sites (vendor not confirmed). Hooks: post-acquisition integration, Graphite's education-sector playbook, and a CEO from outside the sector open to new tooling.",confirmed via search,,3,https://www.dcadvisory.com/news-deals-insights/deal-announcements/dc-advisory-advises-graphite-capital-on-its-investment-in-storal-learning-limited/; https://oaknorth.co.uk/press/oaknorth-provides-funding-to-support-storals-acquisition-of-children-1st-day-nurseries/; https://nmt-magazine.co.uk/storal-obtains-investment-for-future-growth/,paneuro.json,,,https://www.nurseryworld.co.uk/news/article/sarah-mackenzie-starts-new-role-as-ceo-of-storal-learning; https://theorg.com/org/storal/org-chart/sarah-mackenzie
Thrive Childcare and Education (formerly Bertram Nursery Group),chain,GB,,Edinburgh,not confirmed,https://www.thrivechildcare.com,49 nurseries (Scotland & North West England),,,"PE-backed (Apiary Capital, MBO 2019)",Cary Rankin,Chief Executive Officer (NOTE: Companies House shows his directorship terminated 29 Sept 2025 - successor not confirmed),,Successor CEO - not confirmed (check Companies House SC192599 Oct 2025 filings); Operations Director - not confirmed,info@thrivechildcare.com (not confirmed),,"Bertram Nursery Group (Edinburgh) grew through acquisitions of Happitots, Holyrood, Corner House, Oranges & Lemons, Bright Beginnings and Enchanted Forest, completed an MBO with Apiary Capital in 2019 and relaunched as Thrive Childcare and Education. Now 49 nurseries across Scotland and the North West; acquired The Village Nursery group in 2025. Cary Rankin (ex-kidsunlimited/Bright Horizons) led as CEO, but Companies House records his director appointment ending 29 Sept 2025, suggesting a leadership change - confirm current CEO before outreach. Hooks: possible new CEO, Scottish 1140-hours funding environment, PE exit timeline.",,Leadership in flux - confirmed via WebSearch snippet this session,3,https://www.nurseryworld.co.uk/content/news/thrive-childcare-and-education-acquires-the-village-nursery-group; https://find-and-update.company-information.service.gov.uk/company/SC192599/filing-history; https://www.apiarycapital.com/portfolio/thrive; http://nmt-magazine.co.uk/bertram-nursery-group-has-relaunched-as-thrive-childcare-and-education/,uk_ie.json,,,https://uk.linkedin.com/company/thrivechildcareuk; https://www.zoominfo.com/pic/thrive-childcare-and-education/558206281
Tommies Childcare,chain,GB,,Coventry,"Coventry, West Midlands (not confirmed)",https://www.tommieschildcare.co.uk,"9 nurseries (Birmingham, Coventry, Derby, Kenilworth, Solihull, Nuneaton); 168 employees",,,founder-owned,Caroline Fooks,Founder & Chief Executive Officer,,Operations Manager - not confirmed,info@tommieschildcare.co.uk,,"Founded 1998 when Caroline Fooks rescued St Thomas Pre-school in Coventry; now an award-winning nine-site nursery group in the Midlands (Tommies Childcare Ltd CH 04671629 and Tommies Childcare Midlands Ltd CH 13378186). Known for its wellbeing-led approach and staff culture. Small enough for fast decisions, large enough for a group deal. Hooks: founder-led, Midlands cluster.",,CEO confirmed via WebSearch snippet this session,3,https://www.tommieschildcare.co.uk/our-nurseries/find-a-nursery/; https://find-and-update.company-information.service.gov.uk/company/04671629; https://www.zoominfo.com/c/tommies-childcare-ltd/357320165,uk_ie.json,,,https://www.tommieschildcare.co.uk/careers/meet-the-team/; https://open.endole.co.uk/insight/company/04671629-tommies-childcare-ltd
Tops Day Nurseries (Hadland Care Group),chain,GB,,Bournemouth (Dorset),"Bournemouth, Dorset (prior knowledge)",https://www.topsdaynurseries.co.uk,30+ nurseries & play clubs across 6 counties (2025),,,employee-owned (EOT since April 2024; founder Cheryl Hadland),Cheryl Hadland MBE,Founder / Chair (role post-EOT to verify),,Managing Director post-EOT - not confirmed (see Companies House 10048682 officers); Aspire Training Team (sister company) lead - not confirmed,info@topsdaynurseries.co.uk (not confirmed),+44 (0)1202 551553 (not confirmed),"Founded 1990 by Cheryl Hadland; the largest nursery group in Dorset with 30+ nurseries/play clubs and 800+ staff, plus its training arm Aspire Training Team. Transitioned to an Employee Ownership Trust in April 2024 (one of only two UK nursery EOTs alongside Childbase). Well known for its sustainability agenda (eco-nurseries, GECCO). Continues to make small acquisitions in the South West. Hooks: sustainability, employee-ownership culture, training arm.",,Founder confirmed via WebSearch snippet this session; current MD not confirmed,3,https://www.nurseryworld.co.uk/content/news/tops-day-nurseries-becomes-an-employee-owned-business; https://www.topsdaynurseries.co.uk/why-tops-chose-to-become-employee-owned/; https://www.topsdaynurseries.co.uk/about-tops/; https://find-and-update.company-information.service.gov.uk/company/10048682/officers,uk_ie.json,,,https://www.topsdaynurseries.co.uk/team/cheryl-hadland/; https://www.topsdaynurseries.co.uk/team/
Welcome Nurseries,chain,GB,,Doncaster? (Yorkshire) - verify,not confirmed,https://www.welcomenurseries.co.uk,c.20-30 nurseries UK (prior knowledge),,,PE-backed (investor not confirmed),,,,,rainbowhouse@welcomenurseries.com; cowlersleylane@welcomenurseries.com; alfreton@welcomenurseries.com,,"Acquisitive nursery group operating a portfolio of previously independent nurseries across England (Yorkshire, Midlands, South). Has made multiple bolt-on acquisitions 2022-2025 with bank/PE funding. Verify CEO.",,from prior knowledge - NOT confirmed by search this session; verify before outreach,3,https://www.welcomenurseries.co.uk,uk_ie.json,,,https://www.bwd-localoffer.org.uk/kb5/blackburn/directory/service.page?id=UKiLTHjflCI&localofferchannel=0; https://find-and-update.company-information.service.gov.uk/company/12027560; https://reports.ofsted.gov.uk/provider/49/2576357
Doukas School,private school with kindergarten,GR,,Marousi (Athens),Marousi,https://www.doukas.gr,1 campus,,,"Private, family-owned",,,,,info@doukas.gr; admissions@doukas.gr; dpo@doukas.gr,+30 210 6186000,Doukas School offers pre-school (paidikos stathmos and nipiagogeio) through lyceum with a strong ed-tech profile. Family-owned single campus.,,Not verified by web search this session (search budget exhausted after 24 queries); from prior knowledge - verify before outreach.,3,https://www.doukas.gr,south.json,"t.iosifidis@doukas.gr (T. Iosifidis, Examinations Officer)",f.last@doukas.gr,https://www.doukas.edu.gr/epikoinonia/; https://www.doukas.edu.gr/en/admissions/
Ellinogermaniki Agogi,private school with kindergarten (paidikos stathmos & nipiagogeio),GR,,Pallini (Athens),"Dimitriou Panagea, Pallini",https://www.ea.gr,1 campus,,,"Private, family-owned (Tsiaras family)",,,,,gumnasio@ea.gr,210 8176700,"Ellinogermaniki Agogi is a large private school in eastern Attica with kindergarten through lyceum, known for research and innovation projects (R&D department). Family-owned. Single large campus with substantial early-years intake.",,Not verified by web search this session (search budget exhausted after 24 queries); from prior knowledge - verify before outreach.,3,https://www.ea.gr,south.json,"sotiriou@ea.gr (Sotiriou (R&D Department), R&D Department contact)",last@ea.gr,https://www.ea.gr/en/contact/
Bright Horizons Ireland,chain,IE,,Dublin,not confirmed,https://www.brighthorizons.ie,c.10+ centres (prior knowledge),,,listed (Bright Horizons Inc.),,,,,blanchardstown@brighthorizons.com; leopardstown@brighthorizons.com,,"Irish arm of Bright Horizons, grown via acquisitions in Dublin. Verify current portfolio and Ireland lead.",,from prior knowledge - NOT confirmed by search this session; verify before outreach,3,https://www.brighthorizons.ie,uk_ie.json,,,https://www.mummypages.ie/childcare/dublin/blanchardstown/bright-horizons-family-solutions-blanchardstown; https://www.mummypages.ie/childcare/dublin/leopardstown/bright-horizons-at-leopardstown; https://www.solocheck.ie/Irish-Company/Bright-Horizons-Family-Solutions-Ireland-Limited-288883
Cocoon Childcare,chain,IE,,Dublin,not confirmed,https://www.cocoonchildcare.ie,c.15+ creches (prior knowledge),,,founder-owned / possibly acquired (verify),,,,,info@cocoonchildcare.ie; facebook@cocoonchildcare.ie,+353-1-419 9999,Dublin/Leinster group; reports of acquisition by an international operator - verify.,,from prior knowledge - NOT confirmed by search this session; verify before outreach,3,https://www.cocoonchildcare.ie,uk_ie.json,,,https://cocoonchildcare.ie/get-touch; https://www.facebook.com/cocoonchildcare.ie/about
Early Childhood Ireland (association),non-profit-group,IE,,Dublin,not confirmed,https://www.earlychildhoodireland.ie,"membership body representing c.3,800 services (prior knowledge)",,,non-profit,,,,,,+353 1 405 7100,"National membership organisation for early years services in Ireland; not an operator but a key channel/partner (events, member offers). CEO Frances Byrne (prior knowledge).",,from prior knowledge - NOT confirmed by search this session; verify before outreach,3,https://www.earlychildhoodireland.ie,uk_ie.json,"theeney@earlychildhoodireland.ie (Teresa Heeney, Chief Executive Officer)",flast@earlychildhoodireland.ie,https://www.earlychildhoodireland.ie/wp-content/uploads/2024/03/Child-Safeguarding-Statement.pdf; https://www.earlychildhoodireland.ie/contact/
Links Childcare,chain,IE,,Dublin,not confirmed,https://www.linkschildcare.ie,c.20 creches (prior knowledge),,,founder-owned / possibly acquired (verify),,,,,info@linkschildcare.ie; recruitment@linkschildcare.ie,1800 93 00 88,One of Dublin's larger creche groups. Verify ownership (reports of sale to an international group).,,from prior knowledge - NOT confirmed by search this session; verify before outreach,3,https://www.linkschildcare.ie,uk_ie.json,,,https://linkschildcare.ie/contact-us/; https://www.zoominfo.com/pic/links-childcare/372521794
Park Academy Childcare,chain,IE,,Dublin (South Dublin / Wicklow),not confirmed,https://www.parkacademy.ie,c.10-12 creches (prior knowledge),,,founder-owned (verify),,,,,info@parkchildcare.ie; enquiries@parkchildcare.ie; recruitment@parkchildcare.ie,1800 273 243,Premium South Dublin group with Montessori/creche services. Verify leadership.,,from prior knowledge - NOT confirmed by search this session; verify before outreach,3,https://www.parkacademy.ie,uk_ie.json,,,https://www.parkchildcare.ie/contact-us/
Aldia Cooperativa Sociale,social cooperative operating nidi,IT,,Pavia,Pavia,https://www.aldia.it,,,,Social cooperative,,,,,info@aldia.it; aldia@pec.confcooperative.it,0382529444,"Aldia manages municipal and corporate nidi and scuole dell'infanzia across Lombardy, Piedmont, Emilia and Lazio. Mid-large operator.",,Not verified by web search this session (search budget exhausted after 24 queries); from prior knowledge - verify before outreach.,3,https://www.aldia.it,south.json,"mattia.affini@aldia.it (Mattia Affini, Legal representative); camilla.costa@aldia.it (Camilla Costa, Referente); cristina.mocchetto@aldia.it (Cristina Mocchetto, Psychology referent)",first.last@aldia.it,https://tirocini.opl.it/scheda-ente-pubblica.php?ide=33; https://www.portaledeigiovani.it/scheda-utente/29018; https://www.aldia.it/contatti/
Consorzio Karabak,consortium of cooperatives building/operating nidi (project finance),IT,,Bologna,Bologna,https://www.karabak.it,,,,"Consortium (CADIAI, Camst, Cipea, Manutencoop and others)",,,,,info@societadolce.it; societadolce@pec.it,051 6441211 (Karabak Quattro),"Karabak is a series of consortia set up in Bologna to design, build and run municipal nidi under project finance for 20-25 year concessions. Educational management is by CADIAI; catering by Camst. Relevant for long-term supply arrangements.",,Not verified by web search this session (search budget exhausted after 24 queries); from prior knowledge - verify before outreach.,3,https://www.karabak.it,south.json,,,https://www.bolognazerodiciotto.it/profiles/profile-karabak; https://karabakquattro.it/; https://www.cadiai.it/consorzi
Fondazione Montessori Italia,influencer / training foundation for Montessori 0-6,IT,,Chiaravalle (Ancona),Chiaravalle,https://www.fondazionemontessori.it,,,,Foundation,,,,,info@fondazionemontessori.it; formazione@fondazionemontessori.it; consulenza@fondazionemontessori.it; amministrazione@fondazionemontessori.it; rivista@fondazionemontessori.it,+39 373 750 0051,Fondazione Montessori Italia trains educators and certifies Montessori nidi and scuole (Rete Montessori). Influencer for product standards among affiliated nurseries.,,Not verified by web search this session (search budget exhausted after 24 queries); from prior knowledge - verify before outreach.,3,https://www.fondazionemontessori.it,south.json,,,https://www.fondazionemontessori.it/contatti/
Istituzione Scuole e Nidi d'Infanzia del Comune di Reggio Emilia,municipal operator (public nidi and scuole dell'infanzia),IT,,Reggio Emilia,Reggio Emilia,https://www.scuolenidi.re.it,,,,Municipal institution,,,,,istituzionescuolenidi@comune.re.it; reclutamento.istituzione@comune.re.it; ufficiotecnico.istituzione@comune.re.it; Martiri.SCI@comune.re.it,,The Istituzione runs Reggio Emilia's world-famous municipal nidi and scuole dell'infanzia. Public procurement rules apply; flagship reference site.,,Not verified by web search this session (search budget exhausted after 24 queries); from prior knowledge - verify before outreach.,3,https://www.scuolenidi.re.it,south.json,,,https://www.comune.reggioemilia.it/amministrazione/uffici/istituzione-scuole-e-nidi-d-infanzia-ufficio-assunzioni; https://www.comune.re.it/amministrazione/uffici/istituzione-scuole-e-nidi-dinfanzia-ufficio-tecnico; https://www.scuolenidi.re.it/Sezione.jsp?titolo=Informazioni&idSezione=34
Koinè Cooperativa Sociale,social cooperative operating nidi and scuole dell'infanzia,IT,,Milan,Milan,https://www.koinecoopsociale.it,,,,Social cooperative,,,,,info@koinecoopsociale.it; prenotazioni@koinecoopsociale.it,02 42292265,"Koinè manages nidi, scuole dell'infanzia and family services for municipalities and companies in the Milan area. Mid-size operator with central purchasing.",,Not verified by web search this session (search budget exhausted after 24 queries); from prior knowledge - verify before outreach.,3,https://www.koinecoopsociale.it,south.json,,,https://koinecoopsociale.it/en/contatti/; https://koinecoopsociale.it/en/contacts/
La Coccinella Società Cooperativa Sociale,social cooperative operating nidi,IT,,Cles (Trento),Cles (TN),https://www.lacoccinella.coop,,,,Social cooperative,,,,,info@lacoccinella.coop; lacoccinellascs@pec.it,+39 0463 600168,La Coccinella runs a large share of municipal nidi in the Province of Trento and is a reference for the Trentino 0-3 model. Central HQ in Cles.,,Not verified by web search this session (search budget exhausted after 24 queries); from prior knowledge - verify before outreach.,3,https://www.lacoccinella.coop,south.json,,,https://www.cooperazionetrentina.it/it/cooperative/la-coccinella-societa-cooperativa-sociale-onlus; https://www.lacoccinella.coop/content/organigramma
Opera Nazionale Montessori,influencer / accreditation body for Montessori schools,IT,,Rome,"Via di San Gallicano 7, Rome",https://www.operanazionalemontessori.it,,,,Public-law institution founded by Maria Montessori,,,,,segreteria@montessori.it; info@montessori.it; corsi@montessori.it; redazione.editoriale@montessori.it; amministrazione@montessori.it; biblioteca@montessori.it; operanazionalemontessori@pec.it,+39 06 584865,"ONM is the official Montessori body in Italy, accrediting schools and materials and running training. Influencer with reach into hundreds of Case dei Bambini.",,Not verified by web search this session (search budget exhausted after 24 queries); from prior knowledge - verify before outreach.,3,https://www.operanazionalemontessori.it,south.json,,,https://operanazionalemontessori.it/contatti/; https://www.mim.gov.it/en/opera-nazionale-montessori
American International School of Vilnius (AISV),international school with early childhood,LT,,Vilnius,"Subačiaus g. 41, Vilnius (verify)",https://www.aisv.lt,1 (2025),,,Non-profit,Amanda Sunderman,School Principal / Director,,,,,AISV is an IB World School in Vilnius offering early childhood through grade 12. Dr Amanda Sunderman is named as principal. Single campus with expat and local families. Good lead.,,,3,https://www.aisv.lt/; https://www.state.gov/american-international-school-of-vilnius-fact-sheet/,other.json,"asunderman@aisv.lt (Amanda Sunderman, Director (Interim Director 2025-2026))",flast@aisv.lt,https://www.state.gov/american-international-school-of-vilnius-fact-sheet/; https://www.aisv.lt/contacts/
Vilnius International School (VIS),international school with early years,LT,,Vilnius,Vilnius,https://www.vischool.lt,1 (2025),,,Non-profit,Rebecca Juras,Director,,Jemma Thomas - PYP Principal (early years); Kate Benson - Primary Principal,admin@vischool.lt,,"Vilnius International School is an IB continuum school in Vilnius with an early-years section under the PYP Principal, Jemma Thomas. Rebecca Juras has been Director for over 15 years. Premium expat clientele. Single site. Good lead.",,,3,https://www.vischool.lt/about-us/school-leadership/; https://en.wikipedia.org/wiki/Vilnius_International_School,other.json,,,https://www.vischool.lt/admissions/; https://www.vischool.lt/about-us/school-leadership/
International School of Latvia (ISL),international school with Early Years,LV,,Piņķi / Jūrmala area,"Piņķi, Babīte parish",https://isl.edu.lv,1 (2025),,,Non-profit,Elizabeth Younk,"Elementary School Principal (oversees Early Years, from Aug 2025)",,,frontdesk@isl.edu.lv; admissions@isl.edu.lv; communications@isl.edu.lv,,"ISL is a non-profit IB World School founded 1994 for ages 2-18, located near Jūrmala. Its Early Years programme (3-6) sits under the Elementary Principal, Elizabeth Younk (from August 2025). Governed by a board with a Director. Premium expat parent base. Good single-site international lead.",,,3,https://isl.edu.lv/; https://www.state.gov/the-international-school-of-latvia-fact-sheet,other.json,,,https://isl.edu.lv/contacts/; https://www.state.gov/the-international-school-of-latvia-fact-sheet; https://isl.edu.lv/about-us/about-isl/
International School of Monaco,international school with early years,MC,,Monaco,Monaco,https://www.ismonaco.org,1 (2025),,,Non-profit,,,,,contact@ismonaco.com; admissions@ismonaco.com,+377 93 25 68 20,ISM is Monaco's international school with an early-years section serving a high-net-worth parent base. Decision maker not confirmed via search; verify on website/registry before outreach. Premium single site.,,,3,https://www.ismonaco.org,other.json,"marine.tixier@ismonaco.com (Marine Tixier, Head of Admissions & Public Relations); laetitia.lefebvre@ismonaco.com (Laetitia Lefebvre, Admissions & Public Relations Assistant)",first.last@ismonaco.com,https://www.ismonaco.org/contact/
Chiswick House School & St Martin's College,private school group with kindergarten,MT,,Kappara / Swatar,Kappara,https://www.chs.edu.mt,2 campuses,,,"Private, family-owned",,,,,info@chs.edu.mt,+356 21374396,Chiswick House School (kindergarten and junior) feeds St Martin's College; one of Malta's largest private school groups.,,Not verified by web search this session (search budget exhausted after 24 queries); from prior knowledge - verify before outreach.,3,https://www.chs.edu.mt,south.json,,,https://chs.edu.mt/contact/; https://chs.edu.mt/our-staff/
Bink kinderopvang,non-profit kinderopvang (regional),NL,,Hilversum,"Laapersveld 75, Hilversum",https://www.binkkinderopvang.nl,,,,non-profit (merger of SKH Hilversum and SKS Soest),Monique Wittebol,Voorzitter Raad van Bestuur,,Annemarie van Dieren (Lid Raad van Bestuur),,,Bink was formed by the merger of Stichting Kinderopvang Hilversum and Stichting Kindercentra Soest; Monique Wittebol (ex-SKH) leads the board. It is recruiting for pedagogical-quality and innovation management roles. Board confirmed via municipal documents.,,,3,https://www.kinderopvangtotaal.nl/sks-en-skh-worden-bink-kind1017854w/; https://hilversum.bestuurlijkeinformatie.nl/Document/View/90ad14a3-05c6-44fc-b2fc-f20fb1843820,fr_benelux.json,"g.korkmaz@binkkinderopvang.nl (Gülizar Korkmaz, Programme contact (Opstapje/Instapje))",f.last@binkkinderopvang.nl,https://binkkinderopvang.nl/opstapje; https://binkkinderopvang.nl/en/contact; https://binkkinderopvang.nl/en/about-bink; https://www.linkedin.com/in/monique-wittebol-3034913a/
KION,non-profit kinderopvang (regional),NL,,Nijmegen,Nijmegen,https://kion.nl,191 groups/facilities across 93 locations (2025),,,non-profit (stichting),Jan Paul ten Brink,Voorzitter Raad van Bestuur a.i. (2025),,"Sander Claus, Martijn Witvoet (Raad van Toezicht)",klantrelaties@kion.nl; communicatie@kion.nl; stage@kion.nl,,"KION is the leading childcare organisation in Nijmegen and surrounding municipalities (Malden, Druten, Beuningen) with 191 facilities on 93 locations. Its 2024 and 2025 annual reports are public. An interim chair of the board was in place in 2025, signalling a leadership transition.",,,3,https://kion.nl/static/default/files/Documenten/KION%20jaarverslag%202025.pdf; https://kion.nl/over-ons.html,fr_benelux.json,,,https://kion.nl/service-contact/contact/; https://www.kion.nl/organisatie
KindeRdam,kinderopvang (regional),NL,,Rotterdam,Rotterdam,https://www.kinderdam.nl,~100 locations Rotterdam-Rijnmond,,,non-profit (stichting; verify),,Bestuurder,,,info@kinderdam.nl; klantadvies@kinderdam.nl,(010) 44 300 33,"KindeRdam runs about 100 KDV, peuteropvang and BSO locations in Rotterdam, Capelle, Krimpen and Nieuwerkerk aan den IJssel. Leadership not confirmed in this session.",,decision maker not confirmed by search in this session (search budget exhausted); verify before outreach,3,https://www.kinderdam.nl/alle-locaties-2,fr_benelux.json,,,https://kinderdam.nl/contact; https://www.kinderdam.nl/contact/klantadvies
Kindergarden Nederland (Bright Horizons),multi-country-platform,NL,NL,Amsterdam (verify),,https://www.kindergarden.nl/,~50-60 locations (prior knowledge - verify),,,Bright Horizons (acquired 2016),Nicole Krabbenborg,"Managing Director, Kindergarden Netherlands",,,,,"Kindergarden is a premium Dutch childcare chain founded in 1990s Amsterdam and acquired by Bright Horizons in 2016 as its Continental European beachhead. It competes in the upper segment of the Dutch market with Partou and Compananny, and benefits from the planned Dutch reform making childcare nearly free (targeted 2027, subject to political delays) which is expected to lift demand and staffing pressure. Technology decisions are shaped by Bright Horizons' global platform but Dutch-specific parent apps and 'ouderportaal' tools are used locally (vendor not confirmed). Hooks: country MD with local autonomy for parent-experience tools; Dutch regulatory reporting (GGD inspections, LRK register).",confirmed via search,,3,https://nmt-magazine.co.uk/feature/bright-spark/; https://en.wikipedia.org/wiki/Bright_Horizons,paneuro.json,,,https://www.kindergarden.nl/over-ons/managementteam; https://www.kinderopvangtotaal.nl/spreker/nicole-krabbenborg/
Korein,kinderopvang (regional),NL,,Eindhoven,Eindhoven,https://www.korein.nl,"110-186 locations (Brainport Eindhoven, Noord-Limburg)",,,private company (Korein B.V.; verify shareholder),,Bestuurder,,,info@korein.nl,+31 (0)40 294 89 89,"Korein, founded 1991, is the dominant childcare provider in the Eindhoven Brainport region with 89 locations in Eindhoven alone and 110-186 in total. It employs 1,000-5,000 staff. Leadership not confirmed in this session.",,decision maker not confirmed by search in this session (search budget exhausted); verify before outreach,3,https://www.korein.nl/; https://kinderopvanggids.nl/organisatie/korein-bv-5104,fr_benelux.json,,,https://www.korein.nl/en/contact/contact; https://www.korein.nl/ontdek-meer/nieuws/martijn-arts-nieuwe-directeur-korein; https://www.zoominfo.com/pic/korein-kinderplein-bv/425347784
Waterland Private Equity,investor,NL,NL; DE; BE; GB; DK; PL,Bussum,"Bussum, Netherlands",https://www.waterlandpe.com/,,,EUR ~14bn AUM (prior knowledge),Independent PE,,Managing Partner Netherlands / partner on Partou - not confirmed,,,info@waterland.nu,+31 35 694 1680,"Waterland built Partou through buy-and-build, merged it with Onex's KidsFoundation (2019-2020) and in 2022 moved it into a dedicated socially responsible Dutch fund after Onex exited. It also backs Partou's UK expansion. Sector partner: Partou Group. Hooks: Waterland's model favours platform-wide systems; also active in German/Polish care sectors.",not confirmed,,3,https://www.waterlandpe.com/childcare-organisation-partou-in-socially-responsible-dutch-ownership/; https://ec.europa.eu/competition/mergers/cases1/202504/M_9342_6673636_63_5.pdf,paneuro.json,,,https://www.waterlandpe.com/contact-us/; https://www.waterlandpe.com/office/bussum/; https://leadiq.com/c/waterland-private-equity/5a1d8abc240000240064d47b/email-format
Barnehagenett AS,regional chain,NO,,Sarpsborg (Grålum),"Grålum, Sarpsborg (org.nr 995 359 685)",https://barnehagenett.no,"~10 barnehager in Sarpsborg (Alvim, Borgen, Fjelldal, Hannestad, Kulås, Skogro, Storeper, Tubus, Tveterhytta, Vennskap) plus others in Østfold",,,founder-owned (not confirmed),Elise Rønholt,"Daglig leder, Barnehagenett AS",,,,,"Barnehagenett provides administration, consulting and staffing for a network of private barnehager in Østfold, centred on Sarpsborg (~10 units). 18 central employees. Runs a blog and contact page. Hook: central admin company = single buyer for its network.",,verified via WebSearch snippet (2026-09),3,https://www.proff.no/roller/barnehagenett-as/sarpsborg/bedriftsr%C3%A5dgivning/IGGM0G5043Z; https://barnehagenett.no/barnehagene/sarpsborg/; https://barnehagenett.no/kontakt-oss/,nordics.json,"elise@barnehagenett.no (Elise Rønholt, Daglig leder / CEO (also listed as økonomisjef))",first@barnehagenett.no,https://barnehagenett.no/kontakt-oss/; https://barnehagenett.no/om-oss/; https://xledger.com/no/kundehistorier/barnehagenett/
Espira (Norway) - AcadeMedia,multi-country-platform,NO,NO; DE,Oslo (verify),,https://www.espira.no/,~100+ barnehager in Norway (prior knowledge - verify),,,AcadeMedia AB (since 2014),,Administrerende direktør Espira - not confirmed,,,kontakt@espira.no,+47 21 08 80 88,"Espira is AcadeMedia's Norwegian kindergarten chain, acquired in 2014, and the brand was exported to Germany in 2018 with a Scandinavian outdoor-oriented concept. It is among Norway's largest private barnehage operators alongside Læringsverkstedet/Dibber, Norlandia and FUS. Norway's political debate on private kindergarten profits and the 2025 Fagforbundet campaigns create compliance and transparency demands. Vendor not confirmed (Norwegian chains commonly use Kidplan, Vigilo or MyKid). Hooks: Nordic-German cross-selling within AcadeMedia's preschool segment.",not confirmed,,3,https://academedia.se/en/about-academedia/our-education/preschool/,paneuro.json,"kjersti.oppen@espira.no (Kjersti Oppen, Direktør for myndighetskontakt og kommunikasjon)",first.last@domain,https://espira.no/om-espira/kontakt-oss; https://espira.no/om-espira/for-pressen; https://espira.no/om-espira
Kidsa Barnehager AS,regional chain (Norlandia),NO,,Bergen,,https://kidsabarnehager.no,28 barnehager in Bergen,,,founder-owned group (Norlandia Health & Care Group),,,,,slettebakken@kidsabarnehager.no; erleveien@kidsabarnehager.no; ovresedal@kidsabarnehager.no,55 20 76 60,"Kidsa is Bergen's largest private kindergarten operator with 28 units, part of Norlandia's preschool division. Frequently recruiting daglig ledere for individual units (Brønndalen, Olsvikfjellet, Breistein, Vågedalen). Org.nr 996 154 041. Decision making largely via Norlandia Barnehagene (Kristin Voldsnes).",,verified via WebSearch snippet (2026-09); central leader name not confirmed,3,https://utdanning.no/bedrift/996154041/; https://www.proff.no/roller/kidsa-barnehager/bergen/pleie-og-omsorgstjenester/IGH31DL10K7/,nordics.json,,,https://utdanning.no/bedrift/996154041/; https://www.bergen.kommune.no/omkommunen/avdelinger/kidsa-slettebakken?vis=kontakt
ULNA AS (ULNA Barnehagene),chain,NO,,Oslo area,,https://ulna.no,"24-25 barnehager (2025) in Oslo, Lillestrøm, Bærum, Asker, Ullensaker, Løten, Gjerdrum, Hamar, Lier, Lillesand, Lindesnes, Bergen, Fauske",,,founder-owned (not confirmed),,,,"Kristina Andreassen - daglig leder, Fjordbyen barnehage (ULNA); Christine Gleditsch - daglig leder, ULNA Vang aktivitetsbarnehage (Hamar)",post@ulna.no,48003300,"ULNA runs ~25 barnehager mostly in Eastern and Southern Norway, plus Fauske and Bergen. Several units use barnehage.no-hosted sites (Fjordbyen, Villa Snøringsmoen, Lekeklossen). Company LinkedIn page exists. Central CEO not confirmed by search.",,verified via WebSearch snippet (2026-09); central leader not confirmed,3,https://ulna.no/finn-barnehage; https://no.linkedin.com/company/ulna-barnehagene; https://www.hamar.kommune.no/barnehagene/private-barnehager/ulna-vang-aktivitetsbarnehage/,nordics.json,"laila.haugen@ulna.no (Laila Haugen, Daglig leder, ULNA AS); linda.herdlever@ulna.no (Linda Herdlevær, Daglig leder, Lekeklossen Løvåsen); Linn.kaardal@ulna.no (Linn-Therese Kårdal Vonen, Daglig leder, Lekeklossen Storhammeren); niklas.bjerke@ulna.no (Niklas Bjerke, Fung. daglig leder, Gjerdrum friluftsbarnehage)",first.last@ulna.no,https://loevaasen.barnehage.no/Informasjon/Kontakt; https://lekeklossen.barnehage.no/; https://www.gjerdrum.kommune.no/tjenester/barnehage/barnehagene-i-gjerdrum/; https://www.proff.no/selskap/ulna-barnehagene/nordkisa/skoler-og-undervisning/IGBY3OX10KR
Akademia Malucha (Biała Podlaska / Lubelskie network),regional chain,PL,,Biała Podlaska,"ul. Terebelska, Biała Podlaska",https://terebelska.akademiamaluchabp.pl,"~12 facilities across Lubelskie, Podkarpackie and Mazowieckie (per own site)",,,Private; MT Sp. z o.o. operates Biała Podlaska sites; owner Katarzyna Tyza,Katarzyna Tyza,Owner & Director,,,ft.akademia.malucha.bp@gmail.com; fau.akademia.malucha.bp@gmail.com,"533 953 187 (żłobek Terebelska), 537 965 775 (przedszkole), +48 533 954 819 (Włoska 8)","Akademia Malucha is a regional network of about a dozen preschools and nurseries in eastern Poland (Lubelskie, Podkarpackie, Mazowieckie), operated via MT Sp. z o.o. and owned by Katarzyna Tyza, who is also a site director. Several unrelated preschools in Poland also use the 'Akademia Malucha' name (Kielce, Lubań, Nowogard, Kozy), so the brand is not exclusive. Mid-size regional buyer.",,Name collision with unrelated 'Akademia Malucha' preschools; confirm entity before outreach.,3,https://terebelska.akademiamaluchabp.pl/o-nas/; https://www.akademia-malucha-przedszkole.pl/kadra/,cee.json,,,https://terebelska.akademiamaluchabp.pl/; https://wloska.akademiamaluchabp.pl/; https://zlobek.edu.pl/biala-podlaska/wloska-8
Akademia Małych Einsteinów (Kraków),local chain,PL,,Kraków,"ul. Reduta 36/9, 31-421 Kraków",https://akademiamalycheinsteinow.pl,≥3 (Reduta 36/9; Marchołta 3/2; Jana Kurzei 2/U4) – 2025,,,Sole trader: Akademia Małych Einsteinów Sabina Madej,Sabina Madej,Owner & Director (dyrektor),,,akademia.reduta@gmail.com; akademiamarcholta@gmail.com; akademia.kurzei1@gmail.com,+48 506 943 931,"Akademia Małych Einsteinów is a Kraków network of small, family-style preschools and pre-school points founded by a preschool teacher and speech therapist. It runs at least three sites in the Prądnik Czerwony / Mistrzejowice districts and emphasises daily English with native speakers (TPR method). Registered as a sole proprietorship under Sabina Madej, who is also director, so one person holds all purchasing decisions.",,,3,"https://panoramafirm.pl/ma%C5%82opolskie,,krak%C3%B3w,pr%C4%85dnik_czerwony,reduta,36_lok._9/akademia_malych_einsteinow_sabina_madej-zkurdp_rjr.html; https://przedszkolnepomysly.pl/przedszkola/krakow/1391-niepubliczne-przedszkole-akademia-malych-einsteinow; https://akademiamalycheinsteinow.pl/",cee.json,,,"https://przedszkole-akademia.pl/kontakt/; https://www.gowork.pl/akademia-malych-einsteinow-sabina-madej,22979565/dane-kontaktowe-firmy"
American School of Warsaw (Early Childhood / Pre-K),international school (non-profit) with early years,PL,,Konstancin-Jeziorna / Warsaw,,https://www.aswarsaw.org,1 campus,"1,000+ students Pre-K–12",,"Non-profit, Board of Trustees",Dr. Michelle Kleiss,School Director (Pre-K lead not confirmed),,"Melissa Schaub – Associate Director, Learning",admissions@aswarsaw.org; aswbusinessoffice@aswarsaw.org,+48 22 702 8500,"ASW is a non-profit, US-accredited Pre-K to grade 12 international school near Warsaw with 1,000+ students. Its early-childhood programme is part of the elementary school. The overall Director is Dr. Michelle Kleiss; a dedicated early-years head was not identified. Large, well-funded institution with formal procurement.",,,3,https://www.aswarsaw.org/about-us/directors-welcome; https://en.wikipedia.org/wiki/American_School_of_Warsaw; https://www.state.gov/the-american-school-of-warsaw-fact-sheet,cee.json,"sargent@aswarsaw.org (Sargent (first name not shown), Bus service contact)","lastname@aswarsaw.org (single example only, weak)",https://www.aswarsaw.org/quicklinks/contact; https://www.aswarsaw.org/about-us/directors-welcome; https://www.state.gov/the-american-school-of-warsaw-special-needs-profile
Baby Booom – Żłobki i Przedszkola,chain + franchise,PL,,Kraków,"ul. Wielicka 107, Kraków",https://baby-booom.pl,"~6 (BB1 Kraków Wielicka, BB2 Niepołomice, ... BB6 Wieliczka) – 2025",,,"Żłobki i Przedszkola Baby Booom Sp. z o.o. (KRS 1010082, est. Dec 2022); Mateusz Samborek (President), Katarzyna Samborek-Kaczmarczyk (co-owner)",Mateusz Samborek,Prezes Zarządu (President of the Board),,,kontakt@baby-booom.pl,664 157 803,"Baby Booom is a fast-growing Kraków-area operator of combined nursery-preschool sites with a language & sports profile. The first site opened on ul. Wielicka in September 2022; subsequent units (numbered BB2–BB6) opened in Niepołomice, Wieliczka and around Kraków. The company was incorporated as an Sp. z o.o. in December 2022 and offers franchising. Owner-led SME with a clear decision maker.",,,3,https://rejestr.io/krs/1010082/zlobki-i-przedszkola-baby-booom; https://baby-booom.pl/franczyza/; https://www.niepolomice.eu/informator/przedszkole-baby-boom/,cee.json,,,"https://baby-booom.pl/; https://www.gowork.pl/zlobki-i-przedszkola-baby-booom-sp.-z-o.o.,25898901/dane-kontaktowe-firmy; https://rejestr.io/krs/1010082/zlobki-i-przedszkola-baby-booom"
Baby City – międzynarodowe przedszkole i żłobek,independent (2 sites),PL,,Warsaw,Warsaw – Mokotów (ul. Bonifacego site),https://baby-city.pl,"2 (Mokotów/Wilanów border, Warsaw) – 2025",,,"Private, founder Katarzyna Kosakowska (est. 2008)",Katarzyna Kosakowska,Founder / Director,,,info@babycity.com.pl,609 627 077,"Baby City is a bilingual international preschool and nursery in Warsaw operating since 2008 on two sites on the Mokotów–Wilanów border. It was founded by Katarzyna Kosakowska and is featured by Our Kids as an international-standard preschool. It does not franchise, contrary to some listings. Small but premium, English-speaking operator.",,,3,https://baby-city.pl/o-nas/; https://www.ourkids.net/pl/wywiad-our-kids-poznaj-lepiej-baby-city.php; https://przedszkolowo.pl/placowka/baby-city-bonifacego,cee.json,,,https://www.ourkids.net/pl/przedszkole-baby-city/593; https://baby-city.pl/o-nas/; https://krs-pobierz.pl/baby-city-i96042
Bright Child – Polsko-Angielskie Przedszkole (Kraków),independent (2 sites),PL,,Kraków,"ul. Przemysłowa 4/459-460, 30-701 Kraków",https://brightchild.pl,2 (Zabłocie – Szafrana 5D/U1; Podgórze – Przemysłowa 4) – 2025,,,Private; organ prowadzący Dominika Marek; est. 15 May 2013,Anna Marek,Director (dyrektor); Dominika Marek = owner/organ prowadzący,,,kontakt@brightchild.pl,,"Bright Child is a Kraków bilingual (Polish-English) preschool founded in 2013, modelled on British nursery practice, with two sites in Zabłocie and Podgórze. It has operated for over ten years and uses a parent app portal (rodzic.brightchild.pl). Anna Marek is director and Dominika Marek is the registered operating entity.",,,3,https://przedszkolowo.pl/placowka/przedszkole-niepubliczne-bright-child-fi; https://brightchild.pl/Kontakt/; https://przedszkolnepomysly.pl/przedszkola/krakow/6849-przedszkole-niepubliczne-bright-child,cee.json,,,http://brightchild.pl/kontakt/; https://przedszkolnepomysly.pl/przedszkola/krakow/6849-przedszkole-niepubliczne-bright-child
Mały Einstein – Niepubliczne Przedszkole Językowo-Muzyczne (Gdynia),independent multi-site,PL,,Gdynia,"Pomorski Park Naukowo-Technologiczny, Gdynia",https://maly-einstein.pl,"3 (PPNT campus; Łużycka 3; Kazimierza Górskiego 3, Gdynia) plus nursery and primary school – 2025",,,Private (est. 27 Sep 2013),,,,,dyrektor@edukacjajutra.eu,+48 535 555 080,"Mały Einstein is a Gdynia language-and-music preschool group founded in 2013 with three preschool sites, a nursery and a primary school, based in the Pomeranian Science & Technology Park. It is an IB PYP candidate school and teaches English immersively for ages 2.5–6. Notable independent operator in Tricity.",,Decision maker not confirmed in this session (search budget exhausted); verify via website/LinkedIn/registry.,3,https://ppnt.pl/ostatnie-miejsca-w-przedszkolu-maly-einstein/; https://www.trojmiasto.pl/Maly-Einstein-o54756.html; https://przedszkola24.pl/baza-przedszkoli/pomorskie/gdynia/niepubliczne-przedszkole-jezykowo-muzyczne-maly-einstein-3056/,cee.json,,,"https://panoramafirm.pl/pomorskie,,gdynia,al._zwyci%C4%99stwa,96_lok._98/niepubliczne_przedszkole_jezykowo_muzyczne_maly_einstein-zbeiky_rjr.html; https://rankingmalucha.pl/przedszkole/przedszkole-gdynia-niepubliczne-przedszkole-jezykowo-muzyczne-maly-einstein-p-120267"
The British School Warsaw (Nord Anglia) – Early Years Centre,international school group (Nord Anglia Education),PL,,Warsaw,,https://www.nordangliaeducation.com/tbsw-warsaw,1 (Early Years Centre + main campus),,,Nord Anglia Education (global group),John Brett,Principal (Early Years head not confirmed),,,british@thebritishschool.pl,+48 22 646 77 77,The British School Warsaw is a Nord Anglia school with a dedicated Early Years Centre following the EYFS curriculum and running regular Early Years open days. Principal John Brett leads the school; procurement is largely group-level (Nord Anglia). Useful as a reference account rather than a direct buyer.,,,3,https://www.nordangliaeducation.com/tbsw-warsaw; https://www.nordangliaeducation.com/tbsw-warsaw/academic-excellence/early-learning; https://bpcc.org.pl/events/open-day-early-years-in-the-british-school-warsaw/,cee.json,,,https://www.nordangliaeducation.com/tbsw-warsaw/contact-us; https://www.nordangliaeducation.com/tbsw-warsaw/campus/early-years-centre
Tygrysek i Przyjaciele (żłobki i przedszkola),chain + franchise,PL,,Warsaw,"ul. Chłapowskiego 1, 02-787 Warszawa",https://tygrysekiprzyjaciele.pl,"≥3 Warsaw sites (Ursynów – Chłapowskiego 1; Praga-Południe – Białowieska 2, Czapelska 36) – 2025",,,"Private, founder Karol Michalski",Karol Michalski,Founder & Owner,,,sekretariat@tygrysekiprzyjaciele.pl; szeligowska@tygrysekiprzyjaciele.pl; janakazimierza@tygrysekiprzyjaciele.pl; zlobek@tygrysekiprzyjaciele.pl; czapelska@tygrysekiprzyjaciele.pl,797-009-472 (Szeligowska),"Tygrysek i Przyjaciele is a young Warsaw operator of nurseries and preschools founded in 2020 by Karol Michalski. It runs at least three sites registered in the Warsaw nursery admissions system and has launched a franchise offer covering site search, financing/subsidies, team preparation, marketing and enrolment. Growth-stage franchisor with a single owner-decision maker.",,,3,https://tygrysekiprzyjaciele.pl/franczyza-zlobek-i-przedszkole/; https://przedszkolowo.pl/placowka/tygrysek-i-przyjaciele-ursynow; https://nabor.pcss.pl/warszawa/zlobek/Info/103783,cee.json,,,https://nabor.pcss.pl/warszawa/zlobek/Info/103993; https://tygrysekiprzyjaciele.pl/kontakt-czapelska/; https://przedszkola24.pl/baza-przedszkoli/mazowieckie/ursynow/przedszkole-niepubliczne-tygrysek-i-przyjaciele-7097/
Zielona Wieża (przedszkola i żłobki bliskościowe),franchise-like network,PL,,Warsaw,,https://zielonawieza.pl,"6 (Warsaw Bielany, Wilanów, Włochy; Kraków; Wieliczka; Lublin) – 2025",,,Private; network founded Jan 2014; each site run autonomously under common brand,Diana Ciszewska,Founder (Zielona Wieża Lublin) – network co-founder; verify for HQ,,,kontakt@zielonawieza.edu.pl,,"Zielona Wieża is a Polish network of attachment-parenting ('bliskościowe') preschools and nurseries combining forest pedagogy, NVC and Montessori elements. Founded in January 2014, it now runs six sites in Warsaw, Kraków, Wieliczka and Lublin and offers a franchise-style model that keeps each site autonomous. The Lublin site was founded by Diana Ciszewska (physics/philosophy/pedagogy). Decision-making is decentralised, so each site director is also a buyer.",,Central owner of the brand not confirmed; Diana Ciszewska confirmed only for Lublin site.,3,https://zielonawieza.pl/; https://zielonawieza.pl/franczyza/; https://zielonawieza.pl/przedszkole-lublin/,cee.json,,,https://zielonawieza.pl/kontakt/; https://zielonawieza.pl/przedszkole-lublin/
Colégio Efanor,private school with creche and pré-escolar,PT,,Matosinhos (Porto),Matosinhos,https://www.colegioefanor.pt,1 campus,,,Private (Sonae-linked foundation),,,,,geral@colegioefanor.pt; cl.efanor@escolas.min-edu.pt,+351 220110000,"Colégio Efanor, linked to the Azevedo family/Sonae, is a premium private school north of Porto with creche from 4 months through secondary. Strong investment capacity.",,Not verified by web search this session (search budget exhausted after 24 queries); from prior knowledge - verify before outreach.,3,https://www.colegioefanor.pt,south.json,,,https://www.escolapp.pt/escola/colegio-efanor/; https://www.zoominfo.com/c/cole%CC%81gio-efanor/471952416
St Julian's School,international school with early years,PT,,Carcavelos,Carcavelos,https://www.stjulians.com,1 campus,,,Non-profit foundation,,,,,head@stjulians.com,,"Portugal's largest international school with an Early Years section (age 3+), operating as a non-profit. Head of School and Early Years leader decide on educational purchases.",,Not verified by web search this session (search budget exhausted after 24 queries); from prior knowledge - verify before outreach.,3,https://www.stjulians.com,south.json,"head@stjulians.com (Paul J. Morgan, Head of School)",,https://www.stjulians.com/contact/; https://www.stjulians.com/about-us/welcome-from-the-head/
União das Misericórdias Portuguesas (UMP),umbrella federation of Misericórdias (IPSS) running creches,PT,,Lisbon,Lisbon,https://www.ump.pt,,,,Non-profit federation,,,,,secretaria.geral@ump.pt; comunicacao@ump.pt; misericordias@ump.pt; assembleiageral@ump.pt; assuntos.juridicos@ump.pt; dpo@ump.pt; jornal@ump.pt,+351 218 110 540,"UMP federates ~390 Misericórdias, hundreds of which run creches and pré-escolar under cooperation agreements with the state (Creche Feliz programme). It is an influencer/aggregator rather than direct operator, useful for framework partnerships.",,Not verified by web search this session (search budget exhausted after 24 queries); from prior knowledge - verify before outreach.,3,https://www.ump.pt,south.json,,,https://www.ump.pt/Home/uniao/contactos/; https://www.ump.pt/Home/uniao/aviso-de-privacidade-informacao-de-contacto/
Atvexa AB,multi-country-platform,SE,SE; NO; DE,Stocksund (Danderyd),"Stocksund, Sweden",https://www.atvexa.se/,159 preschools + 39 schools (FY2024/25); 25 preschools in Norway; small German presence,"16,940 children/pupils; 4,200 staff","SEK ~3.5bn (FY2024/25, prior knowledge - verify in annual report)",Nasdaq First North listed; founders Sara Karlin & Peter Weiderman (majority),Johan Kyllerman,VD / CEO,,"name: Sara Karlin; title: Co-founder, board chair (verify)",,,"Atvexa is Sweden's third-largest independent school group, built as a federation of 19 autonomous subsidiaries (17 in Sweden, one each in Norway and Germany). It grew by acquiring small preschool operators and in Germany acquired a preschool and opened another while winding down its Kids & More business. FY2024/25 figures: 159 preschools, 39 schools, 16,940 children, 4,200 employees. Atvexa lobbies actively on Swedish school policy (submissions to the Education Ministry in 2025 and 2026). Its decentralised model means each subsidiary chooses tools, but the group centralises finance and quality reporting (Kvalitetsrapport). Hooks: a group-level quality/reporting push, Norway expansion (25 preschools) and modest German ambitions; sell a framework agreement at group level and then to subsidiaries.",confirmed via search,,3,https://www.atvexa.se/wp-content/uploads/Atvexa-arsredovisning-24-25.pdf; https://www.atvexa.se/vara-verksamheter/atvexa-i-norge; https://www.regeringen.se/contentassets/6da37e3aec2b4860bec444d7f85e7d9c/atvexa-ab.pdf,paneuro.json,"johan.kyllerman@atvexa.se (Johan Kyllerman, VD / CEO (results also describe him as Chair), Atvexa AB)",first.last@atvexa.se,https://www.atvexa.se/kontakt; https://view.news.eu.nasdaq.com/view?id=b47b33f759d193cf5412108f2197a3df7&lang=sv; https://www.allabolag.se/foretag/atvexa-ab/stocksund/finansbolag-finansiella-tj%C3%A4nster/2K2XKSOI5YE9Q
Frilufts Förskolor i Stockholm AB,chain (outdoor pedagogy),SE,,"Hässelby, Stockholm",,https://friluftsforskolor.se,11 förskolor in 5 municipalities (Stockholm county),,,founder-owned (not confirmed),,,,Peter Wallebo - styrelseledamot,info@friluftsforskolor.se,08-471 99 44,Outdoor-pedagogy preschool chain with 11 units and ~70 staff (org.nr 556561-0887). VD not confirmed.,,verified via WebSearch snippet (2026-09); VD not confirmed,3,https://www.bolagsfakta.se/5565610887-Frilufts_Forskolor_i_Stockholm_AB; https://forskola.stockholm/hitta-forskola/forskola/frilufts-forskolor-riddersborg,nordics.json,"yann@friluftsforskolor.se (Yann Nyman, Rektor, Frilufts förskolor Dungen); annika@friluftsforskolor.se (Annika Alfredsson Thörewik, Biträdande rektor, Förskolan Riddersborg)",firstname@friluftsforskolor.se,https://www.friluftsforskolor.se/kontaktaoss; https://forskola.stockholm/hitta-forskola/forskola/frilufts-forskolor-dungen; https://forskola.stockholm/hitta-forskola/forskola/frilufts-forskolor-riddersborg
Inspira förskolor & skolor AB (Atvexa),chain,SE,,Stockholm area,,https://inspira.se,39 förskolor + 1 special preschool + F-5 school + särskola + 5 öppna förskolor,,,listed (Atvexa AB subsidiary),,,,,info@inspira-fos.se,08-684 468 00,Inspira is one of Atvexa's largest subsidiaries with 39 förskolor and several schools in Stockholm county; awarded best workplace (Alecta). VD not confirmed by search.,,verified via WebSearch snippet (2026-09); VD not confirmed,3,https://insynsverige.se/documentHandler.ashx?did=1721017; https://www.foretagsaffarer.com/2020/01/24/inspira-forskolor-skolor-ab/,nordics.json,,,http://www.inspira-fos.se/runborg/kontakt/; https://insynsverige.se/documentHandler.ashx?did=1721017
Raoul Wallenbergskolorna AB,school+preschool chain,SE,,Stockholm,,https://raoulwallenbergskolan.se,13 förskolor + 8 grundskolor,,,founder-owned,Per Egon Johansson,"VD, Raoul Wallenbergskolorna AB",,,,,Values-driven school and preschool operator in Stockholm region with 13 preschools and 8 compulsory schools; planning further openings (mitti.se). Founder-led.,,verified via WebSearch snippet (2026-09),3,https://www.raoulwallenbergskolan.se/om-foretaget/; https://raoulwallenbergskolan.se/skolor/forskolor/,nordics.json,"peregon.johansson@rws.se (Per Egon Johansson, VD / founder, Raoul Wallenbergskolorna AB)",,https://raoulwallenbergskolan.se/foretag/om-foretaget/styrelse/; https://raoulwallenbergskolan.se/kontakta-oss/
Bilfen Eğitim Kurumları,K-12 chain with anaokulu,TR,,Istanbul,Istanbul,https://www.bilfen.com,multiple Istanbul campuses (verify),,,Private,,,,,info@bilfengroup.com,444 99 42,Bilfen runs private K-12 campuses in Istanbul with anaokulu sections. Decision maker not confirmed via search; verify on website/registry before outreach. Mid-large target.,,,3,https://www.bilfen.com,other.json,,,https://bilfen.com/tr/iletisim; https://bilfen.com/tr/kurumsal/yonetim-kadrosu; https://www.bilfengroup.com/tr/iletisim
BİL Eğitim Kurumları (Bil Koleji),K-12 franchise chain with anaokulu,TR,,Istanbul (Küçükçekmece),"Küçükçekmece, Istanbul",https://www.bilkoleji.com,75 domestic branches (UFRAD listing),,,Private franchise (UFRAD member),,,,,bilgaziantep@bilkoleji.com.tr; bilesenyurt@bilkoleji.com.tr; bilaydin@bilkoleji.com.tr; bilbahcelievler@bilkoleji.com.tr; bilpendik@bilkoleji.com.tr; bilizmir@bilkoleji.com.tr,,BİL Eğitim Kurumları is headquartered in Küçükçekmece on Istanbul's European side and has 75 domestic branches per the national franchise association UFRAD. Includes anaokulu sections. Decision maker not confirmed via search; verify on website/registry before outreach. Large franchise target.,,,3,https://ufrad.org/bil-koleji/,other.json,,,https://www.dijikolej.com/profile/935; https://dijikolej.com/profile/934
Final Okulları,K-12 franchise chain with anaokulu,TR,,Istanbul,Istanbul,https://www.finalokullari.com.tr,large national franchise network (verify),,,Private franchise,,,,,,,Final Okulları is a national franchise school chain with many anaokulu units. Decision maker not confirmed via search; verify on website/registry before outreach. Franchise structure means HQ + franchisee outreach.,,,3,https://www.finalokullari.com.tr,other.json,,,https://www.finalokullari.com.tr/bize-ulasin
KANZ Kindergarten Anaokulları,kindergarten master-franchise chain,TR,,Istanbul,Istanbul,,200-500 active branches (Kobi Vadisi listing; verify),,,Private franchise (KANZ brand),,,,,,0212 671 92 00,KANZ Kindergarten is marketed as Turkey's largest baby-and-children brand operating kindergartens with 200-500 branches via master franchise. Figures are self-reported. Decision maker not confirmed via search; verify on website/registry before outreach. Potentially the largest pure kindergarten franchise in Turkey.,,,3,https://www.kobivadisi.com/ilan/kanz-kindergarten-anaokullari-master-franchise-i761,other.json,,,https://kanz.com.tr/i%CC%87leti%C5%9Fim; https://www.kobivadisi.com/ilan/kanz-kindergarten-anaokullari-master-franchise-i761; https://kindergartenacademy.com.tr/iletisim/
Kids Education Academy,kindergarten franchise chain,TR,,Istanbul,Istanbul,,"20-40 active branches, targeting 40 (Kobi Vadisi listing)",,,Private franchise,,,,,info@kidseducationacademy.com; atasehir@kidseducationacademy.com; gop@kidseducationacademy.com; beylikduzu@kidseducationacademy.com; beykent@kidseducationacademy.com,+90 533 382 62 39 (HQ); Ataşehir +90 216 456 05 04,"Kids Education Academy is a Turkish anaokulu franchise with 20-40 active branches and a Gold Brand award, actively recruiting franchisees. Decision maker not confirmed via search; verify on website/registry before outreach. Pure-play kindergarten chain, good fit.",,,3,https://www.kobivadisi.com/ilan/kids-education-academy-franchise-i779,other.json,,,https://www.kidseducationacademy.com/iletisim; https://www.kidseducationacademy.com/istanbul-beylikduzu
MEF Okulları,K-12 with anaokulu,TR,,Istanbul,Istanbul,https://www.mef.k12.tr,"Istanbul campuses (Ulus, Bahçeşehir - verify)",,,"Private (MEF Eğitim, Arıkan family)",,,,,mef@mef.k12.tr; mefkayitbirimi@mef.k12.tr,+90 212 362 26 33,MEF Okulları is a premium private K-12 group in Istanbul with kindergarten sections. Decision maker not confirmed via search; verify on website/registry before outreach.,,,3,https://www.mef.k12.tr,other.json,,,https://www.mef.k12.tr/iletisim/; https://www.mef.k12.tr/kayit-admissions/mef-anaokulu-kayit-sayfasi-mef-kindergarten-admissions-page/
TED Koleji (Türk Eğitim Derneği),non-profit school chain with kindergartens,TR,,Ankara (Istanbul campuses),Ankara,https://www.ted.org.tr,40+ schools nationally (verify),,,Non-profit association (Türk Eğitim Derneği),,,,,info@ted.org.tr,+90 312 939 50 00,"TED operates a nationwide network of schools including anaokulu sections, with several Istanbul campuses. Non-profit association ownership. Decision maker not confirmed via search; verify on website/registry before outreach. Large multi-site target.",,,3,https://www.ted.org.tr,other.json,,,https://form.ted.org.tr/iletisim/; https://ted.org.tr/
Albanian College Tirana,private school with kindergarten,AL,,Tirana,Tirana,https://albaniancollege.com,1 (2025),,,Private,,,,,,,Albanian College Tirana is a private English-medium school in Tirana with a kindergarten section. Decision maker not confirmed via search; verify on website/registry before outreach. Single site.,,,2,https://albaniancollege.com,other.json,,,https://www.ibo.org/en/school/052334/; https://www.searchassociates.com/schools/albania/albanian-college-tirana-i/
Tirana International School (QSI),international school with preschool,AL,,Tirana,Tirana,https://tirana.qsi.org,1 (2025),,,QSI network,,,,,tirana@qsi.org; admissons@tirana.qsi.org,,Tirana International School is QSI's Albanian school with a preschool section. Decision maker not confirmed via search; verify on website/registry before outreach.,,,2,https://tirana.qsi.org,other.json,"jon-mudd@qsi.org (Jon Mudd, Director); meredith-hutson@tirana.qsi.org (Meredith Beasley-Hutson, Elementary Director of Instruction); egla-lila@tirana.qsi.org (Egla Lila, Admissions Coordinator/Registrar)",first-last@tirana.qsi.org,https://tirana.qsi.org/admissions/admissions-process; https://www.state.gov/tirana-international-school-special-needs-profile
Caritas der Erzdiözese Wien - Kindergärten,church-group,AT,,Wien,,https://www.caritas-wien.at,c. 30 Kindergärten (Vienna/Lower Austria),,,church,,,,,office@caritas-wien.at,+43 1 87812-0,Caritas Vienna runs kindergartens with inclusion focus. Hooks: church-group.,Decision maker NOT confirmed by search in this session (search budget exhausted); verify via Impressum/LinkedIn before outreach.,Site counts from prior knowledge; verify.,2,https://www.statistik.at/statistiken/bevoelkerung-und-soziales/bildung/kindertagesheime-kinderbetreuung,dach.json,,,https://www.caritas-wien.at/impressum/; https://www.caritas-wien.at/ueber-uns/ueber-die-caritas-wien/kontakt/
Diakonie Bildung (Diakonie Eine Welt),church-group,AT,,Wien,,https://www.diakonie-bildung.at,c. 20 Kindergärten/Horte + schools in Vienna/NÖ,,,church (Protestant),,,,,bildung@diakonie.at,+43 1 402 67 54,Protestant Diakonie's education arm in eastern Austria. Hooks: church-group procurement.,Decision maker NOT confirmed by search in this session (search budget exhausted); verify via Impressum/LinkedIn before outreach.,Site counts from prior knowledge; verify.,2,https://www.statistik.at/statistiken/bevoelkerung-und-soziales/bildung/kindertagesheime-kinderbetreuung,dach.json,,,https://www.lutherschule.at/impressum; https://www.evgym.at/impressum; https://evang.at/adressen/diakonie-bildung/
Diakoniewerk Gallneukirchen - Kinderbetreuung,church-group,AT,,Gallneukirchen,,https://www.diakoniewerk.at,c. 20 Kindergärten/Krabbelstuben in OÖ/Salzburg (est.),,,church (Protestant),,,,,office@diakoniewerk.at,+43 7235 65 505,Protestant social enterprise with childcare facilities. Low priority.,Decision maker NOT confirmed by search in this session (search budget exhausted); verify via Impressum/LinkedIn before outreach.,Site counts from prior knowledge; verify.,2,https://www.statistik.at/statistiken/bevoelkerung-und-soziales/bildung/kindertagesheime-kinderbetreuung,dach.json,,,https://www.infoservice.sozialministerium.gv.at/detail/evangelisches-diakoniewerk-gallneukirchen; https://shop.diakoniewerk.at/impressum
Kinderfreunde Steiermark / Oberösterreich (Landesorganisationen),non-profit-group,AT,,Graz / Linz,,https://steiermark.kinderfreunde.at,c. 80 (Stmk) / c. 60 (OÖ) sites (est.),,,non-profit,,,,,office@kinderfreunde-steiermark.at,+43 316 82 55 12,Regional Kinderfreunde organisations with own Geschäftsführung. Hooks: regional decisions.,Decision maker NOT confirmed by search in this session (search budget exhausted); verify via Impressum/LinkedIn before outreach.,Site counts from prior knowledge; verify.,2,https://www.statistik.at/statistiken/bevoelkerung-und-soziales/bildung/kindertagesheime-kinderbetreuung,dach.json,,,https://kinderfreunde.at/impressum/www-kinderfreunde-steiermark-at; https://kinderfreunde.at/ueber-uns/team?fwhid=13
Kindergarten Alt Wien,chain,AT,,Wien,,https://www.kindergarten-altwien.at,c. 25-30 sites in Vienna (est.),,,privately owned,,,,,,+43 1 4066144,Long-established private Vienna kindergarten network. Hooks: multi-site admin.,Decision maker NOT confirmed by search in this session (search budget exhausted); verify via Impressum/LinkedIn before outreach.,Site counts from prior knowledge; verify.,2,https://www.statistik.at/statistiken/bevoelkerung-und-soziales/bildung/kindertagesheime-kinderbetreuung,dach.json,,,https://www.familieundberuf.at/unternehmen/kindergarten-alt-wien-muku; https://www.justiz.gv.at/file/2c92fd15896e3d9c018ad60c40a64320.de.0/Presseinformation%20Causa%20Gemeinn%C3%BCtziger%20Kindergarten%20Alt%20Wien.pdf?forcedownload=true
Nanaya - Zentrum für Kinderbetreuung,chain,AT,,Wien,,https://www.nanaya.at,c. 15-20 Kindergärten in Vienna (est.),,,privately owned,,,,,rundumgeburt@nanaya.at,01 / 523 17 11,Vienna private kindergarten chain with bilingual concept. Hooks: parent communication.,Decision maker NOT confirmed by search in this session (search budget exhausted); verify via Impressum/LinkedIn before outreach.,Site counts from prior knowledge; verify.,2,https://www.statistik.at/statistiken/bevoelkerung-und-soziales/bildung/kindertagesheime-kinderbetreuung,dach.json,,,https://www.nanaya.at/impressum
Volkshilfe Oberösterreich / Volkshilfe Österreich - Kinderbetreuung,non-profit-group,AT,,Linz,,https://www.volkshilfe-ooe.at,c. 50+ Krabbelstuben/Kindergärten/Horte (OÖ),,,non-profit,,,,,office@volkshilfe-ooe.at,0732 / 3405 - 0,Volkshilfe runs childcare mainly in Upper Austria and Vienna. Hooks: regional GF.,Decision maker NOT confirmed by search in this session (search budget exhausted); verify via Impressum/LinkedIn before outreach.,Site counts from prior knowledge; verify.,2,https://www.statistik.at/statistiken/bevoelkerung-und-soziales/bildung/kindertagesheime-kinderbetreuung,dach.json,,,https://www.volkshilfe-ooe.at/; https://www.volkshilfe-ooe.at/ueber-uns/wo-du-uns-findest/
Antwerp International School – Early Childhood,independent / international kindergarten (early-years section),BE,,Ekeren (Antwerp),,https://www.ais-antwerp.be,,,,non-profit,,Head of Early Years / Directeur(trice) de la maternelle,,,ais@ais-antwerp.be; admissions@ais-antwerp.be,+32 3 543 93 26,"Antwerp International School – Early Childhood: international school early years. Included as a notable independent or international early-years provider in BE. The head-of-early-years name could NOT be confirmed in this session (web-search budget exhausted after 21 searches), so it is left null per the no-fabrication rule; confirm on the school's 'leadership' page or LinkedIn before outreach. These settings typically have discretionary budgets, English-speaking parent communities and heavy use of parent communication apps, making them fast-cycle prospects.",,director name not confirmed,2,https://www.ais-antwerp.be,fr_benelux.json,,,https://www.ais-antwerp.be/contact/; https://www.ais-antwerp.be/admissions/faq/
BEPS International School – Early Years,independent / international kindergarten (early-years section),BE,,Brussels,,https://www.beps.com,,,,founder/family-owned (verify),,Head of Early Years / Directeur(trice) de la maternelle,,,info@beps.com; admissions@beps.com,+32 (0) 2 648 43 11,"BEPS International School – Early Years: IB PYP school from age 2.5. Included as a notable independent or international early-years provider in BE. The head-of-early-years name could NOT be confirmed in this session (web-search budget exhausted after 21 searches), so it is left null per the no-fabrication rule; confirm on the school's 'leadership' page or LinkedIn before outreach. These settings typically have discretionary budgets, English-speaking parent communities and heavy use of parent communication apps, making them fast-cycle prospects.",,director name not confirmed,2,https://www.beps.com,fr_benelux.json,,,https://www.beps.com/contact/
Babilou Belgium,crèche chain (subsidiary),BE,,Brussels,,https://www.babilou.be,,,,PE-backed (Babilou Family / Antin),,Directeur général / Algemeen directeur,,,kinderopvang@babilou.com; belgium@babilou.com,02 687 87 21,"Babilou Belgium: Belgian arm of Babilou Family with crèches in Brussels and Wallonia. Belgian childcare is split between Flanders (Opgroeien / Kind en Gezin licensing, vergunde kinderopvang) and Wallonia-Brussels (ONE). Location counts, ownership and leadership could not be confirmed in this session because the web-search budget was exhausted; validate via the Opgroeien and ONE public registers and the Belgian KBO/BCE company register (Moniteur belge for board members).",,decision maker not confirmed by search in this session (search budget exhausted); verify before outreach,2,https://www.babilou.be; https://www.one.be,fr_benelux.json,,,https://www.babilou.be/en/contact/; https://expatsinbrussels.be/en/places/babilou-belgium
British School of Brussels – Early Years,independent / international kindergarten (early-years section),BE,,Tervuren,,https://www.britishschool.be,,,,non-profit,,Head of Early Years / Directeur(trice) de la maternelle,,,,,"British School of Brussels – Early Years: EYFS section. Included as a notable independent or international early-years provider in BE. The head-of-early-years name could NOT be confirmed in this session (web-search budget exhausted after 21 searches), so it is left null per the no-fabrication rule; confirm on the school's 'leadership' page or LinkedIn before outreach. These settings typically have discretionary budgets, English-speaking parent communities and heavy use of parent communication apps, making them fast-cycle prospects.",,director name not confirmed,2,https://www.britishschool.be,fr_benelux.json,,,
Crèches de la Ville de Bruxelles,municipal network,BE,,Brussels,,https://www.bruxelles.be,,,,municipal,,Directeur général / Algemeen directeur,,,petite.enfance-het.jonge.kind@brucity.be,0800 17 071,"Crèches de la Ville de Bruxelles: municipal crèches of the City of Brussels. Belgian childcare is split between Flanders (Opgroeien / Kind en Gezin licensing, vergunde kinderopvang) and Wallonia-Brussels (ONE). Location counts, ownership and leadership could not be confirmed in this session because the web-search budget was exhausted; validate via the Opgroeien and ONE public registers and the Belgian KBO/BCE company register (Moniteur belge for board members).",,decision maker not confirmed by search in this session (search budget exhausted); verify before outreach,2,https://www.bruxelles.be; https://www.one.be,fr_benelux.json,,,https://creches.brussels.be/fr/contact; https://www.bruxelles.be/directory-2169
Deutsche Schule Brüssel / Internationale Deutsche Schule Brüssel – Kindergarten,independent / international kindergarten (early-years section),BE,,Brussels (Wezembeek-Oppem),,https://www.dsbruessel.be,,,,non-profit,,Head of Early Years / Directeur(trice) de la maternelle,,,aufnahme@idsb.eu,+32 2 686 16 55,"Deutsche Schule Brüssel / Internationale Deutsche Schule Brüssel – Kindergarten: German-curriculum Kindergarten. Included as a notable independent or international early-years provider in BE. The head-of-early-years name could NOT be confirmed in this session (web-search budget exhausted after 21 searches), so it is left null per the no-fabrication rule; confirm on the school's 'leadership' page or LinkedIn before outreach. These settings typically have discretionary budgets, English-speaking parent communities and heavy use of parent communication apps, making them fast-cycle prospects.",,director name not confirmed,2,https://www.dsbruessel.be,fr_benelux.json,,,https://deutscherkindergarten.org/kita/internationale-deutsche-schule-bruessel/; https://www.idsb.eu/
Felies vzw,non-profit chain,BE,,Brussels / Flanders,,https://www.felies.be,,,,non-profit,,Directeur général / Algemeen directeur,,,info@felies.be,02/882.16.38,"Felies vzw: Flemish non-profit organiser of crèches (Felies, ex-Kinderdagverblijven of the Vlaamse Gemeenschap network). Belgian childcare is split between Flanders (Opgroeien / Kind en Gezin licensing, vergunde kinderopvang) and Wallonia-Brussels (ONE). Location counts, ownership and leadership could not be confirmed in this session because the web-search budget was exhausted; validate via the Opgroeien and ONE public registers and the Belgian KBO/BCE company register (Moniteur belge for board members).",,decision maker not confirmed by search in this session (search budget exhausted); verify before outreach,2,https://www.felies.be; https://www.one.be,fr_benelux.json,,,https://felies.be/contact/
Ferm Kinderopvang (ex Landelijke Kinderopvang),non-profit chain,BE,,Leuven,,https://www.samenferm.be/kinderopvang,,,,non-profit,,Directeur général / Algemeen directeur,,,DVO.wommelgem@samenferm.be; dvo.bilzen@samenferm.be,078 480 483,"Ferm Kinderopvang (ex Landelijke Kinderopvang): largest Flemish non-profit childcare organiser (kinderdagverblijven, gastouders, buitenschoolse opvang), part of Ferm (ex KVLV). Belgian childcare is split between Flanders (Opgroeien / Kind en Gezin licensing, vergunde kinderopvang) and Wallonia-Brussels (ONE). Location counts, ownership and leadership could not be confirmed in this session because the web-search budget was exhausted; validate via the Opgroeien and ONE public registers and the Belgian KBO/BCE company register (Moniteur belge for board members).",,decision maker not confirmed by search in this session (search budget exhausted); verify before outreach,2,https://www.samenferm.be/kinderopvang; https://www.one.be,fr_benelux.json,,,https://www.samenferm.be/contact; https://be.linkedin.com/company/samenferm; https://www.wommelgem.be/ferm-kinderopvang
Infano vzw,non-profit chain,BE,,Halle / Vlaams-Brabant,,https://www.infano.be,,,,non-profit,,Directeur général / Algemeen directeur,,,steralgemeen.zuid@infano.be; hr@infano.be,0484 58 07 27,"Infano vzw: large Flemish non-profit organiser of kinderdagverblijven and BKO. Belgian childcare is split between Flanders (Opgroeien / Kind en Gezin licensing, vergunde kinderopvang) and Wallonia-Brussels (ONE). Location counts, ownership and leadership could not be confirmed in this session because the web-search budget was exhausted; validate via the Opgroeien and ONE public registers and the Belgian KBO/BCE company register (Moniteur belge for board members).",,decision maker not confirmed by search in this session (search budget exhausted); verify before outreach,2,https://www.infano.be; https://www.one.be,fr_benelux.json,,,https://www.halle.be/menu/kinderopvang-en-onderwijs/kinderopvang/kinderopvang-3-12-jaar/infano-vzw; https://www.infano.be/contact/
International School of Brussels – Early Childhood Center,independent / international kindergarten (early-years section),BE,,Brussels (Watermael-Boitsfort),,https://www.isb.be,,,,non-profit,,Head of Early Years / Directeur(trice) de la maternelle,,,admissions@isb.be,,"International School of Brussels – Early Childhood Center: ECC for ages 2.5-5. Included as a notable independent or international early-years provider in BE. The head-of-early-years name could NOT be confirmed in this session (web-search budget exhausted after 21 searches), so it is left null per the no-fabrication rule; confirm on the school's 'leadership' page or LinkedIn before outreach. These settings typically have discretionary budgets, English-speaking parent communities and heavy use of parent communication apps, making them fast-cycle prospects.",,director name not confirmed,2,https://www.isb.be,fr_benelux.json,,,https://www.isb.be/portal-help; https://2009-2017.state.gov/m/a/os/219843.htm
Komma vzw (kinderopvang),non-profit chain,BE,,Brussels / Flanders,,https://www.kommavzw.be,,,,non-profit,,Directeur général / Algemeen directeur,,,info@vdkomma.be; pto@vdkomma.be; directeur@vdkomma.be,+32 15 71 50 55,"Komma vzw (kinderopvang): Flemish non-profit childcare organiser. Belgian childcare is split between Flanders (Opgroeien / Kind en Gezin licensing, vergunde kinderopvang) and Wallonia-Brussels (ONE). Location counts, ownership and leadership could not be confirmed in this session because the web-search budget was exhausted; validate via the Opgroeien and ONE public registers and the Belgian KBO/BCE company register (Moniteur belge for board members).",,decision maker not confirmed by search in this session (search budget exhausted); verify before outreach,2,https://www.kommavzw.be; https://www.one.be,fr_benelux.json,,,https://www.vdkomma.be/over-ons; https://www.zoominfo.com/c/komma-vzw/430038629
Le Lion / ONE-subsidised crèche networks (Province de Liège / Intercommunales),public network,BE,,Liège,,https://www.one.be,,,,municipal,,Directeur général / Algemeen directeur,,,creche.agimont@liege.be; creche.amercoeur@liege.be; creche.hocheporte@liege.be; creche.opera1@liege.be; creche.thieraliege@liege.be,04/238 53 29,"Le Lion / ONE-subsidised crèche networks (Province de Liège / Intercommunales): public inter-communal crèche operators in Wallonia (e.g., ISOSL, CPAS crèches). Belgian childcare is split between Flanders (Opgroeien / Kind en Gezin licensing, vergunde kinderopvang) and Wallonia-Brussels (ONE). Location counts, ownership and leadership could not be confirmed in this session because the web-search budget was exhausted; validate via the Opgroeien and ONE public registers and the Belgian KBO/BCE company register (Moniteur belge for board members).",,decision maker not confirmed by search in this session (search budget exhausted); verify before outreach,2,https://www.one.be; https://www.one.be,fr_benelux.json,,,https://my.one.be/milieu-accueil/3121; https://my.one.be/milieu-accueil/3108; https://my.one.be/milieu-accueil/267791; https://www.liege.be/fr/vie-communale/services-communaux/enfance/creches-communales
Le P'tit Bonheur,crèche group,BE,,Wallonia,,,,,,founder-owned (verify),,Directeur général / Algemeen directeur,,,,,"Le P'tit Bonheur: private crèche group (verify). Belgian childcare is split between Flanders (Opgroeien / Kind en Gezin licensing, vergunde kinderopvang) and Wallonia-Brussels (ONE). Location counts, ownership and leadership could not be confirmed in this session because the web-search budget was exhausted; validate via the Opgroeien and ONE public registers and the Belgian KBO/BCE company register (Moniteur belge for board members).",,decision maker not confirmed by search in this session (search budget exhausted); verify before outreach,2,https://www.kindengezin.be; https://www.one.be,fr_benelux.json,,,https://my.one.be/milieu-accueil/7322; https://aupetitbonheurottignies.com/contact/
Les Petits Chaperons Rouges Belgique (Grandir),crèche chain (subsidiary),BE,,Brussels,,https://www.lpcr.be,,,,founder/PE (Grandir),,Directeur général / Algemeen directeur,,,familles@lpcr.fr,,"Les Petits Chaperons Rouges Belgique (Grandir): Belgian crèches of the Grandir group (verify brand presence). Belgian childcare is split between Flanders (Opgroeien / Kind en Gezin licensing, vergunde kinderopvang) and Wallonia-Brussels (ONE). Location counts, ownership and leadership could not be confirmed in this session because the web-search budget was exhausted; validate via the Opgroeien and ONE public registers and the Belgian KBO/BCE company register (Moniteur belge for board members).",,decision maker not confirmed by search in this session (search budget exhausted); verify before outreach,2,https://www.lpcr.be; https://www.one.be,fr_benelux.json,,,https://www.lpcr.fr/parents/contact-parent/; https://www.lpcr.fr/contact-partenaire/
Les Petits Pas crèches,crèche chain,BE,,Wallonia/Brussels,,https://www.lespetitspas.be,,,,founder-owned (verify),,Directeur général / Algemeen directeur,,,creche.lespetitspas@brucity.be; lespetitspas@troisponts.be,,"Les Petits Pas crèches: private crèche network (verify). Belgian childcare is split between Flanders (Opgroeien / Kind en Gezin licensing, vergunde kinderopvang) and Wallonia-Brussels (ONE). Location counts, ownership and leadership could not be confirmed in this session because the web-search budget was exhausted; validate via the Opgroeien and ONE public registers and the Belgian KBO/BCE company register (Moniteur belge for board members).",,decision maker not confirmed by search in this session (search budget exhausted); verify before outreach,2,https://www.lespetitspas.be; https://www.one.be,fr_benelux.json,,,https://creches.brussels.be/nos-milieux-daccueil/les-petits-pas; https://my.one.be/milieu-accueil/6463
Little Green House,crèche chain,BE,,Brussels,,https://www.littlegreenhouse.be,,,,founder-owned (verify),,Directeur général / Algemeen directeur,,,new@littlegreenhouse.ch; gland@littlegreenhouse.ch; versoix@littlegreenhouse.ch; perly@littlegreenhouse.ch,+41 22 364 45 50,"Little Green House: bilingual private crèche group in Brussels (verify Belgian presence vs Luxembourg). Belgian childcare is split between Flanders (Opgroeien / Kind en Gezin licensing, vergunde kinderopvang) and Wallonia-Brussels (ONE). Location counts, ownership and leadership could not be confirmed in this session because the web-search budget was exhausted; validate via the Opgroeien and ONE public registers and the Belgian KBO/BCE company register (Moniteur belge for board members).",,decision maker not confirmed by search in this session (search budget exhausted); verify before outreach,2,https://www.littlegreenhouse.be; https://www.one.be,fr_benelux.json,"new@littlegreenhouse.ch (Barbara Lax, Founder)",,https://www.littlegreenhouse.ch/contact/; https://www.zoominfo.com/c/little-green-house/425064736
Lycée Français Vauban / Lycée français de Bruxelles Jean Monnet – maternelle,independent / international kindergarten (early-years section),BE,,Brussels (Uccle),,https://www.lyceefrancais.be,,,,public (AEFE),,Head of Early Years / Directeur(trice) de la maternelle,,,accueil@lyceefrancais.be; accueil.maternelle@lyceefrancais.be,+32 2 374 58 78; maternelle 02 379 08 42,"Lycée Français Vauban / Lycée français de Bruxelles Jean Monnet – maternelle: AEFE French lycée with maternelle. Included as a notable independent or international early-years provider in BE. The head-of-early-years name could NOT be confirmed in this session (web-search budget exhausted after 21 searches), so it is left null per the no-fabrication rule; confirm on the school's 'leadership' page or LinkedIn before outreach. These settings typically have discretionary budgets, English-speaking parent communities and heavy use of parent communication apps, making them fast-cycle prospects.",,director name not confirmed,2,https://www.lyceefrancais.be,fr_benelux.json,"franck.bis@lyceefrancais.be (Franck Bis, Directeur maternelle et CP/CE1)",first.last@lyceefrancais.be,https://www.lyceefrancais-jmonnet.be/content/vos-contacts
Montessori House Brussels,independent / international kindergarten (early-years section),BE,,Brussels,,,,,,founder-owned,,Head of Early Years / Directeur(trice) de la maternelle,,,info@montessoribrussels.org,+32 27336355,"Montessori House Brussels: independent Montessori nursery (verify). Included as a notable independent or international early-years provider in BE. The head-of-early-years name could NOT be confirmed in this session (web-search budget exhausted after 21 searches), so it is left null per the no-fabrication rule; confirm on the school's 'leadership' page or LinkedIn before outreach. These settings typically have discretionary budgets, English-speaking parent communities and heavy use of parent communication apps, making them fast-cycle prospects.",,director name not confirmed,2,https://www.google.com/search?q=Montessori+House+Brussels,fr_benelux.json,,,https://www.montessoribrussels.org/contact/
Sinbad Kinderopvang (ex Kinderopvang Lokeren?),kinderopvang group,BE,,Flanders,,,,,,verify,,Directeur général / Algemeen directeur,,,,,"Sinbad Kinderopvang (ex Kinderopvang Lokeren?): Flemish kinderopvang group (verify). Belgian childcare is split between Flanders (Opgroeien / Kind en Gezin licensing, vergunde kinderopvang) and Wallonia-Brussels (ONE). Location counts, ownership and leadership could not be confirmed in this session because the web-search budget was exhausted; validate via the Opgroeien and ONE public registers and the Belgian KBO/BCE company register (Moniteur belge for board members).",,decision maker not confirmed by search in this session (search budget exhausted); verify before outreach,2,https://www.kindengezin.be; https://www.one.be,fr_benelux.json,,,
St. John's International School – Early Childhood,independent / international kindergarten (early-years section),BE,,Waterloo,,https://www.stjohns.be,,,,non-profit,,Head of Early Years / Directeur(trice) de la maternelle,,,,,"St. John's International School – Early Childhood: international school with early years. Included as a notable independent or international early-years provider in BE. The head-of-early-years name could NOT be confirmed in this session (web-search budget exhausted after 21 searches), so it is left null per the no-fabrication rule; confirm on the school's 'leadership' page or LinkedIn before outreach. These settings typically have discretionary budgets, English-speaking parent communities and heavy use of parent communication apps, making them fast-cycle prospects.",,director name not confirmed,2,https://www.stjohns.be,fr_benelux.json,,,
Stad Antwerpen Kinderopvang,municipal network,BE,,Antwerp,,https://www.antwerpen.be,,,,municipal,,Directeur général / Algemeen directeur,,,groepsopvang@antwerpen.be; regie.kinderopvang@antwerpen.be; contactpuntkinderopvang@antwerpen.be; Kinderopvang.Klantendienst@antwerpen.be,,"Stad Antwerpen Kinderopvang: municipal crèche network of the City of Antwerp. Belgian childcare is split between Flanders (Opgroeien / Kind en Gezin licensing, vergunde kinderopvang) and Wallonia-Brussels (ONE). Location counts, ownership and leadership could not be confirmed in this session because the web-search budget was exhausted; validate via the Opgroeien and ONE public registers and the Belgian KBO/BCE company register (Moniteur belge for board members).",,decision maker not confirmed by search in this session (search budget exhausted); verify before outreach,2,https://www.antwerpen.be; https://www.one.be,fr_benelux.json,,,https://antwerpen.be/nl/overzicht/stedelijke-kinderopvang/contact/contacteer-stedelijke-kinderopvang-antwerpen; https://www.antwerpen.be/contact/regie-kinderopvang
Stad Gent Kinderopvang,municipal network,BE,,Ghent,,https://stad.gent,,,,municipal,,Directeur général / Algemeen directeur,,,dienst.kinderopvang@stad.gent; kinderdagverblijven@stad.gent; buitenschoolse.kinderopvang@stad.gent; jobs.kinderopvang@stad.gent; kindfacturatie@stad.gent,+32 9 268 20 80,"Stad Gent Kinderopvang: municipal crèche network of the City of Ghent. Belgian childcare is split between Flanders (Opgroeien / Kind en Gezin licensing, vergunde kinderopvang) and Wallonia-Brussels (ONE). Location counts, ownership and leadership could not be confirmed in this session because the web-search budget was exhausted; validate via the Opgroeien and ONE public registers and the Belgian KBO/BCE company register (Moniteur belge for board members).",,decision maker not confirmed by search in this session (search budget exhausted); verify before outreach,2,https://stad.gent; https://www.one.be,fr_benelux.json,,,https://stad.gent/en/opening-hours-addresses/dienst-kinderopvang-stad-gent; https://stad.gent/nl/kinderopvang-onderwijs/kinderopvang/kinderdagverblijven-stad-gent; https://jobs.gent.be/kinderopvang
Wombats crèches,crèche chain,BE,,Brussels,,https://www.wombats.be,,,,founder-owned (verify),,Directeur général / Algemeen directeur,,,,,"Wombats crèches: Brussels private crèche network. Belgian childcare is split between Flanders (Opgroeien / Kind en Gezin licensing, vergunde kinderopvang) and Wallonia-Brussels (ONE). Location counts, ownership and leadership could not be confirmed in this session because the web-search budget was exhausted; validate via the Opgroeien and ONE public registers and the Belgian KBO/BCE company register (Moniteur belge for board members).",,decision maker not confirmed by search in this session (search budget exhausted); verify before outreach,2,https://www.wombats.be; https://www.one.be,fr_benelux.json,,,https://wombat.be/contact; https://serviceswombat.com/contact-wombat/
Anglo-American School of Sofia (Early Childhood),international school (non-profit),BG,,Sofia,,https://www.aas-sofia.org,,,,"Non-profit, board-governed",,,,,admissions@aas-sofia.org,,AAS Sofia is the leading international school in Bulgaria with an early-childhood programme from age 3. Director not confirmed this session.,,Organisation known from prior knowledge only; NOT verified by web search in this session (search budget exhausted). Verify before outreach. Decision maker not confirmed in this session (search budget exhausted); verify via website/LinkedIn/registry.,2,https://www.aas-sofia.org,cee.json,"jvillers@aas-sofia.org (Julie Villers, Elementary School Principal)",flast@aas-sofia.org,https://www.aas-sofia.org/discover/leadership; https://www.aas-sofia.org/discover/contact-us; https://www.aas-sofia.org/connect/directory
British School of Sofia (kindergarten),international school with kindergarten,BG,,Sofia,,https://www.britishschool.bg,,,,Private,,,,,office@bssofia.bg,+359 886 510 510,British School of Sofia runs a kindergarten and British-curriculum school. Management not verified this session.,,Organisation known from prior knowledge only; NOT verified by web search in this session (search budget exhausted). Verify before outreach. Decision maker not confirmed in this session (search budget exhausted); verify via website/LinkedIn/registry.,2,https://www.britishschool.bg,cee.json,,,https://www.bssofia.bg/contacts/; https://www.bssofia.bg/british-kindergarten/
St. George International School & Preschool,independent international school with preschool,BG,,Sofia,,https://www.stgeorgeschool.eu,,,,Private,,,,,admission@stgeorgeschool.eu; st.george.school@stgeorgeschool.eu; st.george.preschool@stgeorgeschool.eu; examsofficer@stgeorgeschool.eu; events@stgeorgeschool.eu; courses@stgeorgeschool.eu; summer.camp@stgeorgeschool.eu; sport.complex@stgeorgeschool.eu,,St. George International School and Preschool in Sofia offers Cambridge-programme preschool and school education. Management not verified this session.,,Organisation known from prior knowledge only; NOT verified by web search in this session (search budget exhausted). Verify before outreach. Decision maker not confirmed in this session (search budget exhausted); verify via website/LinkedIn/registry.,2,https://www.stgeorgeschool.eu,cee.json,,,https://stgeorgeschool.eu/contacts/
Ontario Teachers' Pension Plan (OTPP),investor,CA,CA; GB,Toronto,"Toronto, Canada (London office for Europe)",https://www.otpp.com/,,,CAD ~250bn net assets,Pension plan,,"Managing Director, Private Capital (Europe) responsible for Busy Bees - not confirmed",,,,,OTPP has owned Busy Bees since 2013 and partially sold to Temasek in 2017; it drove Busy Bees' growth to ~910 nurseries in 10 countries and installed Peter Gowers as CEO in 2025. Sector partner: Busy Bees. Hooks: long hold approaching exit; portfolio value-creation via digital and occupancy.,not confirmed,,2,https://www.otpp.com/en-ca/about-us/news-and-insights/portfolio-insights/busy-bees-nurseries-partnering-in-global-growth/; https://www.otpp.com/en-ca/about-us/news-and-insights/2017/busy-bees-announces-new-strategic-investment-by-temasek/,paneuro.json,,,https://otpp.com/en-ca/about-us/news-and-insights/2018/appointment-notice-jean-charles-douin/; https://www.otpp.com/en-ca/investments/our-global-team/equities-team/
KiBiZ Kinderbetreuung Zug,non-profit-group,CH,,Zug,,https://www.kibiz-zug.ch,c. 10 Kitas + Horte in canton Zug,,,non-profit (Verein),,,,,info@kibiz-zug.ch,+41 41 712 33 23,"Non-profit childcare organisation in Zug (note: 'KiBiz' in Germany is the NRW childcare law, not an operator). Hooks: cantonal subsidy reporting.",Decision maker NOT confirmed by search in this session (search budget exhausted); verify via Impressum/LinkedIn before outreach.,Site counts from prior knowledge; verify.,2,https://www.kibesuisse.ch; https://www.moneyhouse.ch,dach.json,,,https://kibiz-zug.ch/impressum; https://kibiz-zug.ch/kontakt
Kids & Co. Kinderkrippen (Zürich),chain,CH,,Zürich,,https://www.kidsandco.ch,c. 12-15 Kitas in Zurich region,,,privately owned,,,,,,,Zurich private Kita chain (distinct from pme's Kids & Co. Frankfurt). Hooks: multi-site admin.,Decision maker NOT confirmed by search in this session (search budget exhausted); verify via Impressum/LinkedIn before outreach.,Site counts from prior knowledge; verify.,2,https://www.kibesuisse.ch; https://www.moneyhouse.ch,dach.json,,,
Kimi Krippen AG,chain,CH,,Bern / Zürich,,https://www.kimikrippen.ch,"c. 15 Kitas in Bern, Zurich, Basel (est.)",,,privately owned,,,,,info@kimikrippen.ch,+41 44 211 23 23,Swiss Kita chain with company-Kita partnerships. Hooks: multi-canton admin.,Decision maker NOT confirmed by search in this session (search budget exhausted); verify via Impressum/LinkedIn before outreach.,Site counts from prior knowledge; verify.,2,https://www.kibesuisse.ch; https://www.moneyhouse.ch,dach.json,,,https://www.kimikrippen.ch/impressum/
Kinderkrippen Zürich (KKZ) / kihz Stiftung,non-profit-group,CH,,Zürich,,https://www.kihz.ch,c. 12 Kitas (kihz: childcare for ETH/UZH staff),,,non-profit foundation,,,,,info@kihz.ethz.ch,+41 44 634 40 90,kihz - Stiftung Kinderbetreuung im Hochschulraum Zürich - runs Kitas for ETH Zurich and University of Zurich families. Hooks: university-employer reporting.,Decision maker NOT confirmed by search in this session (search budget exhausted); verify via Impressum/LinkedIn before outreach.,Site counts from prior knowledge; verify.,2,https://www.kibesuisse.ch; https://www.moneyhouse.ch,dach.json,,,https://www.kihz.uzh.ch/en/contact; https://kihz.uzh.ch/assets/PDF/Deutsch/Stiftung-kihz-Organigramm.pdf
Little Green House,chain,CH,,Bern,,https://www.littlegreenhouse.ch,"c. 10 bilingual Kitas (Bern, Basel, Zurich, Zug)",,,founder-owned,,,,,new@littlegreenhouse.ch; gland@littlegreenhouse.ch; versoix@littlegreenhouse.ch; perly@littlegreenhouse.ch,+41 22 364 45 50,Bilingual (DE/EN) Kita chain founded in Bern with expansion across Swiss cities. Hooks: bilingual parent communication.,Decision maker NOT confirmed by search in this session (search budget exhausted); verify via Impressum/LinkedIn before outreach.,Site counts from prior knowledge; verify.,2,https://www.kibesuisse.ch; https://www.moneyhouse.ch,dach.json,"new@littlegreenhouse.ch (Barbara Lax, Founder)",,https://www.littlegreenhouse.ch/contact/; https://www.zoominfo.com/c/little-green-house/425064736
Stadt Zürich - Städtische Kitas (Sozialdepartement),municipal,CH,,Zürich,,https://www.stadt-zuerich.ch,c. 60+ city Kitas (plus subsidised private),,,municipal,,,,,kitas@zuerich.ch,+41 44 412 69 32,Largest single Kita operator in Zurich. Hooks: public tender.,Decision maker NOT confirmed by search in this session (search budget exhausted); verify via Impressum/LinkedIn before outreach.,Site counts from prior knowledge; verify.,2,https://www.kibesuisse.ch; https://www.moneyhouse.ch,dach.json,,,"https://adressverzeichnis.sozialearbeit.zhaw.ch/Detail/Index/Stadt_Zuerich,_Soziale_Einrichtungen_und_Betriebe-Geschaeftsbereich_Kinderbetreuung-Zuerich-1b72de10-bc44-e311-8b4f-005056a606f6"
Stiftung GFZ (Gemeinnütziger Frauenverein Zürich),non-profit-group,CH,,Zürich,,https://www.gfz-zh.ch,c. 12 Kitas + family centres,,,non-profit foundation,,,,,info@gfz-zh.ch,044 253 65 10,Historic Zurich foundation operating Kitas and family centres. Hooks: city-subsidy admin.,Decision maker NOT confirmed by search in this session (search budget exhausted); verify via Impressum/LinkedIn before outreach.,Site counts from prior knowledge; verify.,2,https://www.kibesuisse.ch; https://www.moneyhouse.ch,dach.json,,,https://gfz-zh.ch/impressum/; https://gfz-zh.ch/kontakt/
famliea (formerly Basler Frauenverein am Heuberg),non-profit-group,CH,,Basel,,https://www.familea.ch,c. 12 Kitas in Basel-Stadt/Baselland,,,non-profit,,,,,info@familea.ch; frauenberatung@familea.ch; angebote@familea.ch; unikrippe@familea.ch,+41 61 260 82 00,"Basel's largest non-profit Kita operator, rooted in the 1901 Basler Frauenverein. Hooks: Basel subsidy system.",Decision maker NOT confirmed by search in this session (search budget exhausted); verify via Impressum/LinkedIn before outreach.,Site counts from prior knowledge; verify.,2,https://www.kibesuisse.ch; https://www.moneyhouse.ch,dach.json,,,https://www.familea.ch/en/contact/; https://search.ch/tel/basel/freie-strasse-35/familea-geschaeftsstelle
profawo Zürich / Bern / Basel,non-profit-group,CH,,Zürich,,https://www.profawo.ch,"c. 20 Kitas in Zurich, Bern, Basel",,,non-profit (Verein),,,,,zuerich@profawo.ch,+41 44 254 60 50,Family-service association offering Kitas and Nanny/Notfallbetreuung to corporate members. Hooks: corporate-client reporting.,Decision maker NOT confirmed by search in this session (search budget exhausted); verify via Impressum/LinkedIn before outreach.,Site counts from prior knowledge; verify.,2,https://www.kibesuisse.ch; https://www.moneyhouse.ch,dach.json,,,https://www.local.ch/de/d/zuerich/8055/profawo-8uy8CuaLOl4b1y2erN0Hpg; https://www.profawo.ch/en/about-profawo/committee
American Academy Larnaca / Nicosia,private schools with nursery/kindergarten,CY,,Larnaca,Larnaca,https://www.academy.ac.cy,2 sites,,,Private,,,,,info@academy.ac.cy; aajuniorschool@academy.ac.cy; juniorschool@academy.ac.cy,,American Academy schools in Larnaca and Nicosia include nursery/pre-primary departments.,,Not verified by web search this session (search budget exhausted after 24 queries); from prior knowledge - verify before outreach.,2,https://www.academy.ac.cy,south.json,,,https://www.academy.ac.cy/contact-us/
The Heritage Private School,private school with nursery/pre-school,CY,,Limassol,"Palodia, Limassol",https://www.heritageschool.ac.cy,1 campus,,,Private,,,,,administration@heritageschool.ac.cy,+357 25367018,Large English-medium private school in Limassol with nursery and pre-school. Single campus.,,Not verified by web search this session (search budget exhausted after 24 queries); from prior knowledge - verify before outreach.,2,https://www.heritageschool.ac.cy,south.json,,,https://www.heritageschool.ac.cy/; https://cyprus-mail.com/schools-guide/heritage-private-school-and-institute/
Bambíno – soukromé školky a jesle,chain,CZ,,Prague,,https://www.bambino-skolka.cz,multiple Prague sites (count not verified),,,Private,,,,,dejvice.bambino@skolka-bambino.cz; vinohrady.bambino@skolka-bambino.cz,+420 777 636 742; +420 602 631 326,"Bambíno is a Prague network of private nurseries and preschools with several branches, offering Czech-English programmes and extended hours. Branch count and management not verified this session.",,Organisation known from prior knowledge only; NOT verified by web search in this session (search budget exhausted). Verify before outreach. Decision maker not confirmed in this session (search budget exhausted); verify via website/LinkedIn/registry.,2,https://www.bambino-skolka.cz,cee.json,,,https://www.skolkabambino.cz/en/bambino-contact
Hello Teddy – anglická školka,chain,CZ,,Prague,,https://www.helloteddy.cz,several Prague branches (count not verified),,,Private,,,,,info@helloteddy.cz,+420 733 530 656,Hello Teddy operates English-immersion preschools in several Prague districts. Management not verified this session.,,Organisation known from prior knowledge only; NOT verified by web search in this session (search budget exhausted). Verify before outreach. Decision maker not confirmed in this session (search budget exhausted); verify via website/LinkedIn/registry.,2,https://www.helloteddy.cz,cee.json,"kubonova@helloteddy.cz (Radmila Kuboňová, Zástupkyně ředitelky pro MŠ); jurankova@helloskola.cz (Gabriela Juránková, Ředitelka školy (helloskola.cz))",last@helloteddy.cz,https://www.helloskola.cz/materska-skolka/kontakty/; https://www.helloteddy.cz/cs/detska-skupina
International School of Prague (Early Childhood),international school (non-profit),CZ,,Prague,,https://www.isp.cz,,,,"Non-profit, board-governed",,,,,admissions@isp.cz,,ISP is the long-established non-profit international school in Prague-Nebušice with an Early Childhood Center for ages 3–5. Director not confirmed this session.,,Organisation known from prior knowledge only; NOT verified by web search in this session (search budget exhausted). Verify before outreach. Decision maker not confirmed in this session (search budget exhausted); verify via website/LinkedIn/registry.,2,https://www.isp.cz,cee.json,,,https://english-schools.org/czech/international-school-prague.htm; https://rocketreach.co/international-school-of-prague-email-format_b58fd14af762e8c0
KinderGarten (KinderGarten.cz) – anglické mateřské školy,chain (English-Czech preschools),CZ,,Prague,,https://www.kindergarten.cz,several Prague branches (count not verified),,,Private,,,,,info@kindergarten.cz; kunratice@kindergarten.cz; cb@kindergarten.cz,776 003 003,"KinderGarten.cz is a Prague chain of bilingual English/Czech private preschools and nurseries with several branches in the city. It is one of the more visible private preschool brands in Prague. Details, branch count and management could not be verified this session.",,Organisation known from prior knowledge only; NOT verified by web search in this session (search budget exhausted). Verify before outreach. Decision maker not confirmed in this session (search budget exhausted); verify via website/LinkedIn/registry.,2,https://www.kindergarten.cz,cee.json,,,https://www.kindergarten.cz/kindergarten/kontakt; https://www.kindergarten.cz/anglicke-skolky/kunratice/kontakt
Meridian International School Prague (kindergarten),independent international school with kindergarten,CZ,,Prague,,https://www.meridianedu.cz,1–2 sites incl. kindergarten,,,Private,,,,,info@meridianedu.cz,+420 775 581 801,Meridian International School is a Prague international school with a kindergarten section (Cambridge programme). Management not confirmed this session.,,Organisation known from prior knowledge only; NOT verified by web search in this session (search budget exhausted). Verify before outreach. Decision maker not confirmed in this session (search budget exhausted); verify via website/LinkedIn/registry.,2,https://www.meridianedu.cz,cee.json,,,https://meridian.edupage.org/contact/; https://www.meridianedu.cz/
Park Lane International School (Early Years),international school with early years,CZ,,Prague,,https://www.parklane-is.com,multiple Prague campuses incl. Early Years,,,Private (part of a school group),,,,,info@parklane-is.com; office.valdstejnska@parklane-is.com,,Park Lane International School runs British-curriculum campuses in Prague including an Early Years (nursery/reception) programme. Group ownership and early-years head not confirmed this session.,,Organisation known from prior knowledge only; NOT verified by web search in this session (search budget exhausted). Verify before outreach. Decision maker not confirmed in this session (search budget exhausted); verify via website/LinkedIn/registry.,2,https://www.parklane-is.com,cee.json,"denisa.krajsova@parklane-is.com (Denisa Krajsova, Prague 5 School Office); aryanova@parklane-is.com (A. Ryanova, Prague 6 School Registrar); karolina.schreiberova@parklane-is.com (Karolina Schreiberova, Prague 1 Admissions and PR Officer)",first.last@parklane-is.com (also seen: initial+last),https://www.parklane-is.cz/admissions/contact-details/; https://www.parklane-is.cz/contact-us/; https://www.parklane-is.cz/our-staff/
Prague British International School (Nord Anglia) – Early Years,international school group (Nord Anglia),CZ,,Prague,,https://www.nordangliaeducation.com/pbis-prague,,,,Nord Anglia Education,,,,,,,PBIS is Nord Anglia's Prague school with early-years provision on multiple campuses. Group-level procurement. Head not confirmed this session.,,Organisation known from prior knowledge only; NOT verified by web search in this session (search budget exhausted). Verify before outreach. Decision maker not confirmed in this session (search budget exhausted); verify via website/LinkedIn/registry.,2,https://www.nordangliaeducation.com/pbis-prague,cee.json,,,
Riverside School Prague (Early Years),international school with early years,CZ,,Prague,,https://www.riversideschool.cz,,,,Private,,,,,ey@riversideschool.cz; admissions@riversideschool.cz,+420 245 005 095,Riverside School is a British-curriculum international school in Prague with early-years classes. Head not confirmed this session.,,Organisation known from prior knowledge only; NOT verified by web search in this session (search budget exhausted). Verify before outreach. Decision maker not confirmed in this session (search budget exhausted); verify via website/LinkedIn/registry.,2,https://www.riversideschool.cz,cee.json,,,https://www.riversideschool.cz/contact-us/contacts/
AWO (Arbeiterwohlfahrt) Bundesverband - Kita network,non-profit-group,DE,,Berlin,,https://awo.org,"c. 2,400 Kitas via regional AWO Bezirks-/Kreisverbände","c. 200,000+",,non-profit (welfare association),,,,,info@awo.org,,"One of Germany's six big welfare associations; Kitas are operated by autonomous regional/local AWO entities (e.g. AWO Bezirksverband Mittelrhein, AWO Sachsen), so decision-making is decentralised. Hooks: target regional Geschäftsführer, not national.",Decision maker NOT confirmed by search in this session (search budget exhausted); verify via Impressum/LinkedIn before outreach.,Site counts from prior knowledge / directory listings; verify.,2,https://www.pflegemarkt.com/fachartikel/liste-der-groessten-kita-traeger-2023-in-deutschland/; https://www.kita.de/traeger/,dach.json,"Judith.Adamczyk@awo.org (Dr. Judith Adamczyk, Referentin Bildung und Erziehung / Tageseinrichtungen für Kinder, AWO Bundesverband)",First.Last@awo.org,https://awo.org/projekt/kindertagesbetreuung/; https://awo.org/impressum/
Deutscher Caritasverband / KTK-Bundesverband (Catholic Kitas),church-group,DE,,Freiburg,,https://www.ktk-bundesverband.de,"c. 8,000-9,000 Catholic Kitas nationwide (via Kirchengemeinden, KiTa gGmbHs, Zweckverbände)","c. 600,000",,church,,,,,ktk-bundesverband@caritas.de,,Catholic Kitas are the largest single confessional block; operated by parishes and diocesan holding companies. Hooks: address diocesan holding companies (below).,Decision maker NOT confirmed by search in this session (search budget exhausted); verify via Impressum/LinkedIn before outreach.,Site counts from prior knowledge / directory listings; verify.,2,https://www.pflegemarkt.com/fachartikel/liste-der-groessten-kita-traeger-2023-in-deutschland/; https://www.kita.de/traeger/,dach.json,,,https://www.ktk-bundesverband.de/impressum; https://www.ktk-bundesverband.de/derktkbundesverband/ihreansprechpartner; https://www.ktk-bundesverband.de/pressepositionenpublikationen/presse/neue-geschaeftsfuehrung-im-ktk-bundesverband-22679c91-8833-4535-b505-3af1b6af45e7
Deutscher Kitaverband members - e.g. Kinderwelt Hamburg gGmbH,non-profit-group,DE,,Hamburg,,https://www.kinderwelt-hamburg.de,c. 30 Kitas,,,non-profit,,,,,info@kinderwelt-hamburg.de,040 – 20 00 03 – 0,Hamburg non-profit with c. 30 Kitas and a strong nature/'Weltentdecker' pedagogy. Hooks: Hamburg Kita-Gutschein administration.,Decision maker NOT confirmed by search in this session (search budget exhausted); verify via Impressum/LinkedIn before outreach.,Site counts from prior knowledge / directory listings; verify.,2,https://www.pflegemarkt.com/fachartikel/liste-der-groessten-kita-traeger-2023-in-deutschland/; https://www.kita.de/traeger/,dach.json,,,https://kinderwelt-hamburg.de/impressum/; https://www.northdata.de/?id=6461253259100160
Deutsches Rotes Kreuz (DRK) - Kita network,non-profit-group,DE,,Berlin,,https://www.drk.de,"c. 1,500 DRK Kitas via Kreisverbände","c. 120,000",,non-profit,,,,,DRK@DRK.de; Spenderservice@DRK.de,030 85404-0,Decentralised welfare association; regional Kreisverbände decide. Hooks: regional targeting.,Decision maker NOT confirmed by search in this session (search budget exhausted); verify via Impressum/LinkedIn before outreach.,Site counts from prior knowledge / directory listings; verify.,2,https://www.pflegemarkt.com/fachartikel/liste-der-groessten-kita-traeger-2023-in-deutschland/; https://www.kita.de/traeger/,dach.json,,,https://www.drk.de/das-drk/kontakt/; https://www.drk.de/das-drk/adressen/drk-generalsekretariat/?L=0
Diakonie Deutschland / BETA (Protestant Kitas),church-group,DE,,Berlin,,https://www.beta-diakonie.de,"c. 9,000 Protestant Kitas via Kirchengemeinden and regional Diakonie/Kita-Verbände","c. 550,000",,church,,,,,info@beta-diakonie.de,030 280 91 510,"Protestant Kitas are run by parishes and growing regional Kita-Verbände (e.g. Ev. Kita-Verband Bayern, Kita-Werke in Hamburg, Diakonie Düsseldorf). Hooks: target regional Verbände.",Decision maker NOT confirmed by search in this session (search budget exhausted); verify via Impressum/LinkedIn before outreach.,Site counts from prior knowledge / directory listings; verify.,2,https://www.pflegemarkt.com/fachartikel/liste-der-groessten-kita-traeger-2023-in-deutschland/; https://www.kita.de/traeger/,dach.json,,,https://beta-diakonie.de/impressum/; https://www.beta-diakonie.de/kontakt/
Espira Kinderbetreuung gGmbH (AcadeMedia),chain,DE,,Hamburg,,https://www.espira-kinderbetreuung.de,c. 15-20 Kitas in Hamburg/Northern Germany,,,listed (AcadeMedia AB),,,,,info@espira-kinderbetreuung.de; info@academedia.de,089 / 20 18 43 31 0,AcadeMedia's northern German Kita brand. Hooks: see AcadeMedia entry.,Decision maker NOT confirmed by search in this session (search budget exhausted); verify via Impressum/LinkedIn before outreach.,Site counts from prior knowledge / directory listings; verify.,2,https://www.pflegemarkt.com/fachartikel/liste-der-groessten-kita-traeger-2023-in-deutschland/; https://www.kita.de/traeger/,dach.json,,,https://espira-kinderbetreuung.de/home/impressum/; https://www.joki-kinderbetreuung.de/impressum/
INA.KINDER.GARTEN gGmbH,non-profit-group,DE,,Berlin,,https://www.inakindergarten.de,c. 18 Kitas in Berlin,"c. 2,000",,non-profit,,,,,,,"Berlin operator that emerged from the Institut für den Situationsansatz, strong pedagogical brand. Hooks: pedagogical documentation.",Decision maker NOT confirmed by search in this session (search budget exhausted); verify via Impressum/LinkedIn before outreach.,Site counts from prior knowledge / directory listings; verify.,2,https://www.pflegemarkt.com/fachartikel/liste-der-groessten-kita-traeger-2023-in-deutschland/; https://www.kita.de/traeger/,dach.json,,,
Jugend- und Sozialwerk gemeinnützige GmbH (JuS),non-profit-group,DE,,Oranienburg (Brandenburg),Oranienburg,https://www.jugendundsozialwerk.de,c. 40-50 Kitas in Brandenburg/Berlin/Mecklenburg (est.),,,non-profit,,,,,info@jus-or.de,+49 3301 8341-0,"JuS is a large Brandenburg-based social enterprise operating Kitas (e.g. Kita Kinderland, Oranienburg), Horte and youth facilities. Estimate of site count not confirmed. Hooks: rural multi-site admin.",Decision maker NOT confirmed by search in this session (search budget exhausted); verify via Impressum/LinkedIn before outreach.,,2,https://www.jugendundsozialwerk.de/kitas/brandenburg/oranienburg/kita-kinderland/ueber-uns-kita-kinderland/,dach.json,"j.karrass@jus-or.de (Herr Karraß, Leitung Kommunikation, PR & Markenentwicklung)",f.last@domain,https://www.jugendundsozialwerk.de/impressum/; https://www.jugendundsozialwerk.de/kontakt/; https://www.jugendundsozialwerk.de/ueber-uns/presse-und-medien/
KiTa Bremen (Eigenbetrieb),municipal,DE,,Bremen,,https://www.kita.bremen.de,c. 90 Kitas,"c. 9,000",,municipal,,,,,office@kita.bremen.de,+49 421 3615700,Bremen's municipal operator; took over sites after pme Bremen insolvency 2025 context. Hooks: public procurement.,Decision maker NOT confirmed by search in this session (search budget exhausted); verify via Impressum/LinkedIn before outreach.,Site counts from prior knowledge / directory listings; verify.,2,https://www.pflegemarkt.com/fachartikel/liste-der-groessten-kita-traeger-2023-in-deutschland/; https://www.kita.de/traeger/,dach.json,,,https://www.kita.bremen.de/unser-betrieb/impressum-1478; https://www.kita.bremen.de/unser-betrieb/ansprechpersonen-9298
KiTa gGmbH Trier / Koblenz / Saarland (Bistum Trier),church-group,DE,,Trier,,https://www.kita-ggmbh-trier.de,c. 150 Kitas (Trier) + c. 60 (Koblenz) + c. 70 (Saarland),,,church,,,,,geschaeftsstelle@kita-ggmbh-trier.de; geschaeftsfuehrung@kita-ggmbh-trier.de,0651 9998750,Diocesan Kita holding companies of the Bistum Trier with professional HQs. Hooks: central procurement.,Decision maker NOT confirmed by search in this session (search budget exhausted); verify via Impressum/LinkedIn before outreach.,Site counts from prior knowledge / directory listings; verify.,2,https://www.pflegemarkt.com/fachartikel/liste-der-groessten-kita-traeger-2023-in-deutschland/; https://www.kita.de/traeger/,dach.json,,,https://www.kita-ggmbh-trier.de/ueber-uns/uebersicht/geschaeftsfuehrung/index.html; https://www.kita-ggmbh-trier.de/ueber-uns/uebersicht/geschaeftsstelle/index.html
"Kids & Co. Krippe (pme Familienservice), Frankfurt Westend",independent,DE,,Frankfurt am Main,Frankfurt am Main,https://www.familienservice.de/web/kids-co-krippe,1 site (or network - see background),,,privately owned / non-profit (site-level),Lea Sievers,Einrichtungsleitung,,,,,Corporate-affiliated nursery in Frankfurt Westend (8 weeks-3 yrs) run by pme Familienservice; Deutsche Telekom allocation places.,Confirmed by search.,,2,https://www.familienservice.de/web/kids-co-krippe,dach.json,,,
"Kids & Co. Unterlindau (pme Familienservice), Frankfurt",independent,DE,,Frankfurt am Main,Frankfurt am Main,https://www.familienservice.de/web/kids-co-unterlindau,1 site (or network - see background),,,privately owned / non-profit (site-level),Christof Blach,Einrichtungsleitung,,,kidsundco-unterlindau@familienservice.de,+49 69 70768786,Combined Krippe/Kindergarten in Frankfurt Westend under pme Familienservice.,Confirmed by search.,,2,https://www.familienservice.de/web/kids-co-unterlindau,dach.json,,,https://www.familienservice.de/web/kids-co-unterlindau; https://www.familienservice.de/web/kids-co-unterlindau-krippe
Kindergärten City (Eigenbetrieb von Berlin),municipal,DE,,Berlin,,https://www.kindergaerten-city.de,c. 57 Kitas in Mitte/Friedrichshain-Kreuzberg,"c. 7,000",,municipal (Land Berlin Eigenbetrieb),,,,,info@kindergaerten-city.de,,"One of five Berlin municipal Kita Eigenbetriebe; central procurement via Land Berlin. Hooks: public tenders, digitalisation of Berlin Kita administration.",Decision maker NOT confirmed by search in this session (search budget exhausted); verify via Impressum/LinkedIn before outreach.,Site counts from prior knowledge / directory listings; verify.,2,https://www.pflegemarkt.com/fachartikel/liste-der-groessten-kita-traeger-2023-in-deutschland/; https://www.kita.de/traeger/,dach.json,,,https://fragdenstaat.de/behoerde/49169/kindergarten-city-eigenbetrieb-von-berlin/
Kindergärten NordOst (Eigenbetrieb von Berlin),municipal,DE,,Berlin,,https://www.kigaeno.de,c. 80 Kitas,"c. 10,000",,municipal (Land Berlin Eigenbetrieb),,,,,presse@kigaeno.de,030 50 50 86-700,Largest of Berlin's five municipal Kita Eigenbetriebe. Hooks: as above.,Decision maker NOT confirmed by search in this session (search budget exhausted); verify via Impressum/LinkedIn before outreach.,Site counts from prior knowledge / directory listings; verify.,2,https://www.pflegemarkt.com/fachartikel/liste-der-groessten-kita-traeger-2023-in-deutschland/; https://www.kita.de/traeger/,dach.json,,,https://www.kigaeno.de/impressum/; https://www.kigaeno.de/geschaeftsstelle/
Kinderland 2000 GmbH,chain,DE,,Sangerhausen (Saxony-Anhalt),,https://www.kinderland2000.de,"17 facilities in Saxony, Saxony-Anhalt, Thuringia (Sangerhausen, Stumsdorf, Gera, Leipzig, Dresden, Stollberg)",,,privately owned,,,,,kinderland@kinderland2000.de,+49-2962-979393,"Kinderland 2000 is an East-German private Kita operator with 17 facilities across three Länder. Regional, owner-managed. Hooks: multi-Land compliance.",Sites confirmed by search; Decision maker NOT confirmed by search in this session (search budget exhausted); verify via Impressum/LinkedIn before outreach.,,2,https://www.kinderland2000.de/,dach.json,,,https://www.kinderland2000.de/impressum/; https://www.kita24.org/stadt/sangerhausen/profil/kindertagesstaette-tausend-fuehler-kinderland-2000-ggmbh/
Kinderland Hamburg,chain,DE,,Hamburg,,https://www.kinderlandhamburg.de,4 Kitas at 3 locations,,,privately owned,,,,,,,Small private Hamburg operator. Low priority.,Decision maker NOT confirmed by search in this session (search budget exhausted); verify via Impressum/LinkedIn before outreach.,Site counts from prior knowledge / directory listings; verify.,2,https://www.pflegemarkt.com/fachartikel/liste-der-groessten-kita-traeger-2023-in-deutschland/; https://www.kita.de/traeger/,dach.json,,,
Kinderland im Kreis Saarlouis gGmbH,non-profit-group,DE,,Saarlouis,,https://www.kreis-saarlouis.de/Kita-Kinderland.htm,c. 10 Kitas (est.),,,municipal (district-owned gGmbH),Maren Jung,Geschäftsführerin,,,info@kinderland-saarlouis.de,+49 6838 5154618,Founded 2009 by the district of Saarlouis; MD Maren Jung (confirmed by search). Hooks: small municipal Träger.,MD confirmed by search.,Site counts from prior knowledge / directory listings; verify.,2,https://www.pflegemarkt.com/fachartikel/liste-der-groessten-kita-traeger-2023-in-deutschland/; https://www.kita.de/traeger/,dach.json,"maren.jung@kinderland-saarlouis.de (Maren Jung, Geschäftsführung / pädagogische Leitung)",first.last@kinderland-saarlouis.de,https://ggmbh.kinderland-saarlouis.de/de/Kontakt; https://campus2.kinderland-saarlouis.de/de/Impressum; https://www.kreis-saarlouis.de/Kita-Kinderland.htm
Kinderwelt / Joki Kinderbetreuung gGmbH (AcadeMedia),chain,DE,,München,,https://www.joki-kinderbetreuung.de,c. 40 Kitas in Munich region,,,listed (AcadeMedia AB) since 2017,,,,,forstenried@joki-kinderbetreuung.de; harlaching@joki-kinderbetreuung.de; pasing@joki-kinderbetreuung.de; trudering@joki-kinderbetreuung.de,,AcadeMedia's first German acquisition (2017); Munich-based Kita chain. Hooks: see AcadeMedia entry.,Decision maker NOT confirmed by search in this session (search budget exhausted); verify via Impressum/LinkedIn before outreach.,Site counts from prior knowledge / directory listings; verify.,2,https://www.pflegemarkt.com/fachartikel/liste-der-groessten-kita-traeger-2023-in-deutschland/; https://www.kita.de/traeger/,dach.json,,,https://www.joki-kinderbetreuung.de/impressum/; https://www.info-sozial.de/datenbank/adressen.php?id=9754; https://stadt.muenchen.de/service/info/joki-kinderbetreuung-pasing-bilinguale-krippe-und-kindergarten/1085788/
Kita Frankfurt (Eigenbetrieb der Stadt Frankfurt am Main),municipal,DE,,Frankfurt am Main,,https://www.kitafrankfurt.de,c. 148 Kitas,"c. 14,000",,municipal,,,,,,,Largest municipal Kita operator in Hesse; runs its own digital projects. Hooks: public procurement.,Decision maker NOT confirmed by search in this session (search budget exhausted); verify via Impressum/LinkedIn before outreach.,Site counts from prior knowledge / directory listings; verify.,2,https://www.pflegemarkt.com/fachartikel/liste-der-groessten-kita-traeger-2023-in-deutschland/; https://www.kita.de/traeger/,dach.json,"Gabriele.Bischoff@stadt-frankfurt.de (Gabriele Bischoff, former Betriebsleiterin Kita Frankfurt (older profile))",First.Last@stadt-frankfurt.de,https://kitafrankfurt.de/impressum/; https://kitafrankfurt.de/unternehmen/die-betriebsleitung/
Konzept-e / element-i Bildungsstiftung,chain,DE,,Stuttgart,,https://www.element-i.de,c. 45 element-i Kitas in BW and Bavaria,,,founder-owned / foundation,,,,,bildungsstiftung@element-i.de; info@konzept-e.de,+49 711 656960-7078,"Founded by Waltraud Weegmann; runs element-i Kitas, schools and a Fachschule; active in Deutscher Kitaverband. Hooks: own pedagogy brand, digital learning documentation.",Decision maker NOT confirmed by search in this session (search budget exhausted); verify via Impressum/LinkedIn before outreach.,Site counts from prior knowledge / directory listings; verify.,2,https://www.pflegemarkt.com/fachartikel/liste-der-groessten-kita-traeger-2023-in-deutschland/; https://www.kita.de/traeger/,dach.json,,,https://www.element-i.de/impressum/; https://www.element-i-bildungsstiftung.de/impressum/; https://www.element-i-bildungsstiftung.de/kontakt/
Lebenswelt gGmbH,non-profit-group,DE,,Berlin,Berlin,https://www.lebenswelt.de,c. 20 Kitas in Berlin (est.),,,non-profit,,,,,,,Lebenswelt is an intercultural Berlin youth-welfare provider operating Kitas such as 'Kinderland'. Site count estimate only. Hooks: multilingual parent communication.,Decision maker NOT confirmed by search in this session (search budget exhausted); verify via Impressum/LinkedIn before outreach.,,2,https://www.lebenswelt.de/angebote/kindertagesstaetten/kinderland,dach.json,,,
MiniMax Kids (Babilou brand),chain,DE,,Hannover region (est.),,,c. 10 Kitas (est.),,,PE-backed (Babilou Family),,,,,service@babilou-family.de,0711 / 184 205 20,Smaller Babilou brand named in Babilou Family Deutschland brand list. Hooks: see Babilou entry.,Decision maker NOT confirmed by search in this session (search budget exhausted); verify via Impressum/LinkedIn before outreach.,Site counts from prior knowledge / directory listings; verify.,2,https://www.pflegemarkt.com/fachartikel/liste-der-groessten-kita-traeger-2023-in-deutschland/; https://www.kita.de/traeger/,dach.json,,,https://minimax-kita.com/Kontakt; https://www.denk-mit.de/de/minimax-kids
Nestwärme-Berlin e.V.,non-profit-group,DE,,Berlin,"Ritterstraße 35, 10969 Berlin",https://www.nestwaerme-berlin.de,5 Kitas + family centres in Berlin,,,non-profit (e.V.),,,,,info@nestwaerme-berlin.de,+49 30 28443784,"Founded in December 1997 to support families affected by HIV, Nestwärme-Berlin has become an inclusive youth-welfare provider running five Berlin Kitas (Friedrichshainer Zwerge, Nestwärme, Ritterburg, Robinienwäldchen, Schneckenhäuschen) and family centres. Small but established. Not to be confused with nestwärme e.V. Deutschland (Trier), which runs one Kita led by Annette Heintz. Hooks: inclusion documentation, small-Träger admin.",Sites confirmed by search; Decision maker NOT confirmed by search in this session (search budget exhausted); verify via Impressum/LinkedIn before outreach.,,2,https://www.kitanetz.de/traeger/traeger-ausgabe1.php?t_trid=341; https://www.kita.de/traeger/41542/kitas; https://www.nestwaerme.org/kita/team/,dach.json,,,
Pestalozzi-Fröbel-Haus (PFH),non-profit-group,DE,,Berlin,,https://www.pfh-berlin.de,c. 15 Kitas + Fachschule,,,non-profit foundation,,,,,info@pfh-berlin.de; kinderschutz@pfh-berlin.de; bewerbungen@pfh-berlin.de; schulsekretariat@pfh-berlin.de,,"Historic Berlin institution (1874) with Kitas, family centres and Erzieher training. Hooks: training/onboarding.",Decision maker NOT confirmed by search in this session (search budget exhausted); verify via Impressum/LinkedIn before outreach.,Site counts from prior knowledge / directory listings; verify.,2,https://www.pflegemarkt.com/fachartikel/liste-der-groessten-kita-traeger-2023-in-deutschland/; https://www.kita.de/traeger/,dach.json,"oezlem.cinar@pfh-berlin.de (Özlem Cinar, Head of Public Relations and Communications); bettina.wilmes@pfh-berlin.de (Bettina Wilmes, Editorial / PR)",first.last@pfh-berlin.de,https://www.pfh-berlin.de/de/artikelseite/impressum; https://www.pfh-berlin.de/de/ansprechpartnerInnen
Rudolf-Ballin-Stiftung e.V.,non-profit-group,DE,,Hamburg,,https://www.ballin-stiftung.de,c. 30 Kitas + Ganztagsschulen,,,non-profit foundation,,,,,geschaeftsstelle@rudolf-ballin-stiftung.de; kokopelli@rudolf-ballin-stiftung.de,040-270702-0,Hamburg foundation founded 1965 running Kitas and all-day school programmes. Hooks: Hamburg voucher admin.,Decision maker NOT confirmed by search in this session (search budget exhausted); verify via Impressum/LinkedIn before outreach.,Site counts from prior knowledge / directory listings; verify.,2,https://www.pflegemarkt.com/fachartikel/liste-der-groessten-kita-traeger-2023-in-deutschland/; https://www.kita.de/traeger/,dach.json,,,https://www.bvnw.de/kindergaerten/rudolf-ballin-stiftung-e-v; https://www.wer-zu-wem.de/firma/ballin-stiftung.html; https://www.fruehehilfen-hamburg.de/angebot/-/profil/1580
SterniPark GmbH,chain,DE,,Hamburg,,https://www.sternipark.de,"c. 30 Kitas (Hamburg, Schleswig-Holstein)",,,privately owned,,,,,,,Hamburg operator known for 'Babyklappe' project and many Kitas; founder-led. Hooks: multi-Land admin.,Decision maker NOT confirmed by search in this session (search budget exhausted); verify via Impressum/LinkedIn before outreach.,Site counts from prior knowledge / directory listings; verify.,2,https://www.pflegemarkt.com/fachartikel/liste-der-groessten-kita-traeger-2023-in-deutschland/; https://www.kita.de/traeger/,dach.json,,,
Volkssolidarität Bundesverband e.V.,non-profit-group,DE,,Berlin,,https://www.volkssolidaritaet.de,c. 200+ Kitas in East German Länder,"c. 15,000",,non-profit,,,,,bundesverband@volkssolidaritaet.de,+49 30 27 89 70,"Large East-German welfare association with many Kitas in Saxony, Brandenburg, Thuringia. Hooks: regional targeting.",Decision maker NOT confirmed by search in this session (search budget exhausted); verify via Impressum/LinkedIn before outreach.,Site counts from prior knowledge / directory listings; verify.,2,https://www.pflegemarkt.com/fachartikel/liste-der-groessten-kita-traeger-2023-in-deutschland/; https://www.kita.de/traeger/,dach.json,,,https://www.volkssolidaritaet.de/impressum/
"nestwärme-Kita (nestwärme e.V. Deutschland), Trier",independent,DE,,Trier,Trier,https://www.nestwaerme.org/kita/,1 site (or network - see background),,,privately owned / non-profit (site-level),Annette Heintz,Kita-Leitung,,,,+49 (0)651 99 14 58 01,"Inclusive Kita of the social enterprise nestwärme (active in DE, LU, AT, CH); deputy: Alice Inden.",Confirmed by search.,,2,https://www.nestwaerme.org/kita/,dach.json,"annette.heintz@nestwaerme.de (Annette Heintz, Leitung KiTa); martin.haier@nestwaerme.org (Martin Haier, nestwärme (role not stated))",first.last@nestwaerme.de / first.last@nestwaerme.org,https://www.nestwaerme.org/kita/team/; https://www.nestwaerme-kita-app.de/impressum/
Copenhagen International School (CIS) - Early Years,international school,DK,,Copenhagen (Nordhavn),,https://cis.dk,,,,non-profit (foundation),,,,,info@cis.dk; admissions@cis.dk,+45 39 46 33 00,Largest international school in Denmark with an Early Years programme in Nordhavn campus. Director not confirmed in this session.,,from background knowledge only - NOT verified by search in this session; decision maker not confirmed,2,,nordics.json,,,https://www.copenhageninternational.school/get-in-touch/contact-us/; https://www.copenhageninternational.school/learning/welcome-to-our-primary-school/early-years/
Rygaards International School - Early Years,international school,DK,,Hellerup,,https://rygaards.com,,,,non-profit (Catholic foundation),,,,,admin@rygaards.com; admissions@rygaards.com; primary@rygaards.com,+45 39 62 10 53,Catholic international/Danish school in Hellerup with preschool/kindergarten classes. Not verified in this session.,,from background knowledge only - NOT verified by search in this session; decision maker not confirmed,2,,nordics.json,,,https://rygaards.com/en/contact/; https://rygaards.com/en/welcome-to-the-international-primary-school/
Sputnik (Skolerne i Sputnik / Sputnik ApS),private school & daycare operator,DK,,Copenhagen,,https://sputnik.dk,,,,founder-owned (not verified),,,,,,,Private operator of special-needs schools and daycare/day-treatment in Copenhagen. Not verified; relationship to Dibber not established (Dibber's country list does not include Denmark).,,from background knowledge only - NOT verified by search in this session; decision maker not confirmed,2,,nordics.json,,,
Edu Valem (Eduvalem lasteaed),private kindergarten operator,EE,,Tallinn,,https://lasteaed.eduvalem.eu,1+ (2025),,,Private,,,,,lasteaed@eraharidus.ee; sekretar@eraharidus.ee; vp@eraharidus.ee,+372 58806209,Edu Valem has operated a private kindergarten in Tallinn since 2004. Listed among Tallinn private kindergartens. Decision maker not confirmed via search; verify on website/registry before outreach. Longevity suggests stable enrolment. Low-mid priority.,,,2,https://lasteaed.eduvalem.eu/,other.json,,,https://lasteaed.eduvalem.eu/kontaktid/; https://lasteaed.eraharidus.ee/en/contacts/
Eralasteaed Aarete Saar,private kindergarten,EE,,Tallinn,,https://www.tela.ee,1 (2025),,,Private,,,,,info@tela.ee,+372 53831821,Aarete Saar is a private kindergarten in Tallinn opened in 2012. It appears in Tallinn's private kindergarten listings. Website tela.ee and a Facebook page exist. Decision maker not confirmed via search; verify on website/registry before outreach. Single-site independent; low priority unless bundled with a Tallinn campaign.,,,2,https://www.tela.ee/; https://www.facebook.com/eralasteaed/,other.json,,,https://www.prosha.ee/et/lastehoid/
Püha Miikaeli Kolleegiumi eralasteaed Aiake,non-profit (foundation) private kindergarten,EE,,Tallinn,Tallinn Old Town edge,https://aiake.edu.ee,1 (2025),,,Foundation (SA Püha Miikaeli Kolleegium),,,,,aiake@aiake.edu.ee,+372 5615 0396,"Aiake is a small private kindergarten run by the St Michael's Collegium foundation on the edge of Tallinn's Old Town. Part of a foundation that also runs schools. Decision maker not confirmed via search; verify on website/registry before outreach. Single site, small. Low priority individually but the foundation is a multi-institution owner.",,,2,https://aiake.edu.ee/,other.json,"eve.padar@aiake.edu.ee (Eve Padar, Director (direktor))",first.last@aiake.edu.ee,https://aiake.edu.ee/; https://www.1182.ee/en/aiake-lasteaed-tallinnas
Tallinn International Kindergarten,independent international kindergarten,EE,,Tallinn,"Väike-Ameerika 39, 10129 Tallinn",,1 (2025),,,Private,,,,Facebook page only found,,,"Tallinn International Kindergarten is a small English-language private kindergarten in central Tallinn (Väike-Ameerika 39). Only a Facebook presence was found in search. Decision maker not confirmed via search; verify on website/registry before outreach. Expat-oriented parent base. Single site, small; low-mid priority.",,,2,https://www.facebook.com/p/Tallinn-International-Kindergarten-100054416610450/,other.json,,,
Baby Erasmus (Baby Erasmus S.L.),private bilingual 0-6 centre + franchise,ES,,Badajoz,"C/ Parque de Doñana s/n, Centro Comercial Las Vaguadas, Badajoz",https://www.babyerasmus.es,1 flagship + small number of franchised centres (not confirmed),,,"Private S.L. (CIF B06582258, founded 24 May 2010)",,,,,info@babyerasmus.es,+34 924 26 86 97,Baby Erasmus opened in Badajoz in 2010 as the city's first English-immersion early years centre (0-6) with native teachers and all materials in English. It later launched a franchise model to replicate the immersion concept in other Spanish cities. The company remains small and founder-run. It is a relevant lead for bilingual early-years products but the franchise footprint is unverified.,,Decision maker not confirmed; franchise count not confirmed.,2,https://www.babyerasmus.es/; https://empresite.eleconomista.es/BABY-ERASMUS.html; http://www.forofranquiciasespaña.es/franquicia-baby-erasmus-f352,south.json,,,https://www.facebook.com/BabyErasmus/; https://rocketreach.co/baby-erasmus-email-format_b406bda7fc234c5e
Escuela Infantil La Pecera (Ceuta) - managed by Koala/Clece,independent municipal nursery (concession-managed),ES,,Ceuta,Ceuta,,1,,,"Public (Ciudad de Ceuta), managed by Koala Soluciones Educativas",Irene Espinosa,Directora,,,,956 501 412,La Pecera is a public escuela infantil in Ceuta whose management passed to Koala Soluciones Educativas (Clece). Irene Espinosa has directed the school since November 2011. Purchasing is via the concession operator.,,Director confirmed in El Faro de Ceuta.,2,https://elfarodeceuta.es/koala-soluciones-educativas-pecera-proyectos-ilusion/,south.json,,,
"Escuela Infantil Los Olivos (Alcalá de Guadaíra, Sevilla) - managed by Koala/Clece",independent municipal nursery (concession-managed),ES,,Alcalá de Guadaíra,"Alcalá de Guadaíra, Sevilla",,1,,,"Public, managed by Koala Escuelas Infantiles (Clece)",Elena Fernández,Directora,,,,955680011,Los Olivos is a Koala-managed escuela infantil in Alcalá de Guadaíra featured in Clece communications for its integral personality-development model. Elena Fernández is the school director.,,Director confirmed in Clece blog.,2,https://clece.es/es/blog/2021/04/23/desarrollar-la-personalidad-de-los-ninos-de-forma-integral-pilar-del-modelo-educativo-de-koala-escuelas-infantiles/,south.json,"efernandezl@clece.es (Elena Fernández, Directora, Escuela Infantil Los Olivos (Clece/Koala))",flastnameX@clece.es (single example; initial + surname + extra letter),https://www.alcaladeguadaira.es/servicios-municipales/educacion/escuelas-infantiles/contacto; https://vamosaestudiar.com/c/escuela-infantil-los-olivos/sevilla/alcala-de-guadaira/
Grupo Sorolla Educación,private cooperative school group with early years,ES,,Valencia,Valencia,https://www.gruposorolla.es,,,,Cooperative of teachers,,,,,gruposorolla@gruposorolla.es,+34 963732926,"Grupo Sorolla Educación is a Valencian teacher-owned cooperative running several schools (e.g. La Devesa, Martí Sorolla) with 0-3 and 3-6 sections. Group-level management coordinates purchasing and pedagogy across campuses.",,Not verified by web search this session (search budget exhausted after 24 queries); from prior knowledge - verify before outreach.,2,https://www.gruposorolla.es,south.json,,,https://gruposorollaeducacion.es/contacto/; https://anuarioceg.clubexcelencia.org/portfolio/grupo-sorolla-educacion-en-adelante-gse/
Liga Española de la Educación y la Cultura Popular,non-profit operating escuelas infantiles,ES,,Madrid,Madrid,https://ligaeducacion.org/areas/infancia-y-familia/escuelas-infantiles/,,,,Non-profit association,,,,,,,The Liga Española de la Educación is a long-standing NGO whose Infancia y Familia area manages public escuelas infantiles under agreements with administrations. It complements this with family programmes and socio-educational projects. Operates mainly in Madrid and other regions. Decision-making sits with the area coordinator at HQ.,,Count and decision maker not confirmed.,2,https://ligaeducacion.org/areas/infancia-y-familia/escuelas-infantiles/,south.json,,,
Nord Anglia Education - ICS Madrid / Barcelona,international school group with early years,ES,,Madrid,,https://www.nordangliaeducation.com,,,,Private (Nord Anglia Education),,,,,info@icsmadrid.org; admissions@icsmadrid.org; communications@icsmadrid.org; employment@icsmadrid.org,,Nord Anglia's International College Spain (Madrid) and its Barcelona schools include early-years foundation stages. Group-wide procurement frameworks apply.,,Not verified by web search this session (search budget exhausted after 24 queries); from prior knowledge - verify before outreach.,2,https://www.nordangliaeducation.com,south.json,,,https://www.nordangliaeducation.com/ics-madrid/contact-us
Trastes Centros de Educación Infantil (Trastes Desarrollo de Franquicias S.L.),private 0-3 franchise,ES,,Oroso (A Coruña),"Vilar de Arriba 16, Oroso, A Coruña",https://escuelainfantiltrastes.es,"6 centres (Galicia, 2025)",,,"Private franchise (created 2004, franchising since 2007)",Óscar Fraga,Franchise contact / founder (title not confirmed),,,info@escuelainfantiltrastes.es,881 981 905; 660 333 609 (Expansion Dept),"Trastes is a Galician 0-3 franchise founded in 2004, the first 0-3 centre in Galicia to certify ISO 9001. It currently has six active centres and keeps recruiting franchisees in A Coruña and beyond. The model emphasises quality systems and standardised pedagogy. Small but growing, with a single named contact at the franchisor.",,Óscar Fraga named as contact in franchise directory; exact title not confirmed.,2,https://escuelainfantiltrastes.es/; https://www.topfranquicias.es/franquicia/trastes-centros-de-educacion-infantil/1100; https://www.paxinasgalegas.es/trastes-desarrollo-de-franquicias-sede-577090em.html,south.json,,,https://escuelainfantiltrastes.es/aviso-legal/; https://escuelainfantiltrastes.es/info-franquicia/; https://escuelainfantiltrastes.es/wp-content/uploads/FORMACION/PROYECTOTRASTES1/1.2.manual-de-bienvenida.pdf
enEquip Serveis Integrals,private operator / management services for escuelas infantiles,ES,,Catalonia,,https://enequip.es/es/servicios-educativos/gestion-escuelas-infantiles/,,,,Private,,,,,rgpd-enequip@enequip.es,,"enEquip offers integrated management of escuelas infantiles for municipalities and private owners in Catalonia. Its service line covers staffing, pedagogy and operations. Size undisclosed. Qualify before outreach.",,Not confirmed.,2,https://enequip.es/es/servicios-educativos/gestion-escuelas-infantiles/,south.json,,,https://enequip.es/es/aviso-legal/informacion-adicional-para-clientes/; https://prospeo.io/c/enequip-revenue
Verkanappulat Oy,regional chain,FI,,Turku region,,https://verkanappulat.fi,,,,founder-owned (not verified),,,,,,,Southwest-Finland private daycare chain with multiple päiväkodit. Not verified in this session.,,from background knowledge only - NOT verified by search in this session; decision maker not confirmed,2,,nordics.json,,,
American School of Paris – Lower School Early Childhood,independent / international kindergarten (early-years section),FR,,Saint-Cloud,,https://www.asparis.org,,,,non-profit,,Head of Early Years / Directeur(trice) de la maternelle,,,,,"American School of Paris – Lower School Early Childhood: international school with pre-K/K. Included as a notable independent or international early-years provider in FR. The head-of-early-years name could NOT be confirmed in this session (web-search budget exhausted after 21 searches), so it is left null per the no-fabrication rule; confirm on the school's 'leadership' page or LinkedIn before outreach. These settings typically have discretionary budgets, English-speaking parent communities and heavy use of parent communication apps, making them fast-cycle prospects.",,director name not confirmed,2,https://www.asparis.org,fr_benelux.json,,,
Bilingual Montessori School of Paris,independent / international kindergarten (early-years section),FR,,Paris,,https://www.montessori-paris.com,,,,founder-owned,,Head of Early Years / Directeur(trice) de la maternelle,,,info@montessori-paris.com,,"Bilingual Montessori School of Paris: independent bilingual Montessori nursery/kindergarten. Included as a notable independent or international early-years provider in FR. The head-of-early-years name could NOT be confirmed in this session (web-search budget exhausted after 21 searches), so it is left null per the no-fabrication rule; confirm on the school's 'leadership' page or LinkedIn before outreach. These settings typically have discretionary budgets, English-speaking parent communities and heavy use of parent communication apps, making them fast-cycle prospects.",,director name not confirmed,2,https://www.montessori-paris.com,fr_benelux.json,,,https://www.montessori-paris.com/wi-school; https://www.montessori-paris.com/
British School of Paris – Junior School (Early Years),independent / international kindergarten (early-years section),FR,,Croissy-sur-Seine,,https://www.britishschool.fr,,,,non-profit,,Head of Early Years / Directeur(trice) de la maternelle,,,,,"British School of Paris – Junior School (Early Years): British curriculum school with EYFS. Included as a notable independent or international early-years provider in FR. The head-of-early-years name could NOT be confirmed in this session (web-search budget exhausted after 21 searches), so it is left null per the no-fabrication rule; confirm on the school's 'leadership' page or LinkedIn before outreach. These settings typically have discretionary budgets, English-speaking parent communities and heavy use of parent communication apps, making them fast-cycle prospects.",,director name not confirmed,2,https://www.britishschool.fr,fr_benelux.json,,,
Cours Molière / Ecole Montessori Internationale de Paris,independent / international kindergarten (early-years section),FR,,Paris,,,,,,founder-owned,,Head of Early Years / Directeur(trice) de la maternelle,,,inscription@emi-paris.com,+33 1 87 66 52 00,"Cours Molière / Ecole Montessori Internationale de Paris: independent Montessori kindergarten (verify). Included as a notable independent or international early-years provider in FR. The head-of-early-years name could NOT be confirmed in this session (web-search budget exhausted after 21 searches), so it is left null per the no-fabrication rule; confirm on the school's 'leadership' page or LinkedIn before outreach. These settings typically have discretionary budgets, English-speaking parent communities and heavy use of parent communication apps, making them fast-cycle prospects.",,director name not confirmed,2,https://www.google.com/search?q=Cours+Molière+/+Ecole+Montessori+Internationale+de+Paris,fr_benelux.json,,,https://www.ecole-montessori-internationale.fr/equipe-paris-5; https://www.fabert.com/etablissement-prive/1589/COURS-MOLIERE.html; https://www.ecolemoliere.org/contact/
Ecole Internationale Bilingue (EIB) – maternelle,independent / international kindergarten (early-years section),FR,,Paris,,https://www.eib.edu,,,,PE-backed (Globeducate),,Head of Early Years / Directeur(trice) de la maternelle,,,,,"Ecole Internationale Bilingue (EIB) – maternelle: bilingual private school network with maternelle (part of Globeducate). Included as a notable independent or international early-years provider in FR. The head-of-early-years name could NOT be confirmed in this session (web-search budget exhausted after 21 searches), so it is left null per the no-fabrication rule; confirm on the school's 'leadership' page or LinkedIn before outreach. These settings typically have discretionary budgets, English-speaking parent communities and heavy use of parent communication apps, making them fast-cycle prospects.",,director name not confirmed,2,https://www.eib.edu,fr_benelux.json,,,
Ecole Jeannine Manuel – maternelle,independent / international kindergarten (early-years section),FR,,Paris,,https://www.ecolejeanninemanuel.org,,,,non-profit,,Head of Early Years / Directeur(trice) de la maternelle,,,info@ejm.net; secretariat-lille@ejm.net,01 44 37 00 80,"Ecole Jeannine Manuel – maternelle: bilingual school with maternelle. Included as a notable independent or international early-years provider in FR. The head-of-early-years name could NOT be confirmed in this session (web-search budget exhausted after 21 searches), so it is left null per the no-fabrication rule; confirm on the school's 'leadership' page or LinkedIn before outreach. These settings typically have discretionary budgets, English-speaking parent communities and heavy use of parent communication apps, making them fast-cycle prospects.",,director name not confirmed,2,https://www.ecolejeanninemanuel.org,fr_benelux.json,,,https://ecolejeanninemanuel.org/en/contact-us/
Ecole Montessori Bilingue de Lyon,independent / international kindergarten (early-years section),FR,,Lyon,,,,,,founder-owned,,Head of Early Years / Directeur(trice) de la maternelle,,,contact@montessori-littlematernelle.com; montessorilyonlumiere@gmail.com; kamanamontessori@yahoo.com,"09 83 45 98 58 (Junior Academy, directrice Sarah Latrèche)","Ecole Montessori Bilingue de Lyon: independent bilingual Montessori kindergarten (verify). Included as a notable independent or international early-years provider in FR. The head-of-early-years name could NOT be confirmed in this session (web-search budget exhausted after 21 searches), so it is left null per the no-fabrication rule; confirm on the school's 'leadership' page or LinkedIn before outreach. These settings typically have discretionary budgets, English-speaking parent communities and heavy use of parent communication apps, making them fast-cycle prospects.",,director name not confirmed,2,https://www.google.com/search?q=Ecole+Montessori+Bilingue+de+Lyon,fr_benelux.json,,,https://www.fabert.com/etablissement-prive/48721/JUNIOR-ACADEMY-ECOLE-MONTESSORI-BILINGUE.html; https://sites.google.com/site/montessorilittlematernelle/contact; https://kamana-montessori-lyon.fr/
Expansion Family,micro-crèche network,FR,,,,https://www.expansion-family.fr,,,,,,,,,,,"Expansion Family is cited in 2025 market overviews as one of the notable micro-crèche networks in France alongside Hébé, Kangourou Kids and Les Chérubins. Size and leadership not confirmed in this session.",,decision maker not confirmed by search in this session (search budget exhausted); verify before outreach,2,https://modelesdebusinessplan.com/blogs/infos/marche-creches-chiffres,fr_benelux.json,,,
International School of Paris – Early Years,independent / international kindergarten (early-years section),FR,,Paris,,https://www.isparis.edu,,,,non-profit,,Head of Early Years / Directeur(trice) de la maternelle,,,,,"International School of Paris – Early Years: IB international school with early-years programme. Included as a notable independent or international early-years provider in FR. The head-of-early-years name could NOT be confirmed in this session (web-search budget exhausted after 21 searches), so it is left null per the no-fabrication rule; confirm on the school's 'leadership' page or LinkedIn before outreach. These settings typically have discretionary budgets, English-speaking parent communities and heavy use of parent communication apps, making them fast-cycle prospects.",,director name not confirmed,2,https://www.isparis.edu,fr_benelux.json,,,
Kangourou Kids (crèches & garde d'enfants),childcare franchise (home care + micro-crèches),FR,,Toulouse,,https://www.kangouroukids.fr,,,,franchisor (verify ownership),,,,,contact.toulouse@kangouroukids.fr,+33 5 82 95 26 91,"Kangourou Kids is a national childcare franchise cited among micro-crèche operators in 2025 market overviews. Its core is home-based childcare agencies, with a micro-crèche activity added. Details of 2025 network size and leadership were not confirmed in this session. Hook: franchise HQ as multiplier if micro-crèche activity is material.",,decision maker not confirmed by search in this session (search budget exhausted); verify before outreach,2,https://modelesdebusinessplan.com/blogs/infos/marche-creches-chiffres,fr_benelux.json,,,https://www.kangouroukids.fr/nos-agences/toulouse; https://annuaire-entreprises.data.gouv.fr/etablissement/75243968700043
La Maison Kangourou,non-profit crèche network,FR,,Paris,Paris 10e,https://www.lamaisonkangourou.com,22 establishments (19 in operation),800+ children/day,,non-profit (association),,Directeur/Directrice Général(e),,,,,"La Maison Kangourou is a Paris association created in 2004 that manages associative crèches and multi-accueils, several of them under delegation from the City of Paris. It welcomes more than 800 children daily with over 300 professionals across 22 establishments (19 in operation). Its sites appear in the City of Paris directory of associative crèches. Hook: mid-sized non-profit with centralised management; decision maker not confirmed.",,decision maker not confirmed by search in this session (search budget exhausted); verify before outreach,2,https://www.pappers.fr/entreprise/la-maison-kangourou-452340094; https://www.paris.fr/lieux/creche-associative-la-maison-kangourou-20020,fr_benelux.json,,,
Les Petits Bilingues (crèches bilingues),independent / international kindergarten (early-years section),FR,,Paris region,,,,,,verify,,Head of Early Years / Directeur(trice) de la maternelle,,,,,"Les Petits Bilingues (crèches bilingues): bilingual crèche brand cited by requester; existence/size not confirmed. Included as a notable independent or international early-years provider in FR. The head-of-early-years name could NOT be confirmed in this session (web-search budget exhausted after 21 searches), so it is left null per the no-fabrication rule; confirm on the school's 'leadership' page or LinkedIn before outreach. These settings typically have discretionary budgets, English-speaking parent communities and heavy use of parent communication apps, making them fast-cycle prospects.",,director name not confirmed,2,https://www.google.com/search?q=Les+Petits+Bilingues+(crèches+bilingues),fr_benelux.json,,,
Liveli by Sodexo (Crèche Attitude / Crèches de France) - now part of Grandir,multi-country-platform,FR,FR,Boulogne-Billancourt,,,"320 directly-managed crèches + 1,200 partner crèches at time of sale (2022)",,,"Grandir Group (acquired from Sodexo, cleared Feb 2022)",,Integrated into Grandir management,,,,,"Sodexo bought Crèche Attitude in 2013 and Crèches de France in 2018 (advised by Clearwater), rebranding them Liveli in 2019 as a parenting-services brand with 3,300 staff. In 2021 Sodexo entered exclusive negotiations to combine Liveli with Grandir and exit the majority, and the Autorité de la concurrence cleared Grandir's acquisition in February 2022 in its first in-depth analysis of the French childcare market. The Liveli estate has since been folded into Les Petits Chaperons Rouges' operations and systems. Included here to explain Grandir's French scale and legacy multi-system estate; treat as part of the Grandir account.",n/a,,2,https://www.sodexo.com/fr/media/sodexo-enters-exclusive-negotiations-with-grandir.html; https://www.autoritedelaconcurrence.fr/en/communiques-de-presse/autorite-de-la-concurrence-clears-acquisition-liveli-daycare-centres-grandir; https://www.lesprosdelapetiteenfance.fr/creche-attitude-devient-liveli-by-sodexo/,paneuro.json,,,
Lycée International de Saint-Germain-en-Laye – maternelle,independent / international kindergarten (early-years section),FR,,Saint-Germain-en-Laye,,https://www.lycee-international.ac-versailles.fr,,,,public,,Head of Early Years / Directeur(trice) de la maternelle,,,0783549J@ac-versailles.fr,+33 (0)1 39 10 94 11,"Lycée International de Saint-Germain-en-Laye – maternelle: public international school with maternelle sections (multiple national sections). Included as a notable independent or international early-years provider in FR. The head-of-early-years name could NOT be confirmed in this session (web-search budget exhausted after 21 searches), so it is left null per the no-fabrication rule; confirm on the school's 'leadership' page or LinkedIn before outreach. These settings typically have discretionary budgets, English-speaking parent communities and heavy use of parent communication apps, making them fast-cycle prospects.",,director name not confirmed,2,https://www.lycee-international.ac-versailles.fr,fr_benelux.json,"cecile.gagneur@ac-versailles.fr (Cécile Gagneur, Directrice, école primaire (incl. maternelle)); Laura.deleu1@ac-versailles.fr (Laura Deleu, Administration, école primaire)",first.last@ac-versailles.fr,https://lycee-international-stgermain.com/coordonnees-de-lecole/
Zazzen,micro-crèche network (company crèches),FR,,Paris,Paris,https://www.zazzen.fr,~20 small company crèches (10-25 places),800+ families,,founder-owned (verify),,,,,contact@zazzen.fr; sap@zazzen.fr; creche@zazzen.fr,,"Zazzen is a Paris-based group specialised in small-scale company crèches (10-25 places) and home childcare, based on active pedagogy. It serves more than 800 families in Paris/Île-de-France, Bordeaux, Lyon, Toulouse, Nice and Lille with about 20 micro-crèches. The 2025 micro-crèche decree limiting a director to two establishments forces networks like Zazzen to re-organise their HR model. Hook: small, agile network; decision maker not confirmed.",,decision maker not confirmed by search in this session (search budget exhausted); verify before outreach,2,https://fr.linkedin.com/company/zazzen; https://www.trouversacreche.fr/creche/75017_paris-17/11485/zazzen-batignolles,fr_benelux.json,,,https://www.zazzen.fr/mentions-legales; http://famille.zazzen.fr/nous-contacter
Alcentra (Franklin Templeton),investor,GB,GB; FR,London,,https://www.alcentra.com/,,,,Franklin Templeton,,,,,,,"Alcentra, as debt holder, became shareholder of People&Baby via the November 2024 accelerated safeguard. Sector partner: People&Baby (restructuring). Possible seller of assets in 2026.",not confirmed,,2,https://fr.wikipedia.org/wiki/People_and_baby,paneuro.json,,,
All About Children (now Partou UK brand),chain,GB,,Manchester,not confirmed,https://partou.co.uk,23rd in NW 2025 table after doubling settings; now merged into Partou UK,,,PE-backed (Waterland via Partou),,,,,,,"Founded 2010 by Russell Ford and Marcia Viccars, bought by Partou 2022 and merged with Just Childcare under the Partou brand in 2023. Listed separately at 23rd in Nursery World 2025. Treat as part of Partou UK lead.",,from prior knowledge - NOT confirmed by search this session; verify before outreach,2,https://www.nurseryworld.co.uk/content/news/partou-buys-all-about-children; https://www.nurseryworld.co.uk/content/features/nursery-chains-2025-making-a-move-the-25-largest-nursery-groups-by-size-and-quality,uk_ie.json,,,
Ashbourne Day Nurseries,independent,GB,,Aylesbury area,not confirmed,https://www.ashbournedaynurseries.co.uk,c.5-8 (prior knowledge),,,founder-owned,,,,,,,Bucks/Herts group. Verify.,,from prior knowledge - NOT confirmed by search this session; verify before outreach,2,https://www.ashbournedaynurseries.co.uk,uk_ie.json,,,
Bright Kids Nurseries,chain,GB,,Warwickshire,not confirmed,https://www.brightkidsnursery.co.uk,c.7 nurseries (prior knowledge),,,founder-owned,,,,,,,Warwickshire family group. Verify.,,from prior knowledge - NOT confirmed by search this session; verify before outreach,2,https://www.brightkidsnursery.co.uk,uk_ie.json,,,
Bright Little Stars Nurseries,chain,GB,,Barnet (North London),not confirmed,https://www.brightlittlestars.com,c.10+ nurseries North London/Herts (prior knowledge),,,founder-owned,,,,,,,North London / Hertfordshire premium group founded by a family team; sister brand of 'Bright Little Stars Academy'. Known for high Ofsted ratings and design-led settings. Growth via new builds.,,from prior knowledge - NOT confirmed by search this session; verify before outreach,2,https://www.brightlittlestars.com,uk_ie.json,,,
Chestnut Nursery Schools (Kingfisher),chain,GB,,Cambridge / East Anglia,not confirmed,https://www.chestnutnurseryschools.co.uk,c.15+ nurseries (prior knowledge),,,founder-owned,,,,,,,East of England group. Verify.,,from prior knowledge - NOT confirmed by search this session; verify before outreach,2,https://www.chestnutnurseryschools.co.uk,uk_ie.json,,,
Clarence House Day Nurseries,chain,GB,,Liverpool,not confirmed,https://www.clarencehousenursery.co.uk,c.6 nurseries Merseyside (prior knowledge),,,founder-owned,,,,,march@chdn.co.uk,,Liverpool family group. Verify.,,from prior knowledge - NOT confirmed by search this session; verify before outreach,2,https://www.clarencehousenursery.co.uk,uk_ie.json,,,https://www.chdn.co.uk/contact-us/; https://www.chdn.co.uk/
Elmscot Group,chain,GB,,Cheshire,not confirmed,https://www.elmscot.co.uk,c.8-10 nurseries Cheshire/Altrincham (prior knowledge),,,founder-owned,,,,,elmscot@elmscot.co.uk; chester@elmscot.co.uk; woodlands@elmscot.co.uk,0161 980 0488,"Cheshire premium group (Elmscot Day Nurseries, Nursery of the Year winner previously). Verify.",,from prior knowledge - NOT confirmed by search this session; verify before outreach,2,https://www.elmscot.co.uk,uk_ie.json,,,https://www.elmscot.co.uk/contact-us/; https://www.elmscot.co.uk/chester/; https://www.elmscot.co.uk/nurseries/woodlands/
Graphite Capital,investor,GB,GB,London,,https://www.graphitecapital.com/,,,,Independent PE,,Partner on Storal - not confirmed,,,,,Graphite invested in Storal Learning in 2023 (advised by DC Advisory) and financed the Children 1st acquisition with OakNorth. Sector partner: Storal (53 nurseries).,not confirmed,,2,https://www.dcadvisory.com/news-deals-insights/deal-announcements/dc-advisory-advises-graphite-capital-on-its-investment-in-storal-learning-limited/,paneuro.json,,,
Jancett Childcare & JACE Training,chain,GB,,Croydon / Surrey,not confirmed,https://www.jancett.co.uk,c.6 nurseries + training arm (prior knowledge),,,founder-owned,,,,,,,Long-established Croydon group with a training provider. Verify.,,from prior knowledge - NOT confirmed by search this session; verify before outreach,2,https://www.jancett.co.uk,uk_ie.json,,,
Kido (Kido Education / Kido International),chain,GB,,London,not confirmed,https://www.kido.school,new entry at 25th in NW 2025 table (UK); international presence India/US,,,PE/VC-backed (not confirmed),None confirmed,,,UK Managing Director - not confirmed,info@kido.school; whitefield@kido.school; careers@kidoschools.com,,"International early-years brand (India, US, UK) that entered Nursery World's top-25 UK groups in 2025 through acquisitions of London nursery groups. Tech-forward positioning with its own curriculum and app. Hooks: rapid UK expansion by acquisition.",,Decision maker not confirmed,2,https://www.nurseryworld.co.uk/content/features/nursery-chains-2025-making-a-move-the-25-largest-nursery-groups-by-size-and-quality,uk_ie.json,,,https://www.zoominfo.com/c/kido/1323922312; https://www.facebook.com/kidobangalore/; https://kidoschools.com/us/us-contact/
Kids Inc Nurseries,chain,GB,,Essex / East London,not confirmed,https://www.kidsinc.co.uk,c.15 nurseries (prior knowledge),,,founder-owned,,,,,,,Essex-based regional group. Verify.,,from prior knowledge - NOT confirmed by search this session; verify before outreach,2,https://www.kidsinc.co.uk,uk_ie.json,,,
Little Green Rascals,independent,GB,,York,not confirmed,https://www.littlegreenrascals.co.uk,c.5 (prior knowledge),,,founder-owned,,,,,,,Organic nurseries in York. Verify.,,from prior knowledge - NOT confirmed by search this session; verify before outreach,2,https://www.littlegreenrascals.co.uk,uk_ie.json,,,
Livingbridge,investor,GB,GB,London,,https://www.livingbridge.com/,,,,Independent PE,,Partner on Kindred - not confirmed,,,,,Livingbridge invested in Kindred Education in 2024 to fund a nursery buy-and-build (50 settings by 2025). Sector partner: Kindred.,not confirmed,,2,https://www.livingbridge.com/portfolio/kindred,paneuro.json,,,
Mace Montessori Schools,independent,GB,,London,not confirmed,https://www.macemontessori.co.uk,c.5 (prior knowledge),,,founder-owned,,,,,,,London Montessori group. Verify.,,from prior knowledge - NOT confirmed by search this session; verify before outreach,2,https://www.macemontessori.co.uk,uk_ie.json,,,
Naturally Learning,chain,GB,,Cornwall / Devon,not confirmed,https://www.naturallylearning.co.uk,c.10 settings (prior knowledge),,,founder-owned,,,,,,,Cornwall-based group with outdoor-learning ethos. Verify.,,from prior knowledge - NOT confirmed by search this session; verify before outreach,2,https://www.naturallylearning.co.uk,uk_ie.json,,,
Nature Kindergarten (Auchlone) / Mindstretchers,independent,GB,,Perthshire (Scotland),not confirmed,https://www.mindstretchers.co.uk,1 + training,,,founder-owned,Claire Warden,Founder (prior knowledge),,,enquiries@mindstretchers.co.uk,,Internationally known nature-pedagogy kindergarten and training business. Verify.,,from prior knowledge - NOT confirmed by search this session; verify before outreach,2,https://www.mindstretchers.co.uk,uk_ie.json,,,https://www.mindstretchers.co.uk/index.html; https://mindstretchers.academy/pages/claire-warden
Oakley Capital,investor,GB,GB; DE; IT; ES,London,,https://www.oakleycapital.com/,,,,Independent PE (Oakley Capital Investments listed),,Partner on ICP Education - not confirmed,,,enquiries@oakleycapital.com; communications@oakleycapital.com; investorrelations@oakleycapital.com; oakley@greenbrookadvisory.com,,"Oakley Capital announced an investment in ICP Education Holding Ltd, a UK nursery platform; Oakley has a strong education track record (Inspired, ACE Education, Affinitas). Not an investor in Kids Planet. Sector partner: ICP Education.",not confirmed,,2,https://www.oakleycapital.com/news-and-insights/investment-in-icp-education,paneuro.json,,,https://www.oakleycapital.com/contact/; https://leadiq.com/c/oakley-capital/5a1d7c55240000240055dc3b/email-format
Portland Nurseries,chain,GB,,Gloucestershire,not confirmed,https://www.portlandnurseries.co.uk,c.10 nurseries (prior knowledge),,,founder-owned,,,,,,,Gloucester/Cheltenham regional group. Verify.,,from prior knowledge - NOT confirmed by search this session; verify before outreach,2,https://www.portlandnurseries.co.uk,uk_ie.json,,,
Puffins Nurseries (Puffins of Exeter),chain,GB,,Exeter (Devon),not confirmed,https://www.puffinsnurseries.co.uk,c.10 nurseries in Devon (prior knowledge),,,founder-owned,,,,,,,"Long-established Devon family nursery group (Exeter, Exmouth, Honiton etc.). Strong local brand; expansion into new Devon sites. Verify current ownership and MD.",,from prior knowledge - NOT confirmed by search this session; verify before outreach,2,https://www.puffinsnurseries.co.uk,uk_ie.json,,,
Snapdragons Nursery,chain,GB,,Bath / Wiltshire,not confirmed,https://www.snapdragonsnursery.com,"c.10 nurseries Bath, Bristol, Wiltshire (prior knowledge)",,,founder-owned (family),,,,,,,Family-founded group around Bath with strong Ofsted record and a well-known forest-school approach. Verify leadership.,,from prior knowledge - NOT confirmed by search this session; verify before outreach,2,https://www.snapdragonsnursery.com,uk_ie.json,,,
Sunhill Daycare,independent,GB,,Hertfordshire / Cambridgeshire,not confirmed,https://www.sunhill.co.uk,c.5 (prior knowledge),,,founder-owned,,,,,,,Herts/Cambs family group. Verify.,,from prior knowledge - NOT confirmed by search this session; verify before outreach,2,https://www.sunhill.co.uk,uk_ie.json,,,
Tiny Toes Nurseries,chain,GB,,North West England (verify),not confirmed,https://www.tinytoesnurseries.co.uk,c.10-20 nurseries (prior knowledge),,,founder-owned,,,,,,,Regional day-nursery group in the North West. Verify current settings count and ownership; several small groups share the 'Tiny Toes' name so confirm the specific entity.,,from prior knowledge - NOT confirmed by search this session; verify before outreach,2,https://www.daynurseries.co.uk,uk_ie.json,,,
Toad Hall Nursery Group,chain,GB,,Hampshire / Surrey,not confirmed,https://www.toadhallnursery.co.uk,c.15 nurseries (prior knowledge),,,founder-owned,,,,,,,Long-established southern group. Verify.,,from prior knowledge - NOT confirmed by search this session; verify before outreach,2,https://www.toadhallnursery.co.uk,uk_ie.json,,,
TowerBrook Capital Partners,investor,GB,GB; US; FR,London,,https://www.towerbrook.com/,,,,Independent PE,,"Partner, TowerBrook Structured Opportunities (La Maison Bleue) - not confirmed",,,,,TowerBrook Structured Opportunities and Bpifrance took a minority position in La Maison Bleue in 2016 alongside management. Sector partner: La Maison Bleue. Hooks: potential 2026 exit/refinancing.,not confirmed,,2,http://www.towerbrook.com/towerbrook-structured-opportunities-announces-investment-in-la-maison-bleue/,paneuro.json,,,
YMCA (England & Wales federation) nurseries,non-profit-group,GB,,London (YMCA England & Wales),not confirmed,https://www.ymca.org.uk,"dozens of nurseries operated by individual YMCAs (e.g. YMCA Thames Gateway, YMCA Norfolk, YMCA St Paul's) - decentralised",,,non-profit,,,,,,,"YMCA is the largest voluntary-sector childcare provider in England, but each local YMCA is an independent charity procuring separately. Approach via YMCA England & Wales childcare lead and then local YMCAs with 5+ nurseries.",,from prior knowledge - NOT confirmed by search this session; verify before outreach,2,https://www.ymca.org.uk,uk_ie.json,,,
ACS Athens,international school with early childhood,GR,,Halandri (Athens),Halandri,https://www.acs.gr,1 campus,,,Non-profit,,,,,,,American Community Schools of Athens runs an early-childhood/elementary programme from age 3. Board-governed.,,Not verified by web search this session (search budget exhausted after 24 queries); from prior knowledge - verify before outreach.,2,https://www.acs.gr,south.json,,,
Anatolia College - Pinewood / Anatolia Elementary,private/non-profit school group with kindergarten,GR,,Thessaloniki,Thessaloniki,https://www.anatolia.edu.gr,,,,Non-profit,,,,,,,Anatolia College's elementary school and affiliated Pinewood American International School offer kindergarten programmes in Thessaloniki. Non-profit governance.,,Not verified by web search this session (search budget exhausted after 24 queries); from prior knowledge - verify before outreach.,2,https://www.anatolia.edu.gr,south.json,,,
Campion School Athens,international school with early years,GR,,Pallini (Athens),Pallini,https://www.campion.edu.gr,1 campus,,,Non-profit,,,,,,,British-curriculum international school with early-years foundation stage from age 3.,,Not verified by web search this session (search budget exhausted after 24 queries); from prior knowledge - verify before outreach.,2,https://www.campion.edu.gr,south.json,,,
Moraitis School (Scholi Moraiti),private school with kindergarten,GR,,Psychiko (Athens),Psychiko,https://www.moraitis.edu.gr,1 campus,,,Private,,,,,,,Prestigious Athens private school with kindergarten through lyceum and an IB programme. Single-site buyer.,,Not verified by web search this session (search budget exhausted after 24 queries); from prior knowledge - verify before outreach.,2,https://www.moraitis.edu.gr,south.json,,,
St Catherine's British School,international school with foundation stage,GR,,Lykovrissi (Athens),Lykovrissi,https://www.stcatherines.gr,1 campus,,,Non-profit,,,,,,,British curriculum school with Foundation Stage from age 3. Non-profit governed by a board.,,Not verified by web search this session (search budget exhausted after 24 queries); from prior knowledge - verify before outreach.,2,https://www.stcatherines.gr,south.json,,,
American International School of Zagreb,international school with early childhood,HR,,Zagreb,Zagreb,https://www.aisz.hr,1 (2025),,,Non-profit,,,,,,,"AISZ is a non-profit international school with early-childhood classes, serving expat families. Decision maker not confirmed via search; verify on website/registry before outreach. Premium single site.",,,2,https://www.aisz.hr,other.json,,,
Dječji vrtić FrFi,private kindergarten,HR,,Zagreb,Zagreb - Jarun,https://www.vrtic-frfi.hr,"1 (2025, Jarun)",,,Private,Zrinka Junaković,Founder (osnivačica),,,info@vrtic-frfi.hr,+385 1 3635333 / 099 2577 074,FrFi is a private kindergarten in Zagreb's Jarun district founded by Zrinka Junaković. Single site. Low-mid priority.,,,2,https://www.vrtic-frfi.hr/,other.json,,,https://www.vrtic-frfi.hr/kontakt/; https://www.companywall.hr/tvrtka/djecji-vrtic-frfi/MM5D7qeD
Dječji vrtić Izvor,private kindergarten,HR,,Samobor,Samobor,https://www.vrtic-izvor-samobor.hr,1 (2025),,,Private,Ivana Prčić,Ravnateljica,,,djecji.vrtic.izvor@vrtic-izvor-samobor.hr,"01 3362 033 (office), 095/405 24 11 (director mobile)",Izvor is a private kindergarten in Samobor near Zagreb with Ivana Prčić as director. Single site. Low priority.,,,2,https://www.vrtic-izvor-samobor.hr/,other.json,"ravnatelj.dv.izvor@gmail.com (Ivana Prčić, Ravnateljica (acting director))",,https://www.vrtic-izvor-samobor.hr/kontaktirajte-nas/; https://www.vrtic-izvor-samobor.hr/tim/; https://www.samobor.hr/adresar?catId=38
Dječji vrtić Nemo,private kindergarten,HR,,Zagreb,Zagreb,https://www.vrtic-nemo.hr,1+ (2025),,,"Private, founded 2005",Irena Burić,Founder,,,nemovrtic@gmail.com,,Dječji vrtić Nemo is a private educational institution in Zagreb founded in 2005 by Irena Burić. Established brand with two decades of operation. Low-mid priority.,,,2,https://www.vrtic-nemo.hr/,other.json,,,https://www.vrtic-nemo.hr/kontakt; https://www.linkedin.com/in/irena-buri%C4%87-0973297a/
Gugalaga (platform),"kindergarten-finder marketplace (channel partner, not operator)",HR,,Zagreb,Zagreb,https://gugalaga.com,n/a,,,Private startup,,,,,,,"Gugalaga is a Zagreb platform mapping private and public kindergartens and caregivers. Not an operator, but a potential channel/partner for reaching many private vrtići at once. Decision maker not confirmed via search; verify on website/registry before outreach.",,,2,https://gugalaga.com/,other.json,,,
American International School of Budapest (Early Childhood),international school (non-profit),HU,,Nagykovácsi,,https://www.aisb.hu,,,,"Non-profit, board-governed",,,,,,,AISB is the largest international school in Hungary with an early-childhood programme for ages 3–5 on its Nagykovácsi campus. Director not confirmed this session.,,Organisation known from prior knowledge only; NOT verified by web search in this session (search budget exhausted). Verify before outreach. Decision maker not confirmed in this session (search budget exhausted); verify via website/LinkedIn/registry.,2,https://www.aisb.hu,cee.json,,,
Britannica International School Budapest (Early Years),international school with early years,HU,,Budapest,,https://www.britannicaschool.hu,,,,Private,,,,,,,Britannica International School is a British-curriculum school in Budapest with an early-years section. Leadership not confirmed this session.,,Organisation known from prior knowledge only; NOT verified by web search in this session (search budget exhausted). Verify before outreach. Decision maker not confirmed in this session (search budget exhausted); verify via website/LinkedIn/registry.,2,https://www.britannicaschool.hu,cee.json,,,
British International School Budapest (Nord Anglia) – Early Years,international school group (Nord Anglia),HU,,Budapest,,https://www.nordangliaeducation.com/bisb-budapest,,,,Nord Anglia Education,,,,,,,BISB is Nord Anglia's Budapest school with nursery and reception classes. Group-level procurement. Head not confirmed this session.,,Organisation known from prior knowledge only; NOT verified by web search in this session (search budget exhausted). Verify before outreach. Decision maker not confirmed in this session (search budget exhausted); verify via website/LinkedIn/registry.,2,https://www.nordangliaeducation.com/bisb-budapest,cee.json,,,
"International School of Budapest (ISB, Budaörs) – kindergarten",international school with kindergarten,HU,,Budaörs,,https://www.isb.hu,,,,Private,,,,,,,ISB in Budaörs offers an international kindergarten alongside primary and secondary programmes. Leadership not confirmed this session.,,Organisation known from prior knowledge only; NOT verified by web search in this session (search budget exhausted). Verify before outreach. Decision maker not confirmed in this session (search budget exhausted); verify via website/LinkedIn/registry.,2,https://www.isb.hu,cee.json,,,
SEK Budapest International School (Early Years),international school group (SEK / Institución Educativa SEK),HU,,Budapest,,https://www.sekbudapest.com,,,,SEK Group (Spain),,,,,,,SEK Budapest is part of the Spanish SEK group and runs early-years classes in Budapest. Head not confirmed this session.,,Organisation known from prior knowledge only; NOT verified by web search in this session (search budget exhausted). Verify before outreach. Decision maker not confirmed in this session (search budget exhausted); verify via website/LinkedIn/registry.,2,https://www.sekbudapest.com,cee.json,,,
Giraffe Childcare (Busy Bees Ireland),multi-country-platform,IE,IE,Dublin,not confirmed,https://www.giraffe.ie/,~20+ crèches in Dublin (prior knowledge - verify),,,"Busy Bees Group / Ontario Teachers' (acquired 2019, prior knowledge)",,Country MD Ireland - not confirmed,,,,,"Giraffe Childcare is Busy Bees' Irish subsidiary (prior knowledge; acquisition circa 2019), the largest crèche operator in Dublin. Ireland's Core Funding and ECCE schemes drive reporting needs. Included as the Irish entry point to the Busy Bees account. | Ireland's best-known creche brand, acquired by Busy Bees in 2020 (prior knowledge). Decisions increasingly flow through Busy Bees group. Verify current MD Ireland.",not confirmed,from prior knowledge - NOT confirmed by search this session; verify before outreach,2,https://en.wikipedia.org/wiki/Busy_Bees_Nurseries | https://www.giraffe.ie,paneuro.json,,,
Grovelands Childcare,chain,IE,,Dublin,not confirmed,https://www.grovelands.ie,c.10 creches Dublin/Meath (prior knowledge),,,founder-owned,,,,,,,Dublin/Meath group. Verify.,,from prior knowledge - NOT confirmed by search this session; verify before outreach,2,https://www.grovelands.ie,uk_ie.json,,,
Little Harvard Childcare,chain,IE,,Dublin,not confirmed,https://www.littleharvard.ie,c.8-10 creches Dublin (prior knowledge),,,founder-owned,,,,,,,Dublin group with a 'Little Harvard' brand focus on curriculum. Verify.,,from prior knowledge - NOT confirmed by search this session; verify before outreach,2,https://www.littleharvard.ie,uk_ie.json,,,
Naíonraí network (Gaeloideachas / Comhar Naíonraí na Gaeltachta),non-profit-group,IE,,Galway / Dublin,not confirmed,https://gaeloideachas.ie,c.200+ Irish-medium preschools across Ireland (prior knowledge),,,non-profit,,,,,,,Network of Irish-language naíonraí supported by Gaeloideachas and Comhar Naíonraí na Gaeltachta; each naíonra is independent but the umbrella bodies procure shared resources. Verify.,,from prior knowledge - NOT confirmed by search this session; verify before outreach,2,https://gaeloideachas.ie,uk_ie.json,,,
Safari Childcare,chain,IE,,Dublin,not confirmed,https://www.safarichildcare.ie,c.10 creches (prior knowledge),,,founder-owned,,,,,,,Dublin creche group. Verify.,,from prior knowledge - NOT confirmed by search this session; verify before outreach,2,https://www.safarichildcare.ie,uk_ie.json,,,
Samtök sjálfstæðra skóla (SSSK),association,IS,,Reykjavík,,https://sjalfstaedirskolar.is,,,,non-profit,,,,,,,Association of independent schools and preschools in Iceland; channel to reach private leikskólar. Not verified.,,from background knowledge only - NOT verified by search in this session; decision maker not confirmed,2,,nordics.json,,,
Skólar ehf,private operator,IS,,Reykjavík,,,,,,founder-owned (not verified),,,,,,,Private company operating several leikskólar in the capital region under municipal contracts. Not verified.,,from background knowledge only - NOT verified by search in this session; decision maker not confirmed,2,,nordics.json,,,
Consorzio Blu,consortium of social cooperatives operating nidi,IT,,Bologna,Bologna,https://www.consorzioblu.it,,,,Consortium of social cooperatives,,,,,,,Consorzio Blu is a national consortium of social cooperatives (Emilia-Romagna based) that bids for and manages public nidi and educational services on behalf of members. Framework-supplier opportunities at consortium level.,,Not verified by web search this session (search budget exhausted after 24 queries); from prior knowledge - verify before outreach.,2,https://www.consorzioblu.it,south.json,,,
Consorzio Zenit,consortium of social cooperatives operating nidi,IT,,Rome,Rome,https://www.consorziozenit.it,,,,Consortium of social cooperatives,,,,,,,Consorzio Zenit groups social cooperatives operating municipal nidi and educational services mainly in Lazio. Aggregated procurement at consortium level.,,Not verified by web search this session (search budget exhausted after 24 queries); from prior knowledge - verify before outreach.,2,https://www.consorziozenit.it,south.json,,,
Verein Kindertagesstätten Liechtenstein (Kita Liechtenstein),non-profit-group,LI,,Schaan,Schaan,https://www.kita.li,c. 8 Kitas + Tagesstrukturen across Liechtenstein,,,non-profit (state-subsidised Verein),,,,,,,"The Verein Kindertagesstätten Liechtenstein is the principality's main operator of Kindertagesstätten, running most of the country's Kitas with state subsidies. Small market but single central decision maker. Hooks: whole-country coverage in one contract.",Decision maker NOT confirmed by search in this session (search budget exhausted); verify via Impressum/LinkedIn before outreach.,,2,https://www.kita.li,dach.json,,,
Klaužada,private kindergarten network,LT,,Vilnius,Vilnius (Filaretų g. site),,"multiple (2025, count unconfirmed)",,,Private,,,,,,,Klaužada is described in Lithuanian parent forums as a Vilnius private kindergarten network with a site on Filaretų g. Number of sites and leadership not confirmed. Mid-low priority pending verification.,,,2,https://www.tevu-darzelis.lt/forumas/topic/privatus-vaiku-darzelis-klauzada-vilnius-filaretu-g,other.json,,,
Mini Darželis,private kindergarten network,LT,,Vilnius,Vilnius,,"multiple (2025, count unconfirmed)",,,Private,,,,,,,Mini Darželis is referenced as a Vilnius private kindergarten network in parent forums. Site count and leadership not confirmed. Low-mid priority.,,,2,https://www.tevu-darzelis.lt/forumas/topic/privatus-mini-darzelis-vilniuje-atsiliepimai/page/4,other.json,,,
Babilou Luxembourg (ex Kideal / Kideal crèches),crèche operator / SEA (service d'éducation et d'accueil),LU,,Luxembourg City,,https://www.babilou.lu,,,,PE-backed (Babilou Family / Antin),,Directeur / Gérant,,,,,"Babilou Luxembourg (ex Kideal / Kideal crèches): Luxembourg arm of Babilou Family, built on the acquisition of the Kideal crèche group. Luxembourg early-years settings are licensed as 'services d'éducation et d'accueil' (SEA) by the Ministry of Education (MENJE) and most participate in the chèque-service accueil (CSA) scheme, which requires a parent-facing digital record of attendance; the plurilingual education programme (French/Luxembourgish) is mandatory for 1-4 year-olds. Location counts and leadership were not confirmed in this session (search budget exhausted); validate via the MENJE SEA list and the Luxembourg Business Registers (LBR) for managers.",,decision maker not confirmed by search in this session (search budget exhausted); verify before outreach,2,https://www.babilou.lu; https://men.public.lu/fr/enfance/accueil.html,fr_benelux.json,,,
Caritas Jeunes et Familles asbl,crèche operator / SEA (service d'éducation et d'accueil),LU,,Luxembourg,,https://www.cjf.lu,,,,non-profit,,Directeur / Gérant,,,,,"Caritas Jeunes et Familles asbl: Luxembourg non-profit operating crèches and maisons relais. Luxembourg early-years settings are licensed as 'services d'éducation et d'accueil' (SEA) by the Ministry of Education (MENJE) and most participate in the chèque-service accueil (CSA) scheme, which requires a parent-facing digital record of attendance; the plurilingual education programme (French/Luxembourgish) is mandatory for 1-4 year-olds. Location counts and leadership were not confirmed in this session (search budget exhausted); validate via the MENJE SEA list and the Luxembourg Business Registers (LBR) for managers.",,decision maker not confirmed by search in this session (search budget exhausted); verify before outreach,2,https://www.cjf.lu; https://men.public.lu/fr/enfance/accueil.html,fr_benelux.json,,,
Croix-Rouge luxembourgeoise – crèches,crèche operator / SEA (service d'éducation et d'accueil),LU,,Luxembourg,,https://www.croix-rouge.lu,,,,non-profit,,Directeur / Gérant,,,,,"Croix-Rouge luxembourgeoise – crèches: Red Cross Luxembourg operates crèches and maisons relais. Luxembourg early-years settings are licensed as 'services d'éducation et d'accueil' (SEA) by the Ministry of Education (MENJE) and most participate in the chèque-service accueil (CSA) scheme, which requires a parent-facing digital record of attendance; the plurilingual education programme (French/Luxembourgish) is mandatory for 1-4 year-olds. Location counts and leadership were not confirmed in this session (search budget exhausted); validate via the MENJE SEA list and the Luxembourg Business Registers (LBR) for managers.",,decision maker not confirmed by search in this session (search budget exhausted); verify before outreach,2,https://www.croix-rouge.lu; https://men.public.lu/fr/enfance/accueil.html,fr_benelux.json,,,
Crèche Kiddies,crèche operator / SEA (service d'éducation et d'accueil),LU,,Luxembourg,,https://www.kiddies.lu,,,,founder-owned (verify),,Directeur / Gérant,,,,,"Crèche Kiddies: private crèche network in Luxembourg (verify size). Luxembourg early-years settings are licensed as 'services d'éducation et d'accueil' (SEA) by the Ministry of Education (MENJE) and most participate in the chèque-service accueil (CSA) scheme, which requires a parent-facing digital record of attendance; the plurilingual education programme (French/Luxembourgish) is mandatory for 1-4 year-olds. Location counts and leadership were not confirmed in this session (search budget exhausted); validate via the MENJE SEA list and the Luxembourg Business Registers (LBR) for managers.",,decision maker not confirmed by search in this session (search budget exhausted); verify before outreach,2,https://www.kiddies.lu; https://men.public.lu/fr/enfance/accueil.html,fr_benelux.json,,,
Ecole Maternelle et Primaire Internationale (EMPI) / Ecole française de Luxembourg – Vauban,independent / international kindergarten (early-years section),LU,,Luxembourg City,,https://www.vauban.lu,,,,non-profit,,Head of Early Years / Directeur(trice) de la maternelle,,,,,"Ecole Maternelle et Primaire Internationale (EMPI) / Ecole française de Luxembourg – Vauban: French-curriculum school with maternelle. Included as a notable independent or international early-years provider in LU. The head-of-early-years name could NOT be confirmed in this session (web-search budget exhausted after 21 searches), so it is left null per the no-fabrication rule; confirm on the school's 'leadership' page or LinkedIn before outreach. These settings typically have discretionary budgets, English-speaking parent communities and heavy use of parent communication apps, making them fast-cycle prospects.",,director name not confirmed,2,https://www.vauban.lu,fr_benelux.json,,,
Elisabeth (Fondation Elisabeth) – Kannerhaiser,crèche operator / SEA (service d'éducation et d'accueil),LU,,Luxembourg,,https://www.elisabeth.lu,,,,non-profit,,Directeur / Gérant,,,,,"Elisabeth (Fondation Elisabeth) – Kannerhaiser: Luxembourg non-profit operating crèches/maisons relais. Luxembourg early-years settings are licensed as 'services d'éducation et d'accueil' (SEA) by the Ministry of Education (MENJE) and most participate in the chèque-service accueil (CSA) scheme, which requires a parent-facing digital record of attendance; the plurilingual education programme (French/Luxembourgish) is mandatory for 1-4 year-olds. Location counts and leadership were not confirmed in this session (search budget exhausted); validate via the MENJE SEA list and the Luxembourg Business Registers (LBR) for managers.",,decision maker not confirmed by search in this session (search budget exhausted); verify before outreach,2,https://www.elisabeth.lu; https://men.public.lu/fr/enfance/accueil.html,fr_benelux.json,,,
Home & Kids,crèche operator / SEA (service d'éducation et d'accueil),LU,,Luxembourg,,,,,,founder-owned (verify),,Directeur / Gérant,,,,,"Home & Kids: private crèche group (verify). Luxembourg early-years settings are licensed as 'services d'éducation et d'accueil' (SEA) by the Ministry of Education (MENJE) and most participate in the chèque-service accueil (CSA) scheme, which requires a parent-facing digital record of attendance; the plurilingual education programme (French/Luxembourgish) is mandatory for 1-4 year-olds. Location counts and leadership were not confirmed in this session (search budget exhausted); validate via the MENJE SEA list and the Luxembourg Business Registers (LBR) for managers.",,decision maker not confirmed by search in this session (search budget exhausted); verify before outreach,2,https://men.public.lu; https://men.public.lu/fr/enfance/accueil.html,fr_benelux.json,,,
International School of Luxembourg – Lower School Early Years,independent / international kindergarten (early-years section),LU,,Luxembourg City,,https://www.islux.lu,,,,non-profit,,Head of Early Years / Directeur(trice) de la maternelle,,,,,"International School of Luxembourg – Lower School Early Years: international school with early years. Included as a notable independent or international early-years provider in LU. The head-of-early-years name could NOT be confirmed in this session (web-search budget exhausted after 21 searches), so it is left null per the no-fabrication rule; confirm on the school's 'leadership' page or LinkedIn before outreach. These settings typically have discretionary budgets, English-speaking parent communities and heavy use of parent communication apps, making them fast-cycle prospects.",,director name not confirmed,2,https://www.islux.lu,fr_benelux.json,,,
Kannerhaus,crèche operator / SEA (service d'éducation et d'accueil),LU,,Luxembourg,,,,,,verify,,Directeur / Gérant,,,,,"Kannerhaus: crèche group cited by requester (existence not confirmed). Luxembourg early-years settings are licensed as 'services d'éducation et d'accueil' (SEA) by the Ministry of Education (MENJE) and most participate in the chèque-service accueil (CSA) scheme, which requires a parent-facing digital record of attendance; the plurilingual education programme (French/Luxembourgish) is mandatory for 1-4 year-olds. Location counts and leadership were not confirmed in this session (search budget exhausted); validate via the MENJE SEA list and the Luxembourg Business Registers (LBR) for managers.",,decision maker not confirmed by search in this session (search budget exhausted); verify before outreach,2,https://men.public.lu; https://men.public.lu/fr/enfance/accueil.html,fr_benelux.json,,,
La Maison Bleue Luxembourg,crèche operator / SEA (service d'éducation et d'accueil),LU,,Luxembourg City,,https://www.la-maison-bleue.lu,,,,PE-backed (Antin / La Maison Bleue),,Directeur / Gérant,,,,,"La Maison Bleue Luxembourg: Luxembourg subsidiary of La Maison Bleue (presence confirmed in La Maison Bleue group description). Luxembourg early-years settings are licensed as 'services d'éducation et d'accueil' (SEA) by the Ministry of Education (MENJE) and most participate in the chèque-service accueil (CSA) scheme, which requires a parent-facing digital record of attendance; the plurilingual education programme (French/Luxembourgish) is mandatory for 1-4 year-olds. Location counts and leadership were not confirmed in this session (search budget exhausted); validate via the MENJE SEA list and the Luxembourg Business Registers (LBR) for managers.",,decision maker not confirmed by search in this session (search budget exhausted); verify before outreach,2,https://www.la-maison-bleue.lu; https://men.public.lu/fr/enfance/accueil.html,fr_benelux.json,,,
Les P'tits Filous,crèche operator / SEA (service d'éducation et d'accueil),LU,,Luxembourg,,https://www.ptitsfilous.lu,,,,founder-owned (verify),,Directeur / Gérant,,,,,"Les P'tits Filous: private crèche network (verify). Luxembourg early-years settings are licensed as 'services d'éducation et d'accueil' (SEA) by the Ministry of Education (MENJE) and most participate in the chèque-service accueil (CSA) scheme, which requires a parent-facing digital record of attendance; the plurilingual education programme (French/Luxembourgish) is mandatory for 1-4 year-olds. Location counts and leadership were not confirmed in this session (search budget exhausted); validate via the MENJE SEA list and the Luxembourg Business Registers (LBR) for managers.",,decision maker not confirmed by search in this session (search budget exhausted); verify before outreach,2,https://www.ptitsfilous.lu; https://men.public.lu/fr/enfance/accueil.html,fr_benelux.json,,,
Montessori Kids Luxembourg,independent / international kindergarten (early-years section),LU,,Luxembourg,,,,,,founder-owned,,Head of Early Years / Directeur(trice) de la maternelle,,,,,"Montessori Kids Luxembourg: Montessori crèche/kindergarten (verify). Included as a notable independent or international early-years provider in LU. The head-of-early-years name could NOT be confirmed in this session (web-search budget exhausted after 21 searches), so it is left null per the no-fabrication rule; confirm on the school's 'leadership' page or LinkedIn before outreach. These settings typically have discretionary budgets, English-speaking parent communities and heavy use of parent communication apps, making them fast-cycle prospects.",,director name not confirmed,2,https://www.google.com/search?q=Montessori+Kids+Luxembourg,fr_benelux.json,,,
Piccolino crèches,crèche operator / SEA (service d'éducation et d'accueil),LU,,Luxembourg,,https://www.piccolino.lu,,,,founder-owned (verify),,Directeur / Gérant,,,,,"Piccolino crèches: private crèche network (verify). Luxembourg early-years settings are licensed as 'services d'éducation et d'accueil' (SEA) by the Ministry of Education (MENJE) and most participate in the chèque-service accueil (CSA) scheme, which requires a parent-facing digital record of attendance; the plurilingual education programme (French/Luxembourgish) is mandatory for 1-4 year-olds. Location counts and leadership were not confirmed in this session (search budget exhausted); validate via the MENJE SEA list and the Luxembourg Business Registers (LBR) for managers.",,decision maker not confirmed by search in this session (search budget exhausted); verify before outreach,2,https://www.piccolino.lu; https://men.public.lu/fr/enfance/accueil.html,fr_benelux.json,,,
St George's International School Luxembourg – Early Years,independent / international kindergarten (early-years section),LU,,Luxembourg City,,https://www.st-georges.lu,,,,non-profit,,Head of Early Years / Directeur(trice) de la maternelle,,,,,"St George's International School Luxembourg – Early Years: British EYFS. Included as a notable independent or international early-years provider in LU. The head-of-early-years name could NOT be confirmed in this session (web-search budget exhausted after 21 searches), so it is left null per the no-fabrication rule; confirm on the school's 'leadership' page or LinkedIn before outreach. These settings typically have discretionary budgets, English-speaking parent communities and heavy use of parent communication apps, making them fast-cycle prospects.",,director name not confirmed,2,https://www.st-georges.lu,fr_benelux.json,,,
Waldorfschoul Lëtzebuerg – Kindergarten,independent / international kindergarten (early-years section),LU,,Luxembourg City,,https://www.waldorf.lu,,,,non-profit,,Head of Early Years / Directeur(trice) de la maternelle,,,,,"Waldorfschoul Lëtzebuerg – Kindergarten: Steiner kindergarten. Included as a notable independent or international early-years provider in LU. The head-of-early-years name could NOT be confirmed in this session (web-search budget exhausted after 21 searches), so it is left null per the no-fabrication rule; confirm on the school's 'leadership' page or LinkedIn before outreach. These settings typically have discretionary budgets, English-speaking parent communities and heavy use of parent communication apps, making them fast-cycle prospects.",,director name not confirmed,2,https://www.waldorf.lu,fr_benelux.json,,,
Youpi crèches,crèche operator / SEA (service d'éducation et d'accueil),LU,,Luxembourg,,,,,,founder-owned (verify),,Directeur / Gérant,,,,,"Youpi crèches: private crèche group (verify). Luxembourg early-years settings are licensed as 'services d'éducation et d'accueil' (SEA) by the Ministry of Education (MENJE) and most participate in the chèque-service accueil (CSA) scheme, which requires a parent-facing digital record of attendance; the plurilingual education programme (French/Luxembourgish) is mandatory for 1-4 year-olds. Location counts and leadership were not confirmed in this session (search budget exhausted); validate via the MENJE SEA list and the Luxembourg Business Registers (LBR) for managers.",,decision maker not confirmed by search in this session (search budget exhausted); verify before outreach,2,https://men.public.lu; https://men.public.lu/fr/enfance/accueil.html,fr_benelux.json,,,
Zoé Group,crèche operator / SEA (service d'éducation et d'accueil),LU,,Luxembourg,,,,,,verify,,Directeur / Gérant,,,,,"Zoé Group: crèche group cited by requester (existence not confirmed). Luxembourg early-years settings are licensed as 'services d'éducation et d'accueil' (SEA) by the Ministry of Education (MENJE) and most participate in the chèque-service accueil (CSA) scheme, which requires a parent-facing digital record of attendance; the plurilingual education programme (French/Luxembourgish) is mandatory for 1-4 year-olds. Location counts and leadership were not confirmed in this session (search budget exhausted); validate via the MENJE SEA list and the Luxembourg Business Registers (LBR) for managers.",,decision maker not confirmed by search in this session (search budget exhausted); verify before outreach,2,https://men.public.lu; https://men.public.lu/fr/enfance/accueil.html,fr_benelux.json,,,
arcus asbl (Kannerhaiser),crèche operator / SEA (service d'éducation et d'accueil),LU,,Luxembourg,,https://www.arcus.lu,,,,non-profit,,Directeur / Gérant,,,,,"arcus asbl (Kannerhaiser): large Luxembourg non-profit operating crèches, maisons relais and foyers. Luxembourg early-years settings are licensed as 'services d'éducation et d'accueil' (SEA) by the Ministry of Education (MENJE) and most participate in the chèque-service accueil (CSA) scheme, which requires a parent-facing digital record of attendance; the plurilingual education programme (French/Luxembourgish) is mandatory for 1-4 year-olds. Location counts and leadership were not confirmed in this session (search budget exhausted); validate via the MENJE SEA list and the Luxembourg Business Registers (LBR) for managers.",,decision maker not confirmed by search in this session (search budget exhausted); verify before outreach,2,https://www.arcus.lu; https://men.public.lu/fr/enfance/accueil.html,fr_benelux.json,,,
Burtu pasaulīte,private kindergarten (2 branches),LV,,Riga,"Slokas iela 122, Riga (Imanta branch)",https://www.burtupasaulite.lv,"2 (Centrs, Imanta)",,,Private,Sarma Dreimane,Imanta branch manager (contact),,,sarma.dreimane@inbox.lv; info@burtupasaulite.lv,+371 26882955,"Burtu pasaulīte is a private preschool with two Riga branches (Centre and Imanta, Slokas 122). Sarma Dreimane is the Imanta branch contact. Owner/founder not confirmed. Small two-site operator. Low-mid priority.",,,2,https://www.burtupasaulite.lv/; https://www.burtupasaulite.lv/filiales/imantas-filiale,other.json,"sarma.dreimane@inbox.lv (Sarma Dreimane, Director / Imanta branch contact)",,https://www.burtupasaulite.lv/filiales/imantas-filiale; https://katalogs-iksd.riga.lv/Iestade/BURTUPASAULITE; https://www.burtupasaulite.lv/
International School of Riga,international school with early years,LV,,Riga,Riga,https://isriga.lv,1 (2025),,,Private,,,,,,,International School of Riga is a private international school in Riga with an early-years section. Decision maker not confirmed via search; verify on website/registry before outreach. Premium single-site. Mid priority.,,,2,https://en.wikipedia.org/wiki/International_School_of_Riga,other.json,,,
Rotaļdārzs,private kindergarten,LV,,Riga,"Raunas iela 27, Riga",https://www.rotaldarzs.lv,1 (2025),,,Private,Solveiga Tiliba,Kindergarten director,,,info@rotaldarzs.lv,+371 28 377 579,Rotaļdārzs is a private kindergarten in Riga at Raunas 27. Solveiga Tiliba is listed as director. Single site. Low priority.,,,2,https://www.rotaldarzs.lv/,other.json,,,https://www.rotaldarzs.lv/kontakti; https://www.rotaldarzs.lv/par-mums; https://katalogs-iksd.riga.lv/lv/Iestade/ROTALDARZS
Heritage International School,private school with kindergarten,MD,,Chișinău,Chișinău,https://heritage.md,1 (2025),,,Private,,,,,,,Heritage International School is a private Cambridge-track school in Chișinău with a kindergarten section. Decision maker not confirmed via search; verify on website/registry before outreach. Single site.,,,2,https://heritage.md,other.json,,,
QSI International School of Chișinău,international school with preschool,MD,,Chișinău,Chișinău,https://chisinau.qsi.org,1 (2025),,,QSI network,,,,,,,QSI Chișinău offers preschool through secondary for expat and local families. Decision maker not confirmed via search; verify on website/registry before outreach.,,,2,https://chisinau.qsi.org,other.json,,,
Knightsbridge Schools International Montenegro,international school with kindergarten,ME,,Tivat,Tivat,https://ksi-montenegro.com,1 (2025),,,Private (KSI group),,,,,,,KSI Montenegro is a private international school in Tivat (Porto Montenegro area) with an early-years/kindergarten section. Decision maker not confirmed via search; verify on website/registry before outreach. Premium single site.,,,2,https://ksi-montenegro.com,other.json,,,
QSI International School of Montenegro,international school with preschool,ME,,Podgorica,Podgorica,https://montenegro.qsi.org,1 (2025),,,QSI network,,,,,,,QSI Montenegro in Podgorica offers preschool through secondary. Decision maker not confirmed via search; verify on website/registry before outreach. Approach via QSI network.,,,2,https://montenegro.qsi.org,other.json,,,
NOVA International Schools,international school with preschool,MK,,Skopje,Skopje,https://www.nova.edu.mk,1 (2025),,,Private / non-profit,,,,,,,NOVA is the leading international school in Skopje with a preschool section. Decision maker not confirmed via search; verify on website/registry before outreach. Premium single site.,,,2,https://www.nova.edu.mk,other.json,,,
QSI International School of Skopje,international school with preschool,MK,,Skopje,Skopje,https://skopje.qsi.org,1 (2025),,,QSI network,,,,,,,QSI Skopje offers preschool through secondary. Decision maker not confirmed via search; verify on website/registry before outreach.,,,2,https://skopje.qsi.org,other.json,,,
Malta Free Childcare Scheme registered centres (Jobsplus / Ministry for Education),public scheme covering ~100+ registered private childcare centres,MT,,Valletta,,https://education.gov.mt,,,,Government scheme; private operators,,,,,,,Malta's Free Childcare Scheme funds registered private childcare centres for working parents; the registry of participating centres is the practical lead list for the island (mostly single-site owner-operators).,,Not verified by web search this session (search budget exhausted after 24 queries); from prior knowledge - verify before outreach.,2,https://education.gov.mt,south.json,,,
St Edward's College Malta,private school with early years,MT,,Birgu (Cottonera),Birgu,https://www.stedwards.edu.mt,1 campus,,,Non-profit foundation,,,,,,,St Edward's College offers early years (from age 3) through IB Diploma on a historic campus.,,Not verified by web search this session (search budget exhausted after 24 queries); from prior knowledge - verify before outreach.,2,https://www.stedwards.edu.mt,south.json,,,
Verdala International School,international school with early years,MT,,Pembroke,Fort Pembroke,https://www.verdala.org,1 campus,,,Non-profit foundation,,,,,,,Malta's main IB international school with Early Years from age 3. Board-governed non-profit.,,Not verified by web search this session (search budget exhausted after 24 queries); from prior knowledge - verify before outreach.,2,https://www.verdala.org,south.json,,,
American School of The Hague – Early Childhood,independent / international kindergarten (early-years section),NL,,Wassenaar,,https://www.ash.nl,,,,non-profit,,Head of Early Years / Directeur(trice) de la maternelle,,,,,"American School of The Hague – Early Childhood: international school pre-K/K. Included as a notable independent or international early-years provider in NL. The head-of-early-years name could NOT be confirmed in this session (web-search budget exhausted after 21 searches), so it is left null per the no-fabrication rule; confirm on the school's 'leadership' page or LinkedIn before outreach. These settings typically have discretionary budgets, English-speaking parent communities and heavy use of parent communication apps, making them fast-cycle prospects.",,director name not confirmed,2,https://www.ash.nl,fr_benelux.json,,,
Amsterdam International Community School (AICS) – Early Years,independent / international kindergarten (early-years section),NL,,Amsterdam,,https://www.aics.espritscholen.nl,,,,public,,Head of Early Years / Directeur(trice) de la maternelle,,,,,"Amsterdam International Community School (AICS) – Early Years: public international school with early years. Included as a notable independent or international early-years provider in NL. The head-of-early-years name could NOT be confirmed in this session (web-search budget exhausted after 21 searches), so it is left null per the no-fabrication rule; confirm on the school's 'leadership' page or LinkedIn before outreach. These settings typically have discretionary budgets, English-speaking parent communities and heavy use of parent communication apps, making them fast-cycle prospects.",,director name not confirmed,2,https://www.aics.espritscholen.nl,fr_benelux.json,,,
Amsterdam Montessori School / Casa dei Bambini,independent / international kindergarten (early-years section),NL,,Amsterdam,,,,,,non-profit,,Head of Early Years / Directeur(trice) de la maternelle,,,,,"Amsterdam Montessori School / Casa dei Bambini: independent Montessori pre-school (verify). Included as a notable independent or international early-years provider in NL. The head-of-early-years name could NOT be confirmed in this session (web-search budget exhausted after 21 searches), so it is left null per the no-fabrication rule; confirm on the school's 'leadership' page or LinkedIn before outreach. These settings typically have discretionary budgets, English-speaking parent communities and heavy use of parent communication apps, making them fast-cycle prospects.",,director name not confirmed,2,https://www.google.com/search?q=Amsterdam+Montessori+School+/+Casa+dei+Bambini,fr_benelux.json,,,
Berend Botje,kinderopvang organisation,NL,,Hoorn,,https://www.berendbotje.nl,,,,,,Bestuurder / Directeur,,,,,"Berend Botje is a Dutch childcare organisation (regional chain in Noord-Holland Noord). It appears in market listings of Dutch kinderopvang groups but its 2025 location count, ownership and leadership were not confirmed in this session because the search budget was exhausted. Use the LRK open data (houder-level export) to obtain exact location and child-place counts, and the KvK register for board members.",,decision maker not confirmed by search in this session (search budget exhausted); verify before outreach,2,https://www.berendbotje.nl; https://www.kinderopvang-wijzer.nl/top-100-grootste-kinderopvangorganisaties-december-2025/,fr_benelux.json,,,
Big Ben Kids,kinderopvang organisation,NL,,Amsterdam,,https://www.bigbenkids.com,,,,,,Bestuurder / Directeur,,,,,"Big Ben Kids is a Dutch childcare organisation (bilingual/international childcare chain). It appears in market listings of Dutch kinderopvang groups but its 2025 location count, ownership and leadership were not confirmed in this session because the search budget was exhausted. Use the LRK open data (houder-level export) to obtain exact location and child-place counts, and the KvK register for board members.",,decision maker not confirmed by search in this session (search budget exhausted); verify before outreach,2,https://www.bigbenkids.com; https://www.kinderopvang-wijzer.nl/top-100-grootste-kinderopvangorganisaties-december-2025/,fr_benelux.json,,,
British School in the Netherlands – Junior Schools (Foundation Stage),independent / international kindergarten (early-years section),NL,,The Hague / Leidschenveen,,https://www.britishschool.nl,,,,non-profit,,Head of Early Years / Directeur(trice) de la maternelle,,,,,"British School in the Netherlands – Junior Schools (Foundation Stage): British EYFS across several junior campuses. Included as a notable independent or international early-years provider in NL. The head-of-early-years name could NOT be confirmed in this session (web-search budget exhausted after 21 searches), so it is left null per the no-fabrication rule; confirm on the school's 'leadership' page or LinkedIn before outreach. These settings typically have discretionary budgets, English-speaking parent communities and heavy use of parent communication apps, making them fast-cycle prospects.",,director name not confirmed,2,https://www.britishschool.nl,fr_benelux.json,,,
British School of Amsterdam – Early Years,independent / international kindergarten (early-years section),NL,,Amsterdam,,https://www.britams.nl,,,,non-profit,,Head of Early Years / Directeur(trice) de la maternelle,,,,,"British School of Amsterdam – Early Years: British curriculum EYFS. Included as a notable independent or international early-years provider in NL. The head-of-early-years name could NOT be confirmed in this session (web-search budget exhausted after 21 searches), so it is left null per the no-fabrication rule; confirm on the school's 'leadership' page or LinkedIn before outreach. These settings typically have discretionary budgets, English-speaking parent communities and heavy use of parent communication apps, making them fast-cycle prospects.",,director name not confirmed,2,https://www.britams.nl,fr_benelux.json,,,
Deutsche Internationale Schule Den Haag – Kindergarten,independent / international kindergarten (early-years section),NL,,The Hague,,https://www.disdh.nl,,,,non-profit,,Head of Early Years / Directeur(trice) de la maternelle,,,,,"Deutsche Internationale Schule Den Haag – Kindergarten: German-curriculum Kindergarten. Included as a notable independent or international early-years provider in NL. The head-of-early-years name could NOT be confirmed in this session (web-search budget exhausted after 21 searches), so it is left null per the no-fabrication rule; confirm on the school's 'leadership' page or LinkedIn before outreach. These settings typically have discretionary budgets, English-speaking parent communities and heavy use of parent communication apps, making them fast-cycle prospects.",,director name not confirmed,2,https://www.disdh.nl,fr_benelux.json,,,
Doomijn (Travers),kinderopvang organisation,NL,,Zwolle,,https://www.doomijn.nl,,,,,,Bestuurder / Directeur,,,,,"Doomijn (Travers) is a Dutch childcare organisation (childcare arm of welfare organisation Travers in Overijssel). It appears in market listings of Dutch kinderopvang groups but its 2025 location count, ownership and leadership were not confirmed in this session because the search budget was exhausted. Use the LRK open data (houder-level export) to obtain exact location and child-place counts, and the KvK register for board members.",,decision maker not confirmed by search in this session (search budget exhausted); verify before outreach,2,https://www.doomijn.nl; https://www.kinderopvang-wijzer.nl/top-100-grootste-kinderopvangorganisaties-december-2025/,fr_benelux.json,,,
Hestia Kinderopvang,kinderopvang organisation,NL,,Amsterdam,,https://www.hestiakinderopvang.nl,,,,,,Bestuurder / Directeur,,,,,"Hestia Kinderopvang is a Dutch childcare organisation (Amsterdam-region chain). It appears in market listings of Dutch kinderopvang groups but its 2025 location count, ownership and leadership were not confirmed in this session because the search budget was exhausted. Use the LRK open data (houder-level export) to obtain exact location and child-place counts, and the KvK register for board members.",,decision maker not confirmed by search in this session (search budget exhausted); verify before outreach,2,https://www.hestiakinderopvang.nl; https://www.kinderopvang-wijzer.nl/top-100-grootste-kinderopvangorganisaties-december-2025/,fr_benelux.json,,,
Humankind (Kinderopvang Humanitas),multi-country-platform,NL,NL,Utrecht (verify),,https://www.humankind.nl/,~450-500 locations (prior knowledge - verify),,,"Foundation (stichting), non-profit",,Bestuurder - not confirmed,,,,,"Humankind is the largest non-profit childcare organisation in the Netherlands (prior knowledge; not searched this session). Together with Partou, Kindergarden, Wij zijn JONG, Blos and KinderRijk it forms the Dutch top tier. As a foundation it procures centrally and is sensitive to the sector's 2027 financing reform. Hooks: large single account; verify leadership via KVK.",not confirmed,,2,,paneuro.json,,,
Impuls Kinderopvang,kinderopvang organisation,NL,,Amsterdam,,https://www.impuls.nl,,,,,,Bestuurder / Directeur,,,,,"Impuls Kinderopvang is a Dutch childcare organisation (large Amsterdam kinderopvang and welfare organisation). It appears in market listings of Dutch kinderopvang groups but its 2025 location count, ownership and leadership were not confirmed in this session because the search budget was exhausted. Use the LRK open data (houder-level export) to obtain exact location and child-place counts, and the KvK register for board members.",,decision maker not confirmed by search in this session (search budget exhausted); verify before outreach,2,https://www.impuls.nl; https://www.kinderopvang-wijzer.nl/top-100-grootste-kinderopvangorganisaties-december-2025/,fr_benelux.json,,,
International School of Amsterdam – Early Childhood,independent / international kindergarten (early-years section),NL,,Amstelveen,,https://www.isa.nl,,,,non-profit,,Head of Early Years / Directeur(trice) de la maternelle,,,,,"International School of Amsterdam – Early Childhood: IB school with early childhood. Included as a notable independent or international early-years provider in NL. The head-of-early-years name could NOT be confirmed in this session (web-search budget exhausted after 21 searches), so it is left null per the no-fabrication rule; confirm on the school's 'leadership' page or LinkedIn before outreach. These settings typically have discretionary budgets, English-speaking parent communities and heavy use of parent communication apps, making them fast-cycle prospects.",,director name not confirmed,2,https://www.isa.nl,fr_benelux.json,,,
Junis Kinderopvang,kinderopvang organisation,NL,,Alphen aan den Rijn,,https://junis.nl,,,,,,Bestuurder / Directeur,,,,,"Junis Kinderopvang is a Dutch childcare organisation (regional organisation). It appears in market listings of Dutch kinderopvang groups but its 2025 location count, ownership and leadership were not confirmed in this session because the search budget was exhausted. Use the LRK open data (houder-level export) to obtain exact location and child-place counts, and the KvK register for board members.",,decision maker not confirmed by search in this session (search budget exhausted); verify before outreach,2,https://junis.nl; https://www.kinderopvang-wijzer.nl/top-100-grootste-kinderopvangorganisaties-december-2025/,fr_benelux.json,,,
Kids' Kingdom / Zein 't Gooi International,independent / international kindergarten (early-years section),NL,,Hilversum,,,,,,founder-owned,,Head of Early Years / Directeur(trice) de la maternelle,,,,,"Kids' Kingdom / Zein 't Gooi International: international pre-school (verify). Included as a notable independent or international early-years provider in NL. The head-of-early-years name could NOT be confirmed in this session (web-search budget exhausted after 21 searches), so it is left null per the no-fabrication rule; confirm on the school's 'leadership' page or LinkedIn before outreach. These settings typically have discretionary budgets, English-speaking parent communities and heavy use of parent communication apps, making them fast-cycle prospects.",,director name not confirmed,2,https://www.google.com/search?q=Kids'+Kingdom+/+Zein+'t+Gooi+International,fr_benelux.json,,,
Kinderopvang Bright Kids,kinderopvang organisation,NL,,Netherlands,,https://www.brightkids.nl,,,,,,Bestuurder / Directeur,,,,,"Kinderopvang Bright Kids is a Dutch childcare organisation (smaller chain; details unconfirmed). It appears in market listings of Dutch kinderopvang groups but its 2025 location count, ownership and leadership were not confirmed in this session because the search budget was exhausted. Use the LRK open data (houder-level export) to obtain exact location and child-place counts, and the KvK register for board members.",,decision maker not confirmed by search in this session (search budget exhausted); verify before outreach,2,https://www.brightkids.nl; https://www.kinderopvang-wijzer.nl/top-100-grootste-kinderopvangorganisaties-december-2025/,fr_benelux.json,,,
Kinderrijk,kinderopvang organisation,NL,,Amstelveen,,https://www.kinderrijk.nl,,,,,,Bestuurder / Directeur,,,,,"Kinderrijk is a Dutch childcare organisation (regional organisation Amstelveen/Amsterdam). It appears in market listings of Dutch kinderopvang groups but its 2025 location count, ownership and leadership were not confirmed in this session because the search budget was exhausted. Use the LRK open data (houder-level export) to obtain exact location and child-place counts, and the KvK register for board members.",,decision maker not confirmed by search in this session (search budget exhausted); verify before outreach,2,https://www.kinderrijk.nl; https://www.kinderopvang-wijzer.nl/top-100-grootste-kinderopvangorganisaties-december-2025/,fr_benelux.json,,,
Little Ones Kinderopvang,kinderopvang organisation,NL,,Netherlands,,https://www.littleones.nl,,,,,,Bestuurder / Directeur,,,,,"Little Ones Kinderopvang is a Dutch childcare organisation (smaller chain; details unconfirmed). It appears in market listings of Dutch kinderopvang groups but its 2025 location count, ownership and leadership were not confirmed in this session because the search budget was exhausted. Use the LRK open data (houder-level export) to obtain exact location and child-place counts, and the KvK register for board members.",,decision maker not confirmed by search in this session (search budget exhausted); verify before outreach,2,https://www.littleones.nl; https://www.kinderopvang-wijzer.nl/top-100-grootste-kinderopvangorganisaties-december-2025/,fr_benelux.json,,,
Lycée Vincent van Gogh (Lycée français de La Haye) – maternelle,independent / international kindergarten (early-years section),NL,,The Hague,,https://www.lyceevangogh.nl,,,,non-profit (AEFE partner),,Head of Early Years / Directeur(trice) de la maternelle,,,,,"Lycée Vincent van Gogh (Lycée français de La Haye) – maternelle: AEFE French lycée with maternelle. Included as a notable independent or international early-years provider in NL. The head-of-early-years name could NOT be confirmed in this session (web-search budget exhausted after 21 searches), so it is left null per the no-fabrication rule; confirm on the school's 'leadership' page or LinkedIn before outreach. These settings typically have discretionary budgets, English-speaking parent communities and heavy use of parent communication apps, making them fast-cycle prospects.",,director name not confirmed,2,https://www.lyceevangogh.nl,fr_benelux.json,,,
Mundo kinderopvang,kinderopvang organisation,NL,,Rotterdam / Zuid-Holland,,https://www.mundokinderopvang.nl,,,,,,Bestuurder / Directeur,,,,,"Mundo kinderopvang is a Dutch childcare organisation (regional chain in Rotterdam-Rijnmond). It appears in market listings of Dutch kinderopvang groups but its 2025 location count, ownership and leadership were not confirmed in this session because the search budget was exhausted. Use the LRK open data (houder-level export) to obtain exact location and child-place counts, and the KvK register for board members.",,decision maker not confirmed by search in this session (search budget exhausted); verify before outreach,2,https://www.mundokinderopvang.nl; https://www.kinderopvang-wijzer.nl/top-100-grootste-kinderopvangorganisaties-december-2025/,fr_benelux.json,,,
Norlandia Kinderopvang Nederland,kinderopvang organisation,NL,,Amersfoort (verify),,https://www.norlandia.nl,,,,,,Bestuurder / Directeur,,,,,"Norlandia Kinderopvang Nederland is a Dutch childcare organisation (Dutch arm of Norwegian Norlandia group (Hospitality Invest), which acquired several NL chains). It appears in market listings of Dutch kinderopvang groups but its 2025 location count, ownership and leadership were not confirmed in this session because the search budget was exhausted. Use the LRK open data (houder-level export) to obtain exact location and child-place counts, and the KvK register for board members.",,decision maker not confirmed by search in this session (search budget exhausted); verify before outreach,2,https://www.norlandia.nl; https://www.kinderopvang-wijzer.nl/top-100-grootste-kinderopvangorganisaties-december-2025/,fr_benelux.json,,,
Prokino Kinderopvang,kinderopvang organisation,NL,,Amsterdam,,https://www.prokino.nl,,,,,,Bestuurder / Directeur,,,,,"Prokino Kinderopvang is a Dutch childcare organisation (national chain). It appears in market listings of Dutch kinderopvang groups but its 2025 location count, ownership and leadership were not confirmed in this session because the search budget was exhausted. Use the LRK open data (houder-level export) to obtain exact location and child-place counts, and the KvK register for board members.",,decision maker not confirmed by search in this session (search budget exhausted); verify before outreach,2,https://www.prokino.nl; https://www.kinderopvang-wijzer.nl/top-100-grootste-kinderopvangorganisaties-december-2025/,fr_benelux.json,,,
Quadrant Kindercentra,kinderopvang organisation,NL,,Gouda,,https://www.quadrantkindercentra.nl,,,,,,Bestuurder / Directeur,,,,,"Quadrant Kindercentra is a Dutch childcare organisation (regional organisation that took over Humankind's Waddinxveen sites). It appears in market listings of Dutch kinderopvang groups but its 2025 location count, ownership and leadership were not confirmed in this session because the search budget was exhausted. Use the LRK open data (houder-level export) to obtain exact location and child-place counts, and the KvK register for board members.",,decision maker not confirmed by search in this session (search budget exhausted); verify before outreach,2,https://www.quadrantkindercentra.nl; https://www.kinderopvang-wijzer.nl/top-100-grootste-kinderopvangorganisaties-december-2025/,fr_benelux.json,,,
SKAR Kinderopvang,kinderopvang organisation,NL,,Arnhem,,https://www.skar.nl,,,,,,Bestuurder / Directeur,,,,,"SKAR Kinderopvang is a Dutch childcare organisation (regional organisation Arnhem/Gelderland). It appears in market listings of Dutch kinderopvang groups but its 2025 location count, ownership and leadership were not confirmed in this session because the search budget was exhausted. Use the LRK open data (houder-level export) to obtain exact location and child-place counts, and the KvK register for board members.",,decision maker not confirmed by search in this session (search budget exhausted); verify before outreach,2,https://www.skar.nl; https://www.kinderopvang-wijzer.nl/top-100-grootste-kinderopvangorganisaties-december-2025/,fr_benelux.json,,,
SKSG Kinderopvang,kinderopvang organisation,NL,,Groningen,,https://www.sksg.nl,,,,,,Bestuurder / Directeur,,,,,"SKSG Kinderopvang is a Dutch childcare organisation (regional non-profit organisation in Groningen). It appears in market listings of Dutch kinderopvang groups but its 2025 location count, ownership and leadership were not confirmed in this session because the search budget was exhausted. Use the LRK open data (houder-level export) to obtain exact location and child-place counts, and the KvK register for board members.",,decision maker not confirmed by search in this session (search budget exhausted); verify before outreach,2,https://www.sksg.nl; https://www.kinderopvang-wijzer.nl/top-100-grootste-kinderopvangorganisaties-december-2025/,fr_benelux.json,,,
Skon Kinderopvang,kinderopvang organisation,NL,,Almere/Utrecht,,https://www.skon.nl,,,,,,Bestuurder / Directeur,,,,,"Skon Kinderopvang is a Dutch childcare organisation (regional chain). It appears in market listings of Dutch kinderopvang groups but its 2025 location count, ownership and leadership were not confirmed in this session because the search budget was exhausted. Use the LRK open data (houder-level export) to obtain exact location and child-place counts, and the KvK register for board members.",,decision maker not confirmed by search in this session (search budget exhausted); verify before outreach,2,https://www.skon.nl; https://www.kinderopvang-wijzer.nl/top-100-grootste-kinderopvangorganisaties-december-2025/,fr_benelux.json,,,
Spring Kinderopvang,kinderopvang organisation,NL,,Venlo/Limburg,,https://www.spring-kinderopvang.nl,,,,,,Bestuurder / Directeur,,,,,"Spring Kinderopvang is a Dutch childcare organisation (regional Limburg/Brabant chain). It appears in market listings of Dutch kinderopvang groups but its 2025 location count, ownership and leadership were not confirmed in this session because the search budget was exhausted. Use the LRK open data (houder-level export) to obtain exact location and child-place counts, and the KvK register for board members.",,decision maker not confirmed by search in this session (search budget exhausted); verify before outreach,2,https://www.spring-kinderopvang.nl; https://www.kinderopvang-wijzer.nl/top-100-grootste-kinderopvangorganisaties-december-2025/,fr_benelux.json,,,
Stichting Kinderopvang Haarlemmermeer (SKH / Kinderopvang Haarlemmermeer),kinderopvang organisation,NL,,Hoofddorp,,https://www.kinderopvanghaarlemmermeer.nl,,,,,,Bestuurder / Directeur,,,,,"Stichting Kinderopvang Haarlemmermeer (SKH / Kinderopvang Haarlemmermeer) is a Dutch childcare organisation (regional non-profit). It appears in market listings of Dutch kinderopvang groups but its 2025 location count, ownership and leadership were not confirmed in this session because the search budget was exhausted. Use the LRK open data (houder-level export) to obtain exact location and child-place counts, and the KvK register for board members.",,decision maker not confirmed by search in this session (search budget exhausted); verify before outreach,2,https://www.kinderopvanghaarlemmermeer.nl; https://www.kinderopvang-wijzer.nl/top-100-grootste-kinderopvangorganisaties-december-2025/,fr_benelux.json,,,
Un1ek onderwijs & opvang,kinderopvang organisation,NL,,Vlaardingen,,https://www.un1ek.nl,,,,,,Bestuurder / Directeur,,,,,"Un1ek onderwijs & opvang is a Dutch childcare organisation (integrated education and childcare organisation). It appears in market listings of Dutch kinderopvang groups but its 2025 location count, ownership and leadership were not confirmed in this session because the search budget was exhausted. Use the LRK open data (houder-level export) to obtain exact location and child-place counts, and the KvK register for board members.",,decision maker not confirmed by search in this session (search budget exhausted); verify before outreach,2,https://www.un1ek.nl; https://www.kinderopvang-wijzer.nl/top-100-grootste-kinderopvangorganisaties-december-2025/,fr_benelux.json,,,
Zein International Childcare,kinderopvang organisation,NL,,The Hague / Amsterdam,,https://www.zeinchildcare.nl,,,,,,Bestuurder / Directeur,,,,,"Zein International Childcare is a Dutch childcare organisation (English-language international childcare chain for expat families). It appears in market listings of Dutch kinderopvang groups but its 2025 location count, ownership and leadership were not confirmed in this session because the search budget was exhausted. Use the LRK open data (houder-level export) to obtain exact location and child-place counts, and the KvK register for board members.",,decision maker not confirmed by search in this session (search budget exhausted); verify before outreach,2,https://www.zeinchildcare.nl; https://www.kinderopvang-wijzer.nl/top-100-grootste-kinderopvangorganisaties-december-2025/,fr_benelux.json,,,
Akasia Sædalen barnehage,independent unit,NO,,Bergen,,https://www.proff.no/selskap/akasia-s%C3%A6dalen-barnehage/bergen/pleie-og-omsorgstjenester/IGBAFW610K7/,,,,,Edle Damm,Daglig leder,,,,40813054 / 97422084,,,verified via WebSearch snippet (2026-09),2,https://www.proff.no/selskap/akasia-s%C3%A6dalen-barnehage/bergen/pleie-og-omsorgstjenester/IGBAFW610K7/,nordics.json,,,
Bærumsmarka FUS barnehage AS,independent unit (FUS chain),NO,,Bærum,,https://fus.no/baerumsmarka,,,,,Therese Young,Daglig leder (since Sept 2022),,,dl.baerumsmarka@bhg.no,+47 22 42 52 95,,,verified via WebSearch snippet (2026-09),2,https://fus.no/baerumsmarka,nordics.json,,,https://fus.no/baerumsmarka; https://fus.no/baerumsmarka/ansatte-i-barnehagen; https://www.baerum.kommune.no/tjenester/barnehage/alle-barnehager/barumsmarka-fus-barnehage/
Fjordbyen barnehage (ULNA),independent unit,NO,,Oslo,,https://fjordbyen.barnehage.no,,,,,Kristina Andreassen,Daglig leder,,,fjordbyen@ulna.no,+47 21090209,,,verified via WebSearch snippet (2026-09),2,https://fjordbyen.barnehage.no/File/Getfile/1ae748b9-f99d-4234-96a5-6a057995f4d7,nordics.json,,,https://fjordbyen.barnehage.no/informasjon/kontakt; https://fjordbyen.barnehage.no/File/Getfile/1ae748b9-f99d-4234-96a5-6a057995f4d7
Gnist Barnehager (now Norlandia),regional chain (absorbed),NO,,Ålesund / Oslo,,https://norlandiabarnehagene.no,"17 barnehager (Viken, Vestland, Møre og Romsdal, Trøndelag) - rebranded to Norlandia",,,founder-owned group (Norlandia); previously Altor (PE) 80% from 2018,,,,"Gunn-Marte Hasund - daglig leder, Gnist Barnehager Støylane (Ulsteinvik)",,,Founded by Bjørn and Kjersti Grønmyr; Altor bought 80% in 2018; sold entirely to Norlandia Preschools in 2021 (founders earned NOK 356m). Gnist properties were sold to an Australian fund. Units renamed Norlandia. Treat as part of Norlandia lead.,,verified via WebSearch snippet (2026-09),2,https://www.barnehage.no/gnist-barnehager-norlandia/selger-gnist-barnehagene-til-norlandia/223222; https://www.utdanningsnytt.no/barnehagefinansiering-gnist-kjeden-private-barnehager/tjente-356-millioner-pa-salg-av-gnist-barnehagene/208113,nordics.json,,,
Gnist Barnehager Støylane (Norlandia),independent unit,NO,,Ulsteinvik,,https://www.1881.no/barnehage-og-barnepark/barnehage-og-barnepark-moere-og-romsdal/barnehage-og-barnepark-ulsteinvik/gnist-barnehager-stoeylane_101092802S1/,,,,,Gunn-Marte Hasund,Daglig leder,,,leder.stoylane@gnistbarnehager.no,41292418,,,verified via WebSearch snippet (2026-09),2,https://www.1881.no/barnehage-og-barnepark/barnehage-og-barnepark-moere-og-romsdal/barnehage-og-barnepark-ulsteinvik/gnist-barnehager-stoeylane_101092802S1/,nordics.json,"gunn-marte.hasund@norlandia.com (Gunn-Marte Hasund, Daglig leder)",first-name.last@norlandia.com,https://stoylane.norlandiabarnehagene.no/kontakt-og-apningstider; https://www.1881.no/barnehage-og-barnepark/barnehage-og-barnepark-moere-og-romsdal/barnehage-og-barnepark-ulsteinvik/gnist-barnehager-stoeylane_101092802S1/
Hospitality Invest AS / Adolfsen Group,investor,NO,NO,Oslo,"Oslo, Norway",https://hospitalityinvest.no/,,,see 2024 annual report,Kristian and Roger Adolfsen,,CEO Hospitality Invest - not confirmed,,name: Johnny Sundal; title: Board member; CEO Norlandia Eiendom,,,"Hospitality Invest is the Adolfsen brothers' holding with segments Care (Norlandia Preschools, Norlandia Care), Staffing, Hotels and Other; it publishes annual reports and NHC Group bond reports. Sector partner: Norlandia Preschools (433 units, 6 countries). Hooks: group-level cost focus and bond reporting.",not confirmed,,2,https://hospitalityinvest.no/wp-content/uploads/2025/09/HI-Annual-Report-2024.pdf,paneuro.json,,,
Prestagardskogen FUS barnehage,independent unit (FUS chain),NO,,Nordbygda,,https://fus.no/prestagardskogen,,,,,Anne Kristin Aaseth,Daglig leder (since 2002),,,,52 70 44 74,,,verified via WebSearch snippet (2026-09),2,https://fus.no/prestagardskogen,nordics.json,,,
Trollskogen Barnehage (SA / chain),small chain,NO,,Alversund (Alver),,https://trollskogen.barnehage.no,"4+ units: Alversund, Måløy, Raufoss, Oslo (Bjørndal)",,,cooperative/founder (SA),Vera Søpstad,"Daglig leder, Trollskogen Barnehage (Alversund, hovedkontor)",,Lene Reed - daglig leder Måløy (+47 419 33 331); Lise Bjørkli Hilsen - daglig leder Raufoss; Ann-Kristin Sandvik - daglig leder Oslo/Bjørndal (+47 414 53 496),post@trollskogen-barnehage.no,+47 995 19 798,"Trollskogen is a small multi-site barnehage brand with units in Alver, Måløy, Raufoss and Oslo, each with its own daglig leder and barnehage.no-hosted website (Mykid/barnehage.no platform). Small but names confirmed.",,verified via WebSearch snippet (2026-09),2,https://trollskogen.barnehage.no/informasjon/kontakt; https://trollskogenmaaloy.barnehage.no/informasjon/kontakt; https://trollskogenoslo.barnehage.no/informasjon/ansattliste,nordics.json,,,https://trollskogen.barnehage.no/informasjon/kontakt; https://trollskogen.barnehage.no/informasjon/ansattliste
Trollskogen barnehage Måløy,independent unit,NO,,Måløy,,https://trollskogenmaaloy.barnehage.no,,,,,Lene Reed,Daglig leder,,,,+47 419 33 331,,,verified via WebSearch snippet (2026-09),2,https://trollskogenmaaloy.barnehage.no/informasjon/kontakt,nordics.json,"lene@trollskogenbhg.no (Lene Reed, Daglig leder)",,https://trollskogenmaaloy.barnehage.no/informasjon/kontakt; https://trollskogenmaaloy.barnehage.no/informasjon/ansattliste
Trollskogen barnehage Oslo (Bjørndal),independent unit,NO,,Oslo,,https://trollskogenoslo.barnehage.no,,,,,Ann-Kristin Sandvik,Daglig leder,,,,+47 414 53 496,,,verified via WebSearch snippet (2026-09),2,https://trollskogenoslo.barnehage.no/informasjon/ansattliste,nordics.json,"dl@trollskogen.no (Ann-Kristin Sandvik, Daglig leder)",,https://trollskogenoslo.barnehage.no/informasjon/kontakt
Trollskogen barnehage Raufoss,independent unit,NO,,Raufoss,,https://trollskogenraufoss.barnehage.no,,,,,Lise Bjørkli Hilsen,Daglig leder,,,post@trollskogenraufoss.no,+47 61 19 80 70 (main); +47 957 69 517 (Hilsen),,,verified via WebSearch snippet (2026-09),2,https://trollskogenraufoss.barnehage.no/informasjon/ansattliste,nordics.json,"lise@trollskogenraufoss.no (Lise Bjørkli Hilsen, Daglig leder)",first@trollskogenraufoss.no,https://trollskogenraufoss.barnehage.no/Informasjon/Kontakt
ULNA Vang aktivitetsbarnehage,independent unit,NO,,Hamar,,https://www.hamar.kommune.no/barnehagene/private-barnehager/ulna-vang-aktivitetsbarnehage/,,,,,Christine Gleditsch,Daglig leder,,,,+47 480 50 659,,,verified via WebSearch snippet (2026-09),2,https://www.hamar.kommune.no/barnehagene/private-barnehager/ulna-vang-aktivitetsbarnehage/,nordics.json,"Christine.gleditsch@ulna.no (Christine Gleditsch, Daglig leder / Styrer)",first.last@ulna.no,https://vangaktivitets.barnehage.no/informasjon/kontakt; https://www.hamar.kommune.no/barnehagene/private-barnehager/ulna-vang-aktivitetsbarnehage/
Fair Play – Niepubliczne Przedszkola i Żłobki Sportowo-Językowe (System FAIR PLAY),chain + franchise,PL,,Wrocław,,https://systemfairplay.pl,"Sites in Wrocław, Kraków, Warsaw-Ursynów (exact count not confirmed) – 2025",,,"Private (Niepubliczne Przedszkole i Żłobek Fair Play, KRS; est. 2017)",,,,,,,"Fair Play is a sports-and-language preschool/nursery concept ('education through sport') started in 2017 with sites in Wrocław, Kraków and Warsaw and a franchise offer under the 'System FAIR PLAY' brand. Franchisees choose a location approved by the franchisor. A forum thread on franchising.pl contains franchisee complaints, so diligence is advised.",,Decision maker not confirmed in this session (search budget exhausted); verify via website/LinkedIn/registry.,2,https://systemfairplay.pl/oferta-franczyzowa/; https://przedszkolefairplay.info.pl/franczyza/; https://www.krs-online.com.pl/firma/8135302-niepubliczne-przedszkole-i-zlobek-fair-play,cee.json,,,
"MOC Montessori (żłobek i przedszkole, Warszawa Białołęka)",independent,PL,,Warsaw,,https://mocmontessori.pl,1–2 (Białołęka),,,"Private, founder Katarzyna Lis",Katarzyna Lis,Founder,,,kontakt@mocmontessori.pl,+48 668 555 124,MOC Montessori is a Montessori nursery and preschool in Warsaw's Białołęka district founded by Katarzyna Lis. Listed by Our Kids among Warsaw Montessori schools. Small independent with founder as decision maker.,,,2,https://mocmontessori.pl/; https://www.ourkids.net/pl-en/montessori-schools-in-warsaw.php,cee.json,,,https://mocmontessori.pl/o-nas/; https://przedszkola24.pl/baza-przedszkoli/mazowieckie/bialoleka/przedszkole-moc-montessori-5788/
"Modelowa Edukacja Montessori (Modelowy Żłobek i Przedszkole Montessori, Białołęka)",small network,PL,,Warsaw,,https://montessoriwaw.eu,network of Montessori sites in Warsaw (count not confirmed),,,Private,,,,,,,Modelowa Edukacja Montessori operates a network of Montessori nursery/preschool sites in Warsaw (Białołęka). Listed by Our Kids. Owner not confirmed.,,Decision maker not confirmed in this session (search budget exhausted); verify via website/LinkedIn/registry.,2,https://montessoriwaw.eu/; https://www.ourkids.net/pl-en/montessori-schools-in-warsaw.php,cee.json,,,
Montessori Stepping Stones (Warszawa),independent,PL,,Warsaw,,https://www.montessoristeppingstones.pl,1,,,"Private, run by Karolina Czarnecka",Karolina Czarnecka,Head / Owner,,,office@montessoristeppingstones.pl,+48 728 939 582,"Montessori Stepping Stones is a private bilingual Montessori preschool in Warsaw run by Karolina Czarnecka, listed by Our Kids among Warsaw Montessori schools. Small independent.",,,2,https://www.montessoristeppingstones.pl/pl/; https://www.ourkids.net/pl-en/montessori-schools-in-warsaw.php,cee.json,,,https://www.montessoristeppingstones.pl/en/; https://kidsinthecity.pl/listing/montessori-stepping-stones-preschool/
CLIP - Oporto International School,international school with early years,PT,,Porto,Porto,https://www.clip.pt,1 campus,,,Private,,,,,,,CLIP offers a Cambridge/IB pathway starting with early years (age 3) in Porto. Private ownership; single-site buyer.,,Not verified by web search this session (search budget exhausted after 24 queries); from prior knowledge - verify before outreach.,2,https://www.clip.pt,south.json,,,
Carlucci American International School of Lisbon (CAISL),international school with early childhood,PT,,Sintra,"Linhó, Sintra",https://www.caislisbon.org,1 campus,,,Non-profit,,,,,,,CAISL is Lisbon's American international school with an early-childhood programme from age 3. Non-profit board-governed.,,Not verified by web search this session (search budget exhausted after 24 queries); from prior knowledge - verify before outreach.,2,https://www.caislisbon.org,south.json,,,
Colégio Moderno,private school with pré-escolar,PT,,Lisbon,Lisbon,https://www.colegiomoderno.pt,1 campus,,,"Private, family-owned (Soares family)",,,,,,,"Historic Lisbon private school with pré-escolar through secondary, family-owned. Single campus.",,Not verified by web search this session (search budget exhausted after 24 queries); from prior knowledge - verify before outreach.,2,https://www.colegiomoderno.pt,south.json,,,
Colégio Valsassina,private school with pré-escolar,PT,,Lisbon,Lisbon,https://www.colegiovalsassina.pt,1 campus,,,"Private, family-owned",,,,,,,Historic Lisbon private school (1898) with pré-escolar through secondary on a large campus in Marvila. Family-run and innovation-minded.,,Not verified by web search this session (search budget exhausted after 24 queries); from prior knowledge - verify before outreach.,2,https://www.colegiovalsassina.pt,south.json,,,
Colégio dos Plátanos,private school with creche and pré-escolar,PT,,Rio de Mouro (Sintra),"Rio de Mouro, Sintra",https://www.colegiodosplatanos.pt,1 campus,,,Private,,,,,,,"Colégio dos Plátanos is a large private school in Sintra offering creche, pré-escolar and all basic/secondary cycles on one campus. Well-regarded, family-run. Single-site buyer.",,Not verified by web search this session (search budget exhausted after 24 queries); from prior knowledge - verify before outreach.,2,https://www.colegiodosplatanos.pt,south.json,,,
Ensinus - Estudos Superiores e Técnicos / Grupo Ensinus,private education group (creche to higher education),PT,,Lisbon,Lisbon,https://www.ensinus.pt,,,,Private group,,,,,,,Grupo Ensinus owns several colégios in the Lisbon area (e.g. Colégio de São Tomás? - verify) plus professional and higher-education institutions; its colégios include creche and pré-escolar. Central management in Lisbon.,,Not verified by web search this session (search budget exhausted after 24 queries); from prior knowledge - verify before outreach.,2,https://www.ensinus.pt,south.json,,,
Oporto British School,international school with early years,PT,,Porto,Porto,https://www.obs.edu.pt,1 campus,,,Non-profit,,,,,,,Oldest British school in continental Europe (1894) with a Foundation Stage from age 3. Board-governed non-profit.,,Not verified by web search this session (search budget exhausted after 24 queries); from prior knowledge - verify before outreach.,2,https://www.obs.edu.pt,south.json,,,
Redbridge School (Inspired Education),international school with early years,PT,,Lisbon,Lisbon,https://www.redbridge-school.com,1 campus,,,Inspired Education Group,,,,,,,"Redbridge is Inspired's bilingual Lisbon school with early years from age 2, part of the Iberian cluster with King's College Spain.",,Not verified by web search this session (search budget exhausted after 24 queries); from prior knowledge - verify before outreach.,2,https://www.redbridge-school.com,south.json,,,
American International School of Bucharest (Early Childhood),international school (non-profit),RO,,Voluntari (Bucharest),,https://www.aisb.ro,,,,"Non-profit, board-governed",,,,,,,AISB is the largest international school in Romania with an early-childhood centre. Director not confirmed this session.,,Organisation known from prior knowledge only; NOT verified by web search in this session (search budget exhausted). Verify before outreach. Decision maker not confirmed in this session (search budget exhausted); verify via website/LinkedIn/registry.,2,https://www.aisb.ro,cee.json,,,
Avenor College (grădiniță),independent school with kindergarten,RO,,Bucharest / Voluntari,,https://www.avenor.ro,,,,Private,,,,,,,Avenor College is a Bucharest private school group with a kindergarten section. Management not verified this session.,,Organisation known from prior knowledge only; NOT verified by web search in this session (search budget exhausted). Verify before outreach. Decision maker not confirmed in this session (search budget exhausted); verify via website/LinkedIn/registry.,2,https://www.avenor.ro,cee.json,,,
British School of Bucharest (Early Years),international school with early years,RO,,Voluntari (Bucharest),,https://www.britishschool.ro,,,,Private,,,,,,,BSB offers EYFS nursery and reception classes on its Voluntari campus. Head not confirmed this session.,,Organisation known from prior knowledge only; NOT verified by web search in this session (search budget exhausted). Verify before outreach. Decision maker not confirmed in this session (search budget exhausted); verify via website/LinkedIn/registry.,2,https://www.britishschool.ro,cee.json,,,
Cambridge School of Bucharest (kindergarten),independent international school with kindergarten,RO,,Bucharest,,https://www.cambridgeschool.ro,,,,Private,,,,,,,Cambridge School of Bucharest runs a kindergarten alongside its British-curriculum school. Management not verified this session.,,Organisation known from prior knowledge only; NOT verified by web search in this session (search budget exhausted). Verify before outreach. Decision maker not confirmed in this session (search budget exhausted); verify via website/LinkedIn/registry.,2,https://www.cambridgeschool.ro,cee.json,,,
Genesis College (grădiniță + școală),independent school with kindergarten,RO,,Bucharest,,https://www.genesis.ro,,,,Private,,,,,,,"Genesis College is a Bucharest private school with kindergarten, primary and secondary levels. Management not verified this session.",,Organisation known from prior knowledge only; NOT verified by web search in this session (search budget exhausted). Verify before outreach. Decision maker not confirmed in this session (search budget exhausted); verify via website/LinkedIn/registry.,2,https://www.genesis.ro,cee.json,,,
Kids Palace (Grădinița Kids Palace),local chain,RO,,Bucharest,,https://www.kidspalace.ro,several Bucharest units (count not verified),,,Private,,,,,,,Kids Palace is a Bucharest private kindergarten brand with multiple units and after-school services. Management not verified this session.,,Organisation known from prior knowledge only; NOT verified by web search in this session (search budget exhausted). Verify before outreach. Decision maker not confirmed in this session (search budget exhausted); verify via website/LinkedIn/registry.,2,https://www.kidspalace.ro,cee.json,,,
Little London International Academy (kindergarten + school),independent international school with kindergarten,RO,,Bucharest (Pipera),,https://www.littlelondon.ro,,,,Private,,,,,,,Little London is a Bucharest (Pipera) British-curriculum kindergarten and school group with several sites. Management not verified this session.,,Organisation known from prior knowledge only; NOT verified by web search in this session (search budget exhausted). Verify before outreach. Decision maker not confirmed in this session (search budget exhausted); verify via website/LinkedIn/registry.,2,https://www.littlelondon.ro,cee.json,,,
Mark Twain International School (kindergarten),independent international school with kindergarten,RO,,Bucharest / Voluntari,,https://www.marktwainschool.ro,,,,Private,,,,,,,Mark Twain International School is an IB school in the Bucharest area with a kindergarten section. Management not verified this session.,,Organisation known from prior knowledge only; NOT verified by web search in this session (search budget exhausted). Verify before outreach. Decision maker not confirmed in this session (search budget exhausted); verify via website/LinkedIn/registry.,2,https://www.marktwainschool.ro,cee.json,,,
Olga Gudynn International School (kindergarten + school),independent international school with kindergarten,RO,,Bucharest / Voluntari,,https://www.olgagudynn.ro,,,,"Private, founder Olga Gudynn",Olga Gudynn,Founder (title/current role not confirmed),,,office@olgagudynn.ro; floreasca@olgagudynn.ro; pipera@olgagudynn.ro; fagaras@olgagudynn.ro,,"Olga Gudynn International School is a Bucharest-area private school group with kindergarten, primary and secondary sections, named after and founded by Olga Gudynn. Current executive role not verified this session.",,Organisation known from prior knowledge only; NOT verified by web search in this session (search budget exhausted). Verify before outreach.,2,https://www.olgagudynn.ro,cee.json,,,https://olgagudynn.ro/en/contact/; https://olgagudynn.ro/en/about-us/
Transylvania College Cluj (kindergarten),independent international school with kindergarten,RO,,Cluj-Napoca,,https://www.transylvania-college.ro,,,,Private,,,,,,,"Transylvania College is Cluj's main private international school, with kindergarten through secondary. Management not verified this session.",,Organisation known from prior knowledge only; NOT verified by web search in this session (search budget exhausted). Verify before outreach. Decision maker not confirmed in this session (search budget exhausted); verify via website/LinkedIn/registry.,2,https://www.transylvania-college.ro,cee.json,,,
International School of Belgrade,international school with early years,RS,,Belgrade,Belgrade (Senjak),https://www.isb.rs,1 (2025),,,Non-profit,,,,,,,ISB is a non-profit IB international school in Belgrade with an early-years programme. Decision maker not confirmed via search; verify on website/registry before outreach. Premium single site.,,,2,https://www.isb.rs,other.json,,,
Dibber Helianthus Förskola AB,chain (Dibber),SE,,Sollentuna,,https://dibber.se,,,,founder-owned (Dibber),Mari Hannele Puoskari / Johannes Stiigh (conflicting sources),VD,,,info@dibber.se,08-33 39 00 (Helianthus); 08-684 468 00 (Dibber Sverige AB),"Former Helianthus chain (Stockholm, incl. Vårby) now a Dibber subsidiary (org.nr 556626-0534). Handle via Dibber Sverige.",,verified via WebSearch snippet (2026-09),2,https://www.bolagsfakta.se/5566260534-Dibber_Helianthus_Forskola_AB,nordics.json,,,https://dibber.se/om-dibber/kontakt-dibber-sverige/; https://www.allabolag.se/foretag/dibber-helianthus-f%C3%B6rskola-ab/-/skolor-och-utbildning/2K20A46I63IKI; https://www.bolagsfakta.se/5566260534-Dibber_Helianthus_Forskola_AB
Futuraskolan,school+preschool chain,SE,,Stockholm,,https://futuraskolan.se,,,,not verified,,,,,,,International-profile schools and preschools in Stockholm county. Not verified in this session.,,from background knowledge only - NOT verified by search in this session; decision maker not confirmed,2,,nordics.json,,,
Internationella Engelska Skolan (IES) - förskola,school group with preschools,SE,,Stockholm,,https://engelska.se,,,,PE-backed (Paradigm/ Bock Capital) - not verified,,,,,,,IES operates a small number of bilingual preschools alongside its ~45 compulsory schools. Not verified in this session.,,from background knowledge only - NOT verified by search in this session; decision maker not confirmed,2,,nordics.json,,,
Kids2Home,chain,SE,,Stockholm,,https://kids2home.se,,,,founder-owned (not verified),,,,,,,Stockholm-area preschool chain (multiple units). Not verified in this session.,,from background knowledge only - NOT verified by search in this session; decision maker not confirmed,2,,nordics.json,,,
Kunskapsförskolan (Kunskapsskolan),chain,SE,,Stockholm,,https://kunskapsskolan.se,,,,founder-owned (Peje Emilsson) - not verified,,,,,,,Preschool brand of Kunskapsskolan; small number of units. Not verified in this session.,,from background knowledge only - NOT verified by search in this session; decision maker not confirmed,2,,nordics.json,,,
Montessori Mondial (AcadeMedia),chain,SE,,Stockholm,,https://montessorimondial.se,,,,listed (AcadeMedia AB),,,,,,,Montessori preschool/school brand within AcadeMedia's Swedish preschool segment (named in AcadeMedia's preschool brand list).,,verified via WebSearch snippet (2026-09) (brand mention only); details not confirmed,2,https://academedia.se/vara-utbildningar/forskolor,nordics.json,,,
Vittra (AcadeMedia),school+preschool chain,SE,,Stockholm,,https://vittra.se,14 förskolor (13 integrated with schools),,,listed (AcadeMedia AB),,,,,,,Vittra runs 14 preschools mostly integrated with its grundskolor across Sweden; part of AcadeMedia. Leader name not confirmed.,,verified via WebSearch snippet (2026-09); leader not confirmed,2,https://vittra.se/vara-forskolor/; https://vittra.se/om/,nordics.json,,,
British International School of Ljubljana,international school with early years,SI,,Ljubljana,Ljubljana,https://www.britishschool.si,1 (2025),,,Private (Orbital Education - background knowledge),,,,,,,"BISL is a private international school in Ljubljana with an early-years section, part of Orbital Education (from background knowledge, unverified in this session). Decision maker not confirmed via search; verify on website/registry before outreach. Premium single site. Mid priority.",,,2,https://www.britishschool.si,other.json,,,
Montessori - zavod zasebni vrtec Cinca Binca,private Montessori kindergarten,SI,,Ljubljana,"Spodnji Rudnik II 47, 1000 Ljubljana",,1 (2025),,,Private zavod,Danijel Janjevak,Director,,,info@montessorivrtec.si,030 318 000 / +386 40 545 480,Cinca Binca is a private Montessori kindergarten in Ljubljana directed by Danijel Janjevak. Single site. Low priority.,,,2,https://www.mojaobcina.si/ljubljana/imenik/montessori---zavod-zasebni-vrtec-cinca-binca-za-vzgojo-in-izobrazevanje.html,other.json,,,https://www.bizi.si/MONTESSORI-VRTEC-HISA-OTROK-CINCA-BINCA/; https://www.mojaobcina.si/ljubljana/imenik/montessori---zavod-zasebni-vrtec-cinca-binca-za-vzgojo-in-izobrazevanje.html
Zasebni vrtec Metulj,private kindergarten,SI,,Ljubljana,"Podutiška c. 76, 1000 Ljubljana",,1 (2025),,,Private,Nives Jurman,Direktorica,,,info@vrtec-metulj.si,+386 1 320 42 20; +386 41 454 930,Metulj is a private kindergarten in Ljubljana led by director Nives Jurman. Single site. Low priority.,,,2,https://www.ljubljana.si/sl/moja-ljubljana/otroci-v-ljubljani/vrtci-v-ljubljani-2/seznam-vrtcev-v-ljubljani/,other.json,"nives.jurman@vrtec-metulj.si (Nives Jurman, Direktorica)",first.last@vrtec-metulj.si,https://www.ljubljana.si/sl/moja-ljubljana/otroci-v-ljubljani/vrtci-v-ljubljani-2/seznam-vrtcev-v-ljubljani/; https://www.bizi.si/ZASEBNI-VRTEC-METULJ-D-O-O/
Zavod G-rega - Zasebni vrtec Znajček,private sports kindergarten (2 units),SI,,Ljubljana,Ljubljana,http://www.g-rega.si,"2 units / 4 departments (Zalog, Ježica-Lagune)",,,Private zavod,,,,,,,Znajček is a co-financed 'all inclusive' sports-oriented private kindergarten run by Zavod G-rega with units in Zalog and Ježica (Lagune). Decision maker not confirmed via search; verify on website/registry before outreach. Small two-site operator. Mid-low priority.,,,2,http://www.g-rega.si/sportni-vrtec-znajcek-cenik,other.json,,,
British International School Bratislava (Nord Anglia) – Early Years,international school group (Nord Anglia),SK,,Bratislava,,https://www.nordangliaeducation.com/bis-bratislava,,,,Nord Anglia Education,,,,,,,BISB is Nord Anglia's Bratislava school with an early-years/nursery section. Group-level procurement. Head not confirmed this session.,,Organisation known from prior knowledge only; NOT verified by web search in this session (search budget exhausted). Verify before outreach. Decision maker not confirmed in this session (search budget exhausted); verify via website/LinkedIn/registry.,2,https://www.nordangliaeducation.com/bis-bratislava,cee.json,,,
Cambridge International School Bratislava (kindergarten),international school with kindergarten,SK,,Bratislava,,https://www.cambridgeschool.eu,,,,Private,,,,,,,Cambridge International School in Bratislava offers a kindergarten through secondary British programme. Leadership not confirmed this session.,,Organisation known from prior knowledge only; NOT verified by web search in this session (search budget exhausted). Verify before outreach. Decision maker not confirmed in this session (search budget exhausted); verify via website/LinkedIn/registry.,2,https://www.cambridgeschool.eu,cee.json,,,
Galileo School (súkromná materská škola + ZŠ),independent school group with kindergarten,SK,,Bratislava,,https://www.galileoschool.sk,,,,Private,,,,,,,Galileo School is a Bratislava private school group with a kindergarten and primary/secondary school. Leadership not confirmed this session.,,Organisation known from prior knowledge only; NOT verified by web search in this session (search budget exhausted). Verify before outreach. Decision maker not confirmed in this session (search budget exhausted); verify via website/LinkedIn/registry.,2,https://www.galileoschool.sk,cee.json,,,
QSI International School of Bratislava (Preschool),international school (Quality Schools International network),SK,,Bratislava,,https://bratislava.qsi.org,,,,QSI (US non-profit network),,,,,,,QSI Bratislava is part of the Quality Schools International network and runs preschool classes from age 2/3. Director not confirmed this session.,,Organisation known from prior knowledge only; NOT verified by web search in this session (search budget exhausted). Verify before outreach. Decision maker not confirmed in this session (search budget exhausted); verify via website/LinkedIn/registry.,2,https://bratislava.qsi.org,cee.json,,,
Anaçağ Anaokulları,kindergarten franchise chain,TR,,Istanbul,Istanbul,https://www.anacag.k12.tr,multiple franchise branches (verify),,,Private franchise,,,,,,,Anaçağ Anaokulları is a kindergarten brand recruiting franchise representatives via its website. Decision maker not confirmed via search; verify on website/registry before outreach.,,,2,https://www.anacag.k12.tr/?sayfa=temsilcimiz-olun,other.json,,,
Eyüboğlu Eğitim Kurumları,K-12 with anaokulu,TR,,Istanbul,Istanbul,https://www.eyuboglu.k12.tr,several Istanbul campuses (verify),,,Private,,,,,,,Eyüboğlu is a long-established premium K-12 group in Istanbul with kindergarten units. Decision maker not confirmed via search; verify on website/registry before outreach.,,,2,https://www.eyuboglu.k12.tr,other.json,,,
Kaşif Çocuk Akademisi,kindergarten chain,TR,,Istanbul,Istanbul,,chain under development (Retail Türkiye),,,Private,Hamit Akçay,Founder (Dr.),,,bilgi@kasifcocuk.com; info@kasifcocuk.com,+90 537 266 20 90,"Kaşif Çocuk Akademisi is a kindergarten chain founded by Dr Hamit Akçay, former general manager of the Kim Markets retail chain, to roll out a new education model. Current branch count not confirmed. Mid priority.",,,2,https://retailturkiye.com/firmalardan/hamit-akcay-anaokulu-zinciri-kuruyor/,other.json,,,https://www.kasifcocuk.com/tr/iletisim; https://www.linkedin.com/in/do%C3%A7-dr-hamit-ak%C3%A7ay-54281aa1/
Özel Atacan Eğitim Kurumları,private school group with anaokulu,TR,,Istanbul,Istanbul,,1+ (anaokulu since 1989),,,Private (Tavukçuoğlu family),Yusuf Tavukçuoğlu,Kurucu Temsilcisi (founder representative),,,atacan@atacan.k12.tr,"+90 216 410 77 80 (Kozyatağı), +90 312 240 84 83 (Ankara Çayyolu)","Atacan Eğitim Kurumları is an Istanbul private school group whose kindergarten opened in 1989. Founder representative Yusuf Tavukçuoğlu publicly opposes franchising in education, so it is a single-owner multi-level school. Mid priority.",,,2,https://www.hurriyet.com.tr/egitim/ozel-atacan-egitim-kurumlari-kurucu-temsilcisi-yusuf-tavukcuoglu-egitimde-franchise-olmaz-41311568,other.json,,,https://www.atacan.k12.tr/iletisim/; https://www.hurriyet.com.tr/egitim/ozel-atacan-egitim-kurumlari-kurucu-temsilcisi-yusuf-tavukcuoglu-egitimde-franchise-olmaz-41311568
British International School Ukraine,private school group with kindergarten,UA,,Kyiv,Kyiv,https://bisu.kiev.ua,multiple campuses (Kyiv; Dnipro - verify),,,Private,,,,,,,BISU is a private British-curriculum school group in Kyiv with a kindergarten section and more than one campus. Decision maker not confirmed via search; verify on website/registry before outreach. Verify wartime operations.,,,2,https://bisu.kiev.ua,other.json,,,
Montessori Center Kyiv (montessori.com.ua),private Montessori kindergarten,UA,,Kyiv,Kyiv - Darnytsia,https://montessori.com.ua,"1+ (2025, Darnytsia)",,,Private,,,,,,,Montessori Center runs a private Montessori kindergarten in Kyiv's Darnytsia district. Decision maker not confirmed via search; verify on website/registry before outreach. Low-mid priority.,,,2,https://montessori.com.ua/sadik/,other.json,,,
Pechersk School International,international school with early childhood,UA,,Kyiv,Kyiv,https://www.psi.kiev.ua,1 (2025),,,Non-profit,,,,,,,PSI is Kyiv's main IB international school with an early-childhood section. Operations affected by war; verify current enrolment. Decision maker not confirmed via search; verify on website/registry before outreach.,,,2,https://www.psi.kiev.ua,other.json,,,
American School of Kosova,private school with preschool,XK,,Pristina,Pristina,https://ask-ks.org,1 (2025),,,Private,,,,,,,American School of Kosova is a private English-medium school in Pristina with pre-school. Decision maker not confirmed via search; verify on website/registry before outreach. Single site.,,,2,https://ask-ks.org,other.json,,,
Amadeus International School Vienna - Kindergarten,international-school-kindergarten,AT,,Wien,Wien,https://www.amadeus-vienna.com,1 site (or network - see background),,,privately owned / non-profit (site-level),,Head of Early Years,,,,,Music-focused international school with kindergarten (age 3+).,Decision maker NOT confirmed by search in this session (search budget exhausted); verify via Impressum/LinkedIn before outreach.,Director not confirmed - budget for web search was exhausted before independents could be verified.,1,https://www.amadeus-vienna.com,dach.json,,,
American International School Vienna - Early Childhood,international-school-kindergarten,AT,,Wien,Wien,https://www.ais.at,1 site (or network - see background),,,privately owned / non-profit (site-level),,Elementary Principal,,,,,Pre-K from age 3.,Decision maker NOT confirmed by search in this session (search budget exhausted); verify via Impressum/LinkedIn before outreach.,Director not confirmed - budget for web search was exhausted before independents could be verified.,1,https://www.ais.at,dach.json,,,
Danube International School Vienna - Early Years,international-school-kindergarten,AT,,Wien,Wien,https://www.danubeschool.com,1 site (or network - see background),,,privately owned / non-profit (site-level),,Head of Early Years,,,,,IB school with early years programme.,Decision maker NOT confirmed by search in this session (search budget exhausted); verify via Impressum/LinkedIn before outreach.,Director not confirmed - budget for web search was exhausted before independents could be verified.,1,https://www.danubeschool.com,dach.json,,,
Vienna Elementary School (VES) - Kindergarten,international-school-kindergarten,AT,,Wien,Wien,https://www.ves.at,1 site (or network - see background),,,privately owned / non-profit (site-level),,Director,,,,,Bilingual private elementary with kindergarten.,Decision maker NOT confirmed by search in this session (search budget exhausted); verify via Impressum/LinkedIn before outreach.,Director not confirmed - budget for web search was exhausted before independents could be verified.,1,https://www.ves.at,dach.json,,,
Vienna International School - Early Learning Centre,international-school-kindergarten,AT,,Wien,Wien,https://www.vis.ac.at,1 site (or network - see background),,,privately owned / non-profit (site-level),,Primary/Early Years Principal,,,,,Largest international school in Vienna; Early Learning from age 3.,Decision maker NOT confirmed by search in this session (search budget exhausted); verify via Impressum/LinkedIn before outreach.,Director not confirmed - budget for web search was exhausted before independents could be verified.,1,https://www.vis.ac.at,dach.json,,,
Cobepa,investor,BE,BE,Brussels,,https://www.cobepa.com/,,,,Family-backed investment company,,,,,,,Former Babilou investor; sold to Antin in 2020. Historic relevance only.,not confirmed,,1,https://www.cobepa.com/en/News/Cobepa-closed-the-sale-of-Babilou-Family-to-Antin-Infrastructure-Partners,paneuro.json,,,
Deutsche Schule Sofia – Kindergarten,international (German) school with kindergarten,BG,,Sofia,,https://www.dssofia.bg,,,,Association / German school abroad,,,,,,,The German School Sofia includes a kindergarten. Leadership not verified this session.,,Organisation known from prior knowledge only; NOT verified by web search in this session (search budget exhausted). Verify before outreach. Decision maker not confirmed in this session (search budget exhausted); verify via website/LinkedIn/registry.,1,https://www.dssofia.bg,cee.json,,,
"Private kindergartens Sofia listed in brief (Zornitsa, Kidzania, Little Star, Abacus, Little Wonders)",unverified brands,BG,,Sofia,,,,,,,,,,,,,Brand names given in the brief; none verified this session. Use the MON register (see sources file) filtered to 'частна детска градина' to build the domestic list.,,Placeholder – verify via МОН register.,1,,cee.json,,,
Onex Corporation,investor,CA,CA; GB,Toronto,,https://www.onex.com/,,,,TSX listed,,,,,,,"Onex acquired KidsFoundation (NL) in 2018-2019 and merged it into Partou with Waterland, then exited in 2022. No current European childcare holding confirmed; low relevance.",not confirmed,,1,https://www.mr-online.nl/kinderopvangbedrijf-kidsfoundation-in-handen-van-engelse-private-equity-firm-onex/,paneuro.json,,,
Inter-Community School Zurich - Early Years,independent,CH,,Zürich,Zürich,https://www.icsz.ch,1 site (or network - see background),,,privately owned / non-profit (site-level),,Early Years Principal,,,,,IB continuum school with early years from age 3.,Decision maker NOT confirmed by search in this session (search budget exhausted); verify via Impressum/LinkedIn before outreach.,Director not confirmed - budget for web search was exhausted before independents could be verified.,1,https://www.icsz.ch,dach.json,,,
International School Basel - Early Years,international-school-kindergarten,CH,,Reinach,Reinach,https://www.isbasel.ch,1 site (or network - see background),,,privately owned / non-profit (site-level),,Early Years Principal,,,,,Large IB school with Early Years programme.,Decision maker NOT confirmed by search in this session (search budget exhausted); verify via Impressum/LinkedIn before outreach.,Director not confirmed - budget for web search was exhausted before independents could be verified.,1,https://www.isbasel.ch,dach.json,,,
International School of Zug and Luzern - Early Years,international-school-kindergarten,CH,,Zug,Zug,https://www.iszl.ch,1 site (or network - see background),,,privately owned / non-profit (site-level),,Early Years Principal,,,,,Riverside/Zug campuses with early years programme.,Decision maker NOT confirmed by search in this session (search budget exhausted); verify via Impressum/LinkedIn before outreach.,Director not confirmed - budget for web search was exhausted before independents could be verified.,1,https://www.iszl.ch,dach.json,,,
Montessori Schule Zürich / Kinderhaus,independent,CH,,Zürich,Zürich,https://www.montessori-schule-zuerich.ch,1 site (or network - see background),,,privately owned / non-profit (site-level),,Schulleitung,,,,,Established Zurich Montessori Kinderhaus and school.,Decision maker NOT confirmed by search in this session (search budget exhausted); verify via Impressum/LinkedIn before outreach.,Director not confirmed - budget for web search was exhausted before independents could be verified.,1,https://www.montessori-schule-zuerich.ch,dach.json,,,
Rudolf Steiner Schule Zürich - Kindergarten,independent,CH,,Zürich,Zürich,https://www.steinerschule-zuerich.ch,1 site (or network - see background),,,privately owned / non-profit (site-level),,Kindergarten Leitung,,,,,Waldorf kindergarten within long-established Steiner school.,Decision maker NOT confirmed by search in this session (search budget exhausted); verify via Impressum/LinkedIn before outreach.,Director not confirmed - budget for web search was exhausted before independents could be verified.,1,https://www.steinerschule-zuerich.ch,dach.json,,,
"SIS Swiss International School (Kindergarten network, 16 schools CH/DE)",international-school-kindergarten,CH,,Zürich,Zürich,https://www.swissinternationalschool.ch,1 site (or network - see background),,,privately owned / non-profit (site-level),,CEO,,,,,Bilingual school group (Klett/Kalaidos joint venture) with kindergartens at most of its 16+ Swiss and German campuses; group-level lead.,Decision maker NOT confirmed by search in this session (search budget exhausted); verify via Impressum/LinkedIn before outreach.,Director not confirmed - budget for web search was exhausted before independents could be verified.,1,https://www.swissinternationalschool.ch,dach.json,,,
Waldkindergarten Zürich (Verein Waldkinder Zürich),independent,CH,,Zürich,Zürich,https://www.waldkinder-zuerich.ch,1 site (or network - see background),,,privately owned / non-profit (site-level),,Leitung,,,,,Forest kindergarten association in Zurich; representative of Swiss Waldspielgruppen/Waldkitas.,Decision maker NOT confirmed by search in this session (search budget exhausted); verify via Impressum/LinkedIn before outreach.,Director not confirmed - budget for web search was exhausted before independents could be verified.,1,https://www.waldkinder-zuerich.ch,dach.json,,,
Zurich International School - Early Childhood (Wädenswil),international-school-kindergarten,CH,,Wädenswil,Wädenswil,https://www.zis.ch,1 site (or network - see background),,,privately owned / non-profit (site-level),,Early Childhood Principal,,,,,Largest international school in Switzerland; Early Childhood Center.,Decision maker NOT confirmed by search in this session (search budget exhausted); verify via Impressum/LinkedIn before outreach.,Director not confirmed - budget for web search was exhausted before independents could be verified.,1,https://www.zis.ch,dach.json,,,
kibesuisse (Verband Kinderbetreuung Schweiz) - member directory,association,CH,,Zürich,,https://www.kibesuisse.ch,"c. 1,000+ member institutions",,,association,,,,,,,"Not an operator but the Swiss childcare association; its member directory is the best lead-gen source for Swiss Kitas. Use for sourcing, not selling.",Decision maker NOT confirmed by search in this session (search budget exhausted); verify via Impressum/LinkedIn before outreach.,Site counts from prior knowledge; verify.,1,https://www.kibesuisse.ch; https://www.moneyhouse.ch,dach.json,,,
Foley's School,private school with nursery,CY,,Limassol,Limassol,https://www.foleysschool.com,1 campus,,,Private,,,,,,,Long-established Limassol private school with nursery and pre-school departments.,,Not verified by web search this session (search budget exhausted after 24 queries); from prior knowledge - verify before outreach.,1,https://www.foleysschool.com,south.json,,,
Highgate Private School,private school with nursery,CY,,Nicosia,Nicosia,https://www.highgateschool.ac.cy,1 campus,,,Private,,,,,,,Highgate offers nursery/pre-school through primary in Nicosia.,,Not verified by web search this session (search budget exhausted after 24 queries); from prior knowledge - verify before outreach.,1,https://www.highgateschool.ac.cy,south.json,,,
Little Mole / Krteček English preschools Prague,independent,CZ,,Prague,,,,,,,,,,,,,An English-language preschool brand in Prague referenced in the brief; existence and details could not be verified this session.,,Organisation known from prior knowledge only; NOT verified by web search in this session (search budget exhausted). Verify before outreach. Decision maker not confirmed in this session (search budget exhausted); verify via website/LinkedIn/registry.,1,,cee.json,,,
Bavarian International School - Early Childhood (Haimhausen/Munich),international-school-kindergarten,DE,,Haimhausen,Haimhausen,https://www.bis-school.com,1 site (or network - see background),,,privately owned / non-profit (site-level),,Early Childhood Principal,,,,,Large IB world school with Early Childhood Center on two campuses.,Decision maker NOT confirmed by search in this session (search budget exhausted); verify via Impressum/LinkedIn before outreach.,Director not confirmed - budget for web search was exhausted before independents could be verified.,1,https://www.bis-school.com,dach.json,,,
Berlin Cosmopolitan School - Kindergarten/Preschool,international-school-kindergarten,DE,,Berlin,Berlin,https://www.cosmopolitanschool.de,1 site (or network - see background),,,privately owned / non-profit (site-level),,Head of Preschool,,,,,Bilingual international school in Berlin-Mitte with Kindergarten from age 1; IB continuum.,Decision maker NOT confirmed by search in this session (search budget exhausted); verify via Impressum/LinkedIn before outreach.,Director not confirmed - budget for web search was exhausted before independents could be verified.,1,https://www.cosmopolitanschool.de,dach.json,,,
Berlin International School - Early Childhood,international-school-kindergarten,DE,,Berlin,Berlin,https://www.berlin-international-school.de,1 site (or network - see background),,,privately owned / non-profit (site-level),,Early Years Principal,,,,,Part of Private Kant-Schulen group; kindergarten from age 3.,Decision maker NOT confirmed by search in this session (search budget exhausted); verify via Impressum/LinkedIn before outreach.,Director not confirmed - budget for web search was exhausted before independents could be verified.,1,https://www.berlin-international-school.de,dach.json,,,
Berlin Metropolitan School - Kindergarten,international-school-kindergarten,DE,,Berlin,Berlin,https://www.metropolitanschool.com,1 site (or network - see background),,,privately owned / non-profit (site-level),,Head of Early Childhood,,,,,Bilingual IB school with kindergarten in Berlin-Mitte.,Decision maker NOT confirmed by search in this session (search budget exhausted); verify via Impressum/LinkedIn before outreach.,Director not confirmed - budget for web search was exhausted before independents could be verified.,1,https://www.metropolitanschool.com,dach.json,,,
Dresden International School - Kindergarten,international-school-kindergarten,DE,,Dresden,Dresden,https://www.dresden-is.de,1 site (or network - see background),,,privately owned / non-profit (site-level),,Head of Kindergarten,,,,,IB school with bilingual kindergarten from age 1.,Decision maker NOT confirmed by search in this session (search budget exhausted); verify via Impressum/LinkedIn before outreach.,Director not confirmed - budget for web search was exhausted before independents could be verified.,1,https://www.dresden-is.de,dach.json,,,
Frankfurt International School - Elementary/Early Years,international-school-kindergarten,DE,,Oberursel,Oberursel,https://www.fis.edu,1 site (or network - see background),,,privately owned / non-profit (site-level),,Elementary/Early Years Principal,,,,,One of Germany's largest international schools; early years from age 3.,Decision maker NOT confirmed by search in this session (search budget exhausted); verify via Impressum/LinkedIn before outreach.,Director not confirmed - budget for web search was exhausted before independents could be verified.,1,https://www.fis.edu,dach.json,,,
International School of Düsseldorf - Kindergarten,international-school-kindergarten,DE,,Düsseldorf,Düsseldorf,https://www.isdedu.de,1 site (or network - see background),,,privately owned / non-profit (site-level),,Elementary Principal,,,,,IB school with kindergarten from age 3.,Decision maker NOT confirmed by search in this session (search budget exhausted); verify via Impressum/LinkedIn before outreach.,Director not confirmed - budget for web search was exhausted before independents could be verified.,1,https://www.isdedu.de,dach.json,,,
International School of Hamburg - Early Years,international-school-kindergarten,DE,,Hamburg,Hamburg,https://www.ishamburg.org,1 site (or network - see background),,,privately owned / non-profit (site-level),,Early Years Principal,,,,,Germany's oldest international school (1957) with early years programme.,Decision maker NOT confirmed by search in this session (search budget exhausted); verify via Impressum/LinkedIn before outreach.,Director not confirmed - budget for web search was exhausted before independents could be verified.,1,https://www.ishamburg.org,dach.json,,,
Kinderhaus Regenbogen (Waldorf) Berlin,independent,DE,,Berlin,Berlin,https://www.waldorfkindergarten-berlin.de,1 site (or network - see background),,,privately owned / non-profit (site-level),,Leitung,,,,,Representative Berlin Waldorf kindergarten; verify name.,Decision maker NOT confirmed by search in this session (search budget exhausted); verify via Impressum/LinkedIn before outreach.,Director not confirmed - budget for web search was exhausted before independents could be verified.,1,https://www.waldorfkindergarten-berlin.de,dach.json,,,
Montessori Landesverband Bayern / Montessori Kinderhaus München (network),independent,DE,,München,München,https://www.montessoribayern.de,1 site (or network - see background),,,privately owned / non-profit (site-level),,Geschäftsführung,,,,,Bavaria's Montessori association covering c. 100 Kinderhäuser; channel-partner lead.,Decision maker NOT confirmed by search in this session (search budget exhausted); verify via Impressum/LinkedIn before outreach.,Director not confirmed - budget for web search was exhausted before independents could be verified.,1,https://www.montessoribayern.de,dach.json,,,
Munich International School - Early Childhood,international-school-kindergarten,DE,,Starnberg,Starnberg,https://www.mis-munich.de,1 site (or network - see background),,,privately owned / non-profit (site-level),,Head of Early Childhood,,,,,Established 1966; Early Childhood Center for ages 4-5.,Decision maker NOT confirmed by search in this session (search budget exhausted); verify via Impressum/LinkedIn before outreach.,Director not confirmed - budget for web search was exhausted before independents could be verified.,1,https://www.mis-munich.de,dach.json,,,
Waldkindergarten Flensburg e.V.,independent,DE,,Flensburg,Flensburg,https://www.waldkindergarten-flensburg.de,1 site (or network - see background),,,privately owned / non-profit (site-level),,Leitung,,,,,"Germany's first forest kindergarten (1993), model for 2,000+ Waldkitas nationwide.",Decision maker NOT confirmed by search in this session (search budget exhausted); verify via Impressum/LinkedIn before outreach.,Director not confirmed - budget for web search was exhausted before independents could be verified.,1,https://www.waldkindergarten-flensburg.de,dach.json,,,
Waldorfkindergarten-Seminar / Vereinigung der Waldorfkindergärten (network of c. 600 Waldorf Kitas),independent,DE,,Neustadt an der Weinstraße,Neustadt an der Weinstraße,https://www.waldorfkindergarten.de,1 site (or network - see background),,,privately owned / non-profit (site-level),,Geschäftsführung,,,,,Umbrella association of c. 600 Waldorf kindergartens in Germany; useful as channel partner rather than single site.,Decision maker NOT confirmed by search in this session (search budget exhausted); verify via Impressum/LinkedIn before outreach.,Director not confirmed - budget for web search was exhausted before independents could be verified.,1,https://www.waldorfkindergarten.de,dach.json,,,
Bjørn's International School,international school,DK,,Copenhagen (Østerbro),,https://b-i-s.dk,,,,non-profit,,,,,,,Small international school with kindergarten/preschool in Copenhagen. Not verified.,,from background knowledge only - NOT verified by search in this session; decision maker not confirmed,1,,nordics.json,,,
Fonden Mariehønen / private daginstitution chains (placeholder),private daycare operator,DK,,,,,,,,foundation,,,,,,,Placeholder for Danish private daginstitution chains to be identified via the institutionsregister export (filter ejerform = privat). Not researched in this session.,,placeholder - needs research,1,,nordics.json,,,
Frie Børnehaver og Fritidshjem,association (historic),DK,,Copenhagen,,,,,,non-profit,,,,,,,Historic landsforening for private børnehaver; functions believed merged into FOBU. Not verified in this session.,,from background knowledge only - NOT verified by search in this session; decision maker not confirmed,1,,nordics.json,,,
Lastekeskus Sajajalgne,private kindergarten,EE,,Tallinn,,https://sajajalgne.ee,1 (2025),,,Private,,,,,,,Sajajalgne is a homey private kindergarten/children's centre in Tallinn. It appears in Tallinn eralasteaed search results. Decision maker not confirmed via search; verify on website/registry before outreach. Single site. Low priority.,,,1,https://sajajalgne.ee/,other.json,,,
Britania Nursery School (Escuela Infantil Britania),independent private 0-3 nursery,ES,,Alicante,"Avenida de Ansaldo 14, Alicante",https://escuelainfantilbritania.com,1,,,Private,,,,,,,"Britania Nursery School is a private, Consellería-authorised 0-3 centre in Alicante with an English-immersion profile. Single-site owner-operated.",,Director not confirmed.,1,https://escuelainfantilbritania.com/en/home-english/; https://www.micole.net/alicante/alicante/escuela-infantil-britania,south.json,,,
Caperucita Roja (franchise),private 0-3 franchise,ES,,,,https://www.franquicias.es/sectores-espana/ensenanza-y-formacion/caperucita-roja,,,,Private franchise,,,,,,,Caperucita Roja is listed as an early-years franchise in the franquicias.es directory. Footprint and leadership unverified. Qualify before outreach.,,Not confirmed.,1,https://www.franquicias.es/sectores-espana/ensenanza-y-formacion/caperucita-roja,south.json,,,
Cei Monkey (franchise),private bilingual 0-3 franchise,ES,,,,https://www.mundofranquicia.com/franquicia/academias-ingles/escuelas-infantiles/cei-monkey/,,,,Private franchise,,,,,,,Cei Monkey appears in Spanish franchise directories as a bilingual early-years centre concept. Details on footprint and ownership were not retrievable within this session. Low-priority lead pending verification.,,Not confirmed.,1,https://www.mundofranquicia.com/franquicia/academias-ingles/escuelas-infantiles/cei-monkey/,south.json,,,
Escuela Infantil Sanipeques - managed by Koala/Clece,independent nursery (concession-managed),ES,,,,,1,,,Managed by Koala Escuelas Infantiles (Clece),Idayra Beltrán,Directora pedagógica,,,,922 393 519,Sanipeques is a Koala-managed escuela infantil cited by Clece for special educational projects on empathy and autonomy. Idayra Beltrán is pedagogical director.,,Director confirmed in Clece blog; city not confirmed.,1,https://clece.es/es/2021/04/19/proyectos-educativos-especiales-en-las-escuelas-infantiles-que-estimulan-la-empatia-y-autonomia-de-los-ninos/,south.json,,,
Escuelas Infantiles Garden (Madrid),small private bilingual chain,ES,,Madrid,Madrid,https://escuelasinfantilesgarden.es,,,,Private,,,,,,,Escuelas Infantiles Garden runs bilingual nurseries in Madrid under the Garden brand. Number of centres and leadership not confirmed. Small lead.,,Not confirmed.,1,https://escuelasinfantilesgarden.es/,south.json,,,
Kids&Us Manresa (flagship centre),independent franchised language centre (ages 1-18),ES,,Manresa,"Carrer Sant Fruitós 18-20, Manresa",https://www.kidsandus.es/en/academias-ingles/manresa,1,,,Franchisee of Kids&Us,Marta Illa,Directora del centro,,,direccio.manresa@kidsandus.es,93 872 86 06 / 93 877 00 85,"The original Kids&Us centre in Manresa, directed by Marta Illa. Language provision, not daycare.",,Director confirmed on official site.,1,https://www.kidsandus.es/en/academias-ingles/manresa,south.json,,,https://www.kidsandus.es/en/academias-ingles/manresa; https://www.facebook.com/kidsUsManresa/about
Aarresaari päiväkodit,regional chain,FI,,,,,,,,not verified,,,,,,,Regional private päiväkoti brand. Not verified in this session.,,from background knowledge only - NOT verified by search in this session; decision maker not confirmed,1,,nordics.json,,,
English Playschool / Finnish-English kindergartens,independent bilingual preschools,FI,,Helsinki,,,,,,non-profit/association (not verified),,,,,,,Long-running English-language playschools in Helsinki region. Not verified.,,from background knowledge only - NOT verified by search in this session; decision maker not confirmed,1,,nordics.json,,,
Bpifrance,investor,FR,FR,Paris,,https://www.bpifrance.fr/,,,,French state investment bank,,,,,,,Bpifrance is a minority investor in La Maison Bleue (2016) and has historically supported French crèche groups. Sector partners: La Maison Bleue. Low direct relevance.,not confirmed,,1,https://www.unquote.com/france/official-record/3002181/towerbrook-bpi-take-minority-stake-in-la-maison-bleue,paneuro.json,,,
Hébé (Les crèches Hébé),micro-crèche network,FR,,,,,,,,,,,,,,,Hébé is cited in 2025 French market overviews as a notable micro-crèche network. No further details confirmed in this session.,,decision maker not confirmed by search in this session (search budget exhausted); verify before outreach,1,https://modelesdebusinessplan.com/blogs/infos/marche-creches-chiffres,fr_benelux.json,,,
Kids Up (acquired by La Maison Bleue),crèche group (subsidiary),FR,,,,,,,,PE-backed (part of La Maison Bleue / Antin),,,,,,,Kids Up was a French crèche group acquired by La Maison Bleue (Racine advised on the deal). Now integrated; approach via La Maison Bleue HQ.,,decision maker not confirmed by search in this session (search budget exhausted); verify before outreach,1,https://www.lemondedudroit.fr/deals/76450-racine-conseille-le-groupe-la-maison-bleue-dans-le-cadre-de-l-acquisition-du-groupe-kids-up.html,fr_benelux.json,,,
Broomwood Pre-Prep (Northwood Schools),independent,GB,,London (Clapham),not confirmed,https://www.broomwood.com,-,,,independent school group,,,,,,,Pre-prep with nursery. Verify.,,from prior knowledge - NOT confirmed by search this session; verify before outreach,1,https://www.broomwood.com,uk_ie.json,,,
Bumble Bee Nursery,independent,GB,,not confirmed,not confirmed,not confirmed,-,,,not confirmed,,,,,,,Placeholder. Verify.,,from prior knowledge - NOT confirmed by search this session; verify before outreach,1,,uk_ie.json,,,
Cairellot / Enchanted Forest? (Scotland placeholder),chain,GB,,Scotland,not confirmed,not confirmed,not confirmed,,,not confirmed,,,,,,,Placeholder for Scottish regional groups; Enchanted Forest is now part of Thrive.,,from prior knowledge - NOT confirmed by search this session; verify before outreach,1,,uk_ie.json,,,
Cambridge Early Years / Cambridge Day Nurseries? (placeholder),chain,GB,,not confirmed,not confirmed,not confirmed,not confirmed,,,not confirmed,,,,,,,Placeholder to verify.,,from prior knowledge - NOT confirmed by search this session; verify before outreach,1,,uk_ie.json,,,
Cheeky Monkeys Nursery,independent,GB,,not confirmed,not confirmed,not confirmed,-,,,not confirmed,,,,,,,Placeholder. Verify.,,from prior knowledge - NOT confirmed by search this session; verify before outreach,1,,uk_ie.json,,,
Clever Clogs Nurseries,chain,GB,,Scotland? - verify,not confirmed,not confirmed,not confirmed,,,not confirmed,,,,,,,Named in brief; several small groups use this name. Verify.,,from prior knowledge - NOT confirmed by search this session; verify before outreach,1,,uk_ie.json,,,
Cowgate Under 5's Centre,independent,GB,,Edinburgh,not confirmed,not confirmed,1,,,local authority,not applicable,,,,admin@cowgate-nur.edin.sch.uk,0131 225 7251,Well-known Froebelian council nursery; not a private operator.,,from prior knowledge - NOT confirmed by search this session; verify before outreach,1,,uk_ie.json,,,https://www.edinburgh.gov.uk/directory-record/1581147/cowgate-centre; https://www.cowgateunder5scentre.co.uk/index.php/health-safety-and-wellbeing/
Daisy Chain Nursery (placeholder),independent,GB,,not confirmed,not confirmed,not confirmed,-,,,not confirmed,,,,,,,Placeholder. Verify.,,from prior knowledge - NOT confirmed by search this session; verify before outreach,1,,uk_ie.json,,,
Eaton House Schools (pre-prep/nursery),independent,GB,,London,not confirmed,https://www.eatonhouseschools.com,4 schools,,,Dukes Education (prior knowledge),,,,,,,Independent pre-prep with nursery classes. Verify.,,from prior knowledge - NOT confirmed by search this session; verify before outreach,1,https://www.eatonhouseschools.com,uk_ie.json,,,
Fledglings Nursery Group,chain,GB,,not confirmed,not confirmed,not confirmed,not confirmed,,,not confirmed,,,,,,,Named in brief; could not be researched. Verify.,,from prior knowledge - NOT confirmed by search this session; verify before outreach,1,,uk_ie.json,,,
Hilltop Nursery? (placeholder),independent,GB,,not confirmed,not confirmed,not confirmed,-,,,not confirmed,,,,,,,Placeholder. Verify.,,from prior knowledge - NOT confirmed by search this session; verify before outreach,1,,uk_ie.json,,,
Hopscotch Children's Nurseries,chain,GB,,Sussex / South East - verify,not confirmed,not confirmed,c.10 nurseries (prior knowledge),,,founder-owned,,,,,,,Named in brief; regional South-East group. Verify.,,from prior knowledge - NOT confirmed by search this session; verify before outreach,1,,uk_ie.json,,,
Hungry Caterpillars Day Nurseries,chain,GB,,Hertfordshire / North London,not confirmed,https://www.hungrycaterpillars.co.uk,c.10 nurseries (prior knowledge; reportedly acquired by Grandir UK - verify),,,acquired (verify),,,,,,,Herts/North London group; believed to have joined Grandir UK. Verify status.,,from prior knowledge - NOT confirmed by search this session; verify before outreach,1,https://www.hungrycaterpillars.co.uk,uk_ie.json,,,
Kinder Haven / Blue Bell? (placeholder),chain,GB,,not confirmed,not confirmed,not confirmed,not confirmed,,,not confirmed,,,,,,,Placeholder to verify.,,from prior knowledge - NOT confirmed by search this session; verify before outreach,1,,uk_ie.json,,,
Kinderhaus? (placeholder),independent,GB,,not confirmed,not confirmed,not confirmed,-,,,not confirmed,,,,,,,Placeholder. Verify.,,from prior knowledge - NOT confirmed by search this session; verify before outreach,1,,uk_ie.json,,,
Lime Tree Day Nursery,independent,GB,,Manchester (Sale),not confirmed,not confirmed,1-2,,,founder-owned,,,,,,,Placeholder independent. Verify.,,from prior knowledge - NOT confirmed by search this session; verify before outreach,1,,uk_ie.json,,,
Little Acorns Nursery,independent,GB,,not confirmed,not confirmed,not confirmed,-,,,not confirmed,,,,,,,Placeholder. Verify.,,from prior knowledge - NOT confirmed by search this session; verify before outreach,1,,uk_ie.json,,,
Little Dreams Nursery Group,chain,GB,,not confirmed,not confirmed,not confirmed,not confirmed,,,not confirmed,,,,,,,Named in brief; could not be researched. Verify.,,from prior knowledge - NOT confirmed by search this session; verify before outreach,1,,uk_ie.json,,,
Little Explorers (placeholder),independent,GB,,not confirmed,not confirmed,not confirmed,-,,,not confirmed,,,,,,,Placeholder. Verify.,,from prior knowledge - NOT confirmed by search this session; verify before outreach,1,,uk_ie.json,,,
Little Learners (Little Learners Group),chain,GB,,Lancashire / UK - verify,not confirmed,https://www.daynurseries.co.uk,several settings (prior knowledge; multiple groups share the name),,,founder-owned,,,,,,,Multiple regional operators trade as Little Learners; verify which entity is intended. Placeholder for research.,,from prior knowledge - NOT confirmed by search this session; verify before outreach,1,https://www.daynurseries.co.uk,uk_ie.json,,,
Magic Roundabout Nurseries,independent,GB,,London,not confirmed,not confirmed,c.4 (prior knowledge),,,founder-owned,,,,,,,Placeholder. Verify.,,from prior knowledge - NOT confirmed by search this session; verify before outreach,1,,uk_ie.json,,,
Nursery Village,chain,GB,,not confirmed,not confirmed,not confirmed,not confirmed,,,not confirmed,,,,,,,Named in brief; could not be researched before search budget was exhausted. Verify existence and details.,,from prior knowledge - NOT confirmed by search this session; verify before outreach,1,,uk_ie.json,,,
Nurture Childcare / Cherubs Nurseries,chain,GB,,Nottinghamshire - verify,not confirmed,not confirmed,c.15 nurseries (prior knowledge),,,founder-owned,,,,,,,East Midlands regional group. Verify.,,from prior knowledge - NOT confirmed by search this session; verify before outreach,1,,uk_ie.json,,,
Pebbles Childcare,independent,GB,,Worthing (Sussex),not confirmed,not confirmed,1-2,,,founder-owned,,,,,,,Placeholder. Verify.,,from prior knowledge - NOT confirmed by search this session; verify before outreach,1,,uk_ie.json,,,
Poppies Day Nursery,independent,GB,,not confirmed,not confirmed,not confirmed,-,,,not confirmed,,,,,,,Placeholder. Verify.,,from prior knowledge - NOT confirmed by search this session; verify before outreach,1,,uk_ie.json,,,
Rainbow Day Nurseries? (placeholder),chain,GB,,not confirmed,not confirmed,not confirmed,not confirmed,,,not confirmed,,,,,,,Placeholder to verify.,,from prior knowledge - NOT confirmed by search this session; verify before outreach,1,,uk_ie.json,,,
Riverside Nursery Schools (Little Dukes),independent,GB,,Twickenham,not confirmed,https://www.riversidenurseryschools.com,c.5 (prior knowledge),,,part of Dukes Education,,,,,,,South-west London nursery schools now within Little Dukes.,,from prior knowledge - NOT confirmed by search this session; verify before outreach,1,https://www.riversidenurseryschools.com,uk_ie.json,,,
Snapdragons (see group),independent,GB,,Bath,not confirmed,https://www.snapdragonsnursery.com,-,,,founder-owned,,,,,,,Listed as group above.,,from prior knowledge - NOT confirmed by search this session; verify before outreach,1,https://www.snapdragonsnursery.com,uk_ie.json,,,
Souter Investments,investor,GB,GB,Edinburgh,,https://www.souterinvestments.com/,,,,Family office (Sir Brian Souter),,,,,,,Souter Investments is a co-investor in Kids Planet (portfolio page). Sector partner: Kids Planet.,not confirmed,,1,https://www.souterinvestments.com/portfolio/kids-planet,paneuro.json,,,
Tiddlywinks Nursery,independent,GB,,Manchester/Bury,not confirmed,not confirmed,c.5 (prior knowledge),,,founder-owned,,,,,,,Placeholder. Verify.,,from prior knowledge - NOT confirmed by search this session; verify before outreach,1,,uk_ie.json,,,
Twinkle Twinkle Day Nursery,independent,GB,,not confirmed,not confirmed,not confirmed,-,,,not confirmed,,,,,,,Placeholder. Verify.,,from prior knowledge - NOT confirmed by search this session; verify before outreach,1,,uk_ie.json,,,
Willows Nursery (placeholder),independent,GB,,not confirmed,not confirmed,not confirmed,-,,,not confirmed,,,,,,,Placeholder. Verify.,,from prior knowledge - NOT confirmed by search this session; verify before outreach,1,,uk_ie.json,,,
Woodentots Nursery,independent,GB,,not confirmed,not confirmed,not confirmed,-,,,not confirmed,,,,,,,Placeholder. Verify.,,from prior knowledge - NOT confirmed by search this session; verify before outreach,1,,uk_ie.json,,,
Pierce - The American College of Greece,private school (K-12) with kindergarten-adjacent early years,GR,,Agia Paraskevi (Athens),Agia Paraskevi,https://www.pierce.gr,1 campus,,,Non-profit (ACG),,,,,,,"Pierce is ACG's K-12 school; early years intake is primarily gymnasium-plus, so limited 0-6 relevance. Included for completeness; verify early-years provision.",,Not verified by web search this session (search budget exhausted after 24 queries); from prior knowledge - verify before outreach.,1,https://www.pierce.gr,south.json,,,
"Hungarian private óvoda chains (Lifeschool, Greenhouse, Bright Start, Hüvelyk, Habakuk – per brief)",unverified brands,HU,,,,,,,,,,,,,,,The brief lists several Hungarian private-kindergarten brand names; none could be verified this session because the search budget was exhausted. Use KIR intézménykereső (see sources file) to pull all 'óvoda' with fenntartó type 'egyéb/alapítványi/egyházi' to build the domestic list.,,Placeholder – verify each brand via KIR.,1,,cee.json,,,
Lauder Javne Iskola és Óvoda,independent (foundation) school with kindergarten,HU,,Budapest,,https://www.lauder.hu,,,,Foundation (Lauder),,,,,,,Lauder Javne is a Budapest Jewish community school with an óvoda (kindergarten) section. Leadership not confirmed this session.,,Organisation known from prior knowledge only; NOT verified by web search in this session (search budget exhausted). Verify before outreach. Decision maker not confirmed in this session (search budget exhausted); verify via website/LinkedIn/registry.,1,https://www.lauder.hu,cee.json,,,
Childhood Services? (placeholder),chain,IE,,not confirmed,not confirmed,not confirmed,not confirmed,,,not confirmed,,,,,,,Could not confirm. Verify.,,from prior knowledge - NOT confirmed by search this session; verify before outreach,1,,uk_ie.json,,,
Grandir Ireland? (placeholder),chain,IE,,not confirmed,not confirmed,not confirmed,not confirmed,,,not confirmed,,,,,,,Could not confirm a Grandir Ireland presence. Verify.,,from prior knowledge - NOT confirmed by search this session; verify before outreach,1,,uk_ie.json,,,
Once Upon a Time Creche (IE placeholder),independent,IE,,Dublin,not confirmed,not confirmed,-,,,not confirmed,,,,,,,Placeholder. Verify.,,from prior knowledge - NOT confirmed by search this session; verify before outreach,1,,uk_ie.json,,,
Sunflower Creche (IE placeholder),independent,IE,,Ireland,not confirmed,not confirmed,-,,,not confirmed,,,,,,,Placeholder. Verify.,,from prior knowledge - NOT confirmed by search this session; verify before outreach,1,,uk_ie.json,,,
Wonder Years Childcare (IE placeholder),independent,IE,,Ireland,not confirmed,not confirmed,-,,,not confirmed,,,,,,,Placeholder. Verify.,,from prior knowledge - NOT confirmed by search this session; verify before outreach,1,,uk_ie.json,,,
Liechtensteinische Waldorfschule - Kindergarten,independent,LI,,Schaan,Schaan,https://www.waldorfschule.li,1 site (or network - see background),,,privately owned / non-profit (site-level),,Kindergarten Leitung,,,,,Waldorf school in Schaan with kindergarten.,Decision maker NOT confirmed by search in this session (search budget exhausted); verify via Impressum/LinkedIn before outreach.,Director not confirmed - budget for web search was exhausted before independents could be verified.,1,https://www.waldorfschule.li,dach.json,,,
formatio Privatschule / Kindergarten (Triesen),independent,LI,,Triesen,Triesen,https://www.formatio.li,1 campus (Kindergarten through Gymnasium),,,privately owned,,,,,,,formatio is Liechtenstein's private bilingual school with an integrated Kindergarten. Hooks: single-site premium.,Decision maker NOT confirmed by search in this session (search budget exhausted); verify via Impressum/LinkedIn before outreach.,,1,https://www.formatio.li,dach.json,,,
Nendrė (VšĮ),non-profit kindergarten,LT,,Vilnius,"Giedraičių g. 16A-6, Vilnius (Šnipiškės)",,1 (2025),,,"Non-profit (VšĮ), est. 1998",,,,,,,"Nendrė is a non-profit kindergarten established in 1998 in Šnipiškės, Vilnius, focused on inclusive education for children with and without disabilities. It hosts European Solidarity Corps volunteers. Decision maker not confirmed via search; verify on website/registry before outreach. Single site. Low priority commercially.",,,1,https://youth.europa.eu/volunteering/organisation/48368_en,other.json,,,
Zeltābele,private kindergarten,LV,,Riga,"Miera iela 56, Riga",,1 (2025),,,Private,,,,,,,Zeltābele is a private kindergarten in central Riga (Miera 56). Decision maker not confirmed via search; verify on website/registry before outreach. Single site. Low priority.,,,1,https://medicine.lv/infolapa/?c=zeltabele-privatais-bernudarzs,other.json,,,
Akasia Barnehage AS,church-owned chain,NO,,Bergen,,https://akasia.no,20 barnehager (18 Bergen + Sola + Valen) before 2021; 18 Bergen units sold to Bergen kommune 2021,,,non-profit (Akasia AS owned by 25 Bergen parishes / Bergen kirkelige fellesråd),,,,"Edle Damm - daglig leder, Akasia Sædalen barnehage",,,"Akasia was the church-owned kindergarten operator in Bergen (~550 staff). After a double-rent controversy (NRK 2019), Bergen kommune bought 18 Akasia barnehager in 2021, taking on ~NOK 0.5bn debt. Remaining activity is small; low priority as an operator lead.",,verified via WebSearch snippet (2026-09),1,https://www.barnehage.no/akasia-bergen/bergen-kommune-vil-kjope-18-akasia-barnehager/216027; https://www.kirken.no/nb-NO/fellesrad/Bergen/oppslagstavle/18%20akasiabarnehager%20blir%20kommunale/,nordics.json,,,
Gnisten Barnehage SA,independent (cooperative),NO,,,,https://gnisten.barnehage.no/,,,,,,,,,,,,,found in search; director not confirmed,1,https://gnisten.barnehage.no/,nordics.json,,,
"Idun FUS barnehage (Sagene, Oslo)",independent unit (FUS chain),NO,,Oslo,,https://fus.no/idun,,,,,Cathrine (surname not shown in snippet),Daglig leder,,,,24 07 60 05,,,partial name only; chain unit,1,https://fus.no/idun,nordics.json,"dl.idun@bhg.no (Cathrine Lauvrak Andersen, Daglig leder)",,https://fus.no/idun; https://fus.no/idun/ansatte-i-barnehagen
Kinland (Whitehelm Capital / Patrizia),investor,NO,NO; SE; FI; NL; DE,Oslo,,https://kinland.no/,,,,Whitehelm Capital (Patrizia) portfolio company,,CEO Kinland - not confirmed,,,,,Kinland is a social-infrastructure real-estate owner that acquired preschool property portfolios from Norlandia and PPG and 29 preschool properties across Europe; it leases to operators such as Norlandia and Dibber. Useful as a landlord-side entry to the Nordic operators; low direct software relevance.,not confirmed,,1,https://kinland.no/kinland-acquires-preschool-portfolio-from-ppg-and-norlandia/; https://irei.com/news/whitehelm-capital-portfolio-company-acquires-29-preschool-properties-europe/,paneuro.json,,,
Emotka – franczyza edukacyjna,education franchise (emotional-intelligence classes for preschools; note: not an operator),PL,,,,https://franczyza.emotka.edu.pl,,,,,,,,,,,Emotka sells a franchise for emotional-intelligence classes delivered in preschools. Not a kindergarten operator – listed as a channel partner/aggregator that reaches many preschools.,,"Channel partner, not operator.",1,https://franczyza.emotka.edu.pl/,cee.json,,,
Happy Kids Osowa (Gdańsk),independent,PL,,Gdańsk,,https://www.happykidsosowa.pl,1,,,Private,,,,,,,"Happy Kids Osowa is an independent language preschool in Gdańsk-Osowa, unrelated to the Kraków Happy Kids chain. Included as a notable independent; director not confirmed.",,Decision maker not confirmed in this session (search budget exhausted); verify via website/LinkedIn/registry.,1,https://www.happykidsosowa.pl/,cee.json,,,
Tuptusie (przedszkola integracyjne),small network (independent sites under shared brand),PL,,Wieliczka / Grodzisk Mazowiecki,,https://tuptusie.edu.pl,≥3 (Wieliczka; Radwanice/Siechnice; Grodzisk Mazowiecki),,,Private,,,,,,,"Tuptusie is a brand used by several integrative preschools in Poland (Wieliczka near Kraków, Radwanice near Wrocław, Grodzisk Mazowiecki near Warsaw), one with a tennis profile. It appears to be a loose network rather than a single company. Owner(s) not confirmed.",,Decision maker not confirmed in this session (search budget exhausted); verify via website/LinkedIn/registry.,1,https://tuptusie.edu.pl/; https://tuptusie.pl/; http://www.przedszkole-tuptusie.pl/,cee.json,,,
Acorns British Nursery & Preschool,independent,RO,,Bucharest,,https://www.acorns.ro,,,,Private,,,,,,,Acorns is a British-style nursery/preschool in Bucharest. Management not verified this session.,,Organisation known from prior knowledge only; NOT verified by web search in this session (search budget exhausted). Verify before outreach. Decision maker not confirmed in this session (search budget exhausted); verify via website/LinkedIn/registry.,1,https://www.acorns.ro,cee.json,,,
Happy Kids Romania,unverified,RO,,,,,,,,,,,,,,,Brand referenced in the brief; not verified this session.,,Organisation known from prior knowledge only; NOT verified by web search in this session (search budget exhausted). Verify before outreach. Decision maker not confirmed in this session (search budget exhausted); verify via website/LinkedIn/registry.,1,,cee.json,,,
Little Learners Kindergarten Bucharest,independent,RO,,Bucharest,,,,,,,,,,,,,Little Learners is a Bucharest private kindergarten brand referenced in the brief; not verified this session.,,Organisation known from prior knowledge only; NOT verified by web search in this session (search budget exhausted). Verify before outreach. Decision maker not confirmed in this session (search budget exhausted); verify via website/LinkedIn/registry.,1,,cee.json,,,
Mega Kids,private kindergarten and nursery,RS,,Belgrade,Belgrade,,1+ (2025),,,Private,,,,,,,Mega Kids is a private kindergarten and nursery in Belgrade listed on vrticibeograd.rs. Decision maker not confirmed via search; verify on website/registry before outreach. Low priority.,,,1,https://vrticibeograd.rs/privatni-vrtic-i-jaslice-mega-kids/,other.json,,,
Vrtić Magnolija,private kindergarten and nursery,RS,,Belgrade,Belgrade,https://magnolijavrtic.rs,1+ (2025),,,Private,,,,,,,Magnolija is a private kindergarten and nursery in Belgrade. Decision maker not confirmed via search; verify on website/registry before outreach. Low priority.,,,1,https://magnolijavrtic.rs/,other.json,,,
"Mellby Gård / EQT (AcadeMedia shareholders, historic)",investor,SE,SE,Malmö / Stockholm,,https://www.mellbygard.se/,,,,Family investment company,,,,,,,EQT owned AcadeMedia until its 2016 IPO; Mellby Gård is today the largest shareholder (prior knowledge). Sector partner: AcadeMedia. Low direct relevance.,not confirmed,,1,,paneuro.json,,,
Temasek Holdings,investor,SG,SG,Singapore,,https://www.temasek.com.sg/,,,,Singapore sovereign investor,,,,,,,"Temasek took a strategic minority stake in Busy Bees in 2017, supporting its Asian expansion. Sector partner: Busy Bees. Low direct relevance for European vendor sales.",not confirmed,,1,https://www.unquote.com/uk/official-record/3007995/ontario-teachers-partially-divests-busy-bees-to-temasek,paneuro.json,,,
Bisergora Montessori,private Montessori kindergarten,SI,,Ljubljana,Ljubljana-Bežigrad,,1 (2025),,,Private,,,,,,,Bisergora is a private Montessori kindergarten in Bežigrad. Decision maker not confirmed via search; verify on website/registry before outreach. Low priority.,,,1,https://www.moja-dejavnost.si/najboljsi-zasebni-vrtec-ljubljana-bezigrad/bisergora-montessori,other.json,,,
Hiša otrok Montessori svet,private Montessori kindergarten,SI,,Ljubljana,Ljubljana,,1+ (2025),,,Private zavod,,,,,,,Montessori svet is a private Montessori kindergarten zavod in Ljubljana listed in the business register. Decision maker not confirmed via search; verify on website/registry before outreach. Low priority.,,,1,https://www.bizi.si/HISA-OTROK-MONTESSORI-SVET/poslovne-enote/,other.json,,,
"Zvezdica, zasebni zavod",private kindergarten with concession,SI,,Ljubljana,Ljubljana-Šiška,,1 (2025),,,Private zavod,,,,,,,Zvezdica is a private kindergarten in Šiška with a municipal concession. Decision maker not confirmed via search; verify on website/registry before outreach. Single site. Low priority.,,,1,https://www.moja-dejavnost.si/privatni-vrtec-ljubljana-siska/zvezdica-zasebni-zavod,other.json,,,
Forel International School (kindergarten),international school with kindergarten,SK,,Bratislava,,https://www.forel.sk,,,,Private,,,,,,,Forel International School in Bratislava operates a kindergarten and school. Leadership not confirmed this session.,,Organisation known from prior knowledge only; NOT verified by web search in this session (search budget exhausted). Verify before outreach. Decision maker not confirmed in this session (search budget exhausted); verify via website/LinkedIn/registry.,1,https://www.forel.sk,cee.json,,,
Little Big Ones – English kindergarten,independent / small chain,SK,,Bratislava,,,,,,,,,,,,,Little Big Ones is an English-speaking private kindergarten brand in Bratislava referenced in the brief; details not verified this session.,,Organisation known from prior knowledge only; NOT verified by web search in this session (search budget exhausted). Verify before outreach. Decision maker not confirmed in this session (search budget exhausted); verify via website/LinkedIn/registry.,1,,cee.json,,,
